,,,,,,,,Tackles,,,,,Vs Dribbles,,,,Pressures,,,,,,Blocks,,,,,,,,
Rk,Player,Nation,Pos,Squad,Age,Born,90s,Tkl,TklW,Def 3rd,Mid 3rd,Att 3rd,Tkl,Att,Tkl%,Past,Press,Succ,%,Def 3rd,Mid 3rd,Att 3rd,Blocks,Sh,ShSv,Pass,Int,Tkl+Int,Clr,Err,Matches
1,Patrick van Aanholt,nl NED,DF,Crystal Palace,30-130,1990,9.2,12,8,7,5,0,6,11,54.5,5,73,27,37,44,20,9,10,2,0,8,15,27,14,1,Matches
2,Tammy Abraham,eng ENG,FW,Chelsea,23-096,1997,8.7,5,2,1,3,1,0,3,0,3,113,26,23,8,49,56,7,2,0,5,2,7,11,0,Matches
3,Che Adams,eng ENG,FW,Southampton,24-177,1996,15,17,8,4,8,5,3,14,21.4,11,193,65,33.7,27,65,101,9,1,0,8,3,20,11,0,Matches
4,Tosin Adarabioyo,eng ENG,DF,Fulham,23-104,1997,11,16,10,14,2,0,7,10,70,3,51,14,27.5,40,10,1,9,6,0,3,12,28,69,0,Matches
5,Adrián,es ESP,GK,Liverpool,34-003,1987,2,0,0,0,0,0,0,0,,0,1,0,0,1,0,0,0,0,0,0,0,0,0,1,Matches
6,Sergio Agüero,ar ARG,FW,Manchester City,32-218,1988,1.6,0,0,0,0,0,0,1,0,1,19,4,21.1,4,3,12,3,0,0,3,0,0,1,0,Matches
7,Ola Aina,ng NGA,DF,Fulham,24-090,1996,12,21,11,13,6,2,7,15,46.7,8,98,25,25.5,53,36,9,17,3,0,14,19,40,43,0,Matches
8,Rayan Aït Nouri,fr FRA,DF,Wolves,19-214,2001,5.9,12,6,5,6,1,6,12,50,6,80,22,27.5,37,31,12,9,0,0,9,3,15,15,0,Matches
9,Semi Ajayi,ng NGA,DF,West Brom,27-058,1993,16,37,26,27,8,2,9,18,50,9,186,77,41.4,125,52,9,33,19,1,14,15,52,65,1,Matches
10,Nathan Aké,nl NED,DF,Manchester City,25-323,1995,5.2,5,2,3,1,1,2,2,100,0,29,11,37.9,9,14,6,4,1,0,3,3,8,14,0,Matches
11,Marc Albrighton,eng ENG,"DF,FW",Leicester City,31-049,1989,7.8,16,12,8,6,2,6,15,40,9,138,60,43.5,55,46,37,16,2,1,14,10,26,14,0,Matches
12,Thiago Alcántara,es ESP,MF,Liverpool,29-270,1991,2.7,6,6,2,4,0,3,6,50,3,35,11,31.4,6,21,8,3,0,0,3,4,10,3,0,Matches
13,Toby Alderweireld,be BEL,DF,Tottenham,31-310,1989,10.9,19,6,12,7,0,9,13,69.2,4,93,28,30.1,65,28,0,22,14,0,8,1,20,70,0,Matches
14,Trent Alexander-Arnold,eng ENG,DF,Liverpool,22-091,1998,13.5,20,10,9,8,3,12,18,66.7,6,117,39,33.3,44,40,33,15,2,0,13,7,27,18,1,Matches
15,Ezgjan Alioski,mk MKD,"DF,MF",Leeds United,28-329,1992,10.8,24,12,7,14,3,3,20,15,17,175,51,29.1,77,70,28,21,5,0,16,13,37,19,0,Matches
16,Alisson,br BRA,GK,Liverpool,28-096,1992,14,0,0,0,0,0,0,1,0,1,2,0,0,2,0,0,0,0,0,0,0,0,0,1,Matches
17,Allan,br BRA,MF,Everton,29-364,1991,11.4,36,24,16,18,2,13,46,28.3,33,309,89,28.8,136,154,19,23,6,0,17,7,43,13,0,Matches
18,Dele Alli,eng ENG,"MF,FW",Tottenham,24-270,1996,0.9,2,1,2,0,0,1,1,100,0,38,7,18.4,6,17,15,0,0,0,0,1,3,1,0,Matches
19,Miguel Almirón,py PAR,"MF,FW",Newcastle Utd,26-331,1994,9.4,18,9,10,6,2,5,22,22.7,17,181,36,19.9,71,69,41,18,1,0,17,11,29,11,1,Matches
20,Marcos Alonso,es ESP,DF,Chelsea,30-009,1990,2.5,1,0,0,1,0,0,3,0,3,37,11,29.7,22,11,4,8,1,0,7,1,2,10,0,Matches
21,Steven Alzate,co COL,MF,Brighton,22-120,1998,5.8,12,10,8,2,2,2,5,40,3,98,36,36.7,32,44,22,13,1,0,12,3,15,2,1,Matches
22,Daniel Amartey,gh GHA,DF,Leicester City,26-016,1994,2.9,2,1,0,1,1,1,3,33.3,2,25,7,28,13,9,3,4,1,0,3,3,5,12,0,Matches
23,Ethan Ampadu,wal WAL,"MF,DF",Sheffield Utd,20-114,2000,9.8,31,20,13,14,4,8,24,33.3,16,174,53,30.5,78,68,28,19,7,0,12,11,42,25,0,Matches
24,Joachim Andersen,dk DEN,DF,Fulham,24-220,1996,8.7,10,7,7,2,1,3,7,42.9,4,49,16,32.7,35,12,2,12,5,0,7,9,19,52,0,Matches
25,Felipe Anderson,br BRA,"FW,MF",West Ham,27-266,1993,0,1,1,0,1,0,0,2,0,2,3,1,33.3,1,2,0,0,0,0,0,0,1,0,0,Matches
26,Michail Antonio,eng ENG,FW,West Ham,30-284,1990,6.4,3,2,0,3,0,0,4,0,4,87,28,32.2,1,39,47,4,2,0,2,3,6,2,0,Matches
27,Alphonse Areola,fr FRA,GK,Fulham,27-314,1993,14,0,0,0,0,0,0,0,,0,2,0,0,2,0,0,0,0,0,0,0,0,0,0,Matches
28,Stuart Armstrong,sco SCO,MF,Southampton,28-282,1992,12.5,33,22,11,16,6,9,33,27.3,24,210,65,31,63,101,46,20,1,0,19,10,43,10,0,Matches
29,Kepa Arrizabalaga,es ESP,GK,Chelsea,26-095,1994,3,0,0,0,0,0,0,1,0,1,1,0,0,1,0,0,0,0,0,0,0,0,0,3,Matches
30,Pierre-Emerick Aubameyang,ga GAB,FW,Arsenal,31-202,1989,15,10,3,3,6,1,3,12,25,9,178,43,24.2,31,72,75,14,1,0,13,1,11,10,0,Matches
31,Serge Aurier,ci CIV,DF,Tottenham,28-013,1992,7.7,40,18,30,10,0,11,25,44,14,187,53,28.3,116,53,18,15,2,0,13,12,52,28,1,Matches
32,Charlie Austin,eng ENG,FW,West Brom,31-185,1989,1.5,3,2,1,1,1,1,1,100,0,23,7,30.4,5,8,10,0,0,0,0,2,5,4,0,Matches
33,Jordan Ayew,gh GHA,"FW,MF",Crystal Palace,29-117,1991,8.4,15,11,4,7,4,2,8,25,6,213,65,30.5,26,107,80,6,0,0,6,8,23,4,0,Matches
34,Luke Ayling,eng ENG,DF,Leeds United,29-134,1991,16.8,42,24,21,18,3,10,35,28.6,25,213,85,39.9,112,79,22,41,17,1,24,17,59,34,2,Matches
35,César Azpilicueta,es ESP,DF,Chelsea,31-131,1989,6.6,11,6,3,6,2,4,7,57.1,3,96,33,34.4,42,37,17,19,3,0,16,4,15,20,1,Matches
36,Eric Bailly,ci CIV,DF,Manchester Utd,26-269,1994,4.1,4,3,2,1,1,0,0,,0,26,9,34.6,13,13,0,7,6,0,1,13,17,18,0,Matches
37,Fabián Balbuena,py PAR,DF,West Ham,29-136,1991,12,22,13,18,4,0,9,18,50,9,118,41,34.7,76,41,1,22,4,0,18,12,34,81,1,Matches
38,George Baldock,eng ENG,DF,Sheffield Utd,27-303,1993,16,27,8,16,8,3,11,25,44,14,218,54,24.8,94,82,42,22,3,0,19,10,37,39,0,Matches
39,Gareth Bale,wal WAL,FW,Tottenham,31-174,1989,1.8,2,1,1,0,1,1,2,50,1,21,5,23.8,3,10,8,2,0,0,2,1,3,4,0,Matches
40,Patrick Bamford,eng ENG,FW,Leeds United,27-123,1993,16.2,15,9,3,6,6,4,14,28.6,10,230,67,29.1,16,101,113,9,4,0,5,4,19,19,0,Matches
41,Phil Bardsley,sco SCO,DF,Burnley,35-192,1985,3,6,4,5,1,0,2,4,50,2,37,9,24.3,15,19,3,3,0,0,3,3,9,13,0,Matches
42,Ross Barkley,eng ENG,MF,Chelsea,27-032,1993,0.5,0,0,0,0,0,0,0,,0,5,1,20,2,2,1,0,0,0,0,0,0,0,0,Matches
43,Ross Barkley,eng ENG,MF,Aston Villa,27-032,1993,5,3,0,2,1,0,2,6,33.3,4,80,23,28.8,10,45,25,11,2,0,9,2,5,2,0,Matches
44,Ashley Barnes,eng ENG,FW,Burnley,31-068,1989,8.7,12,4,3,5,4,3,6,50,3,121,27,22.3,11,52,58,10,2,0,8,1,13,4,0,Matches
45,Harvey Barnes,eng ENG,"FW,MF",Leicester City,23-028,1997,13.2,12,6,5,2,5,3,10,30,7,139,43,30.9,34,56,49,14,3,0,11,12,24,7,0,Matches
46,Kyle Bartley,eng ENG,DF,West Brom,29-229,1991,8.3,7,2,6,1,0,3,10,30,7,59,16,27.1,37,20,2,20,10,1,10,3,10,57,0,Matches
47,Chris Basham,eng ENG,"DF,MF",Sheffield Utd,32-170,1988,15.8,42,24,22,16,4,19,32,59.4,13,195,52,26.7,99,65,31,26,7,2,19,17,59,65,1,Matches
48,Michy Batshuayi,be BEL,FW,Crystal Palace,27-096,1993,4.8,2,2,1,1,0,1,6,16.7,5,56,13,23.2,5,28,23,9,1,0,8,2,4,4,1,Matches
49,Jan Bednarek,pl POL,DF,Southampton,24-269,1996,16,15,9,11,3,1,5,15,33.3,10,101,38,37.6,67,32,2,27,11,0,16,23,38,91,1,Matches
50,Donny van de Beek,nl NED,"MF,FW",Manchester Utd,23-263,1997,2.9,8,7,3,5,0,2,6,33.3,4,53,15,28.3,7,30,16,9,1,0,8,3,11,3,0,Matches
51,Héctor Bellerín,es ESP,DF,Arsenal,25-293,1995,14.2,18,11,9,7,2,6,23,26.1,17,115,35,30.4,38,59,18,34,6,0,28,4,22,26,0,Matches
52,Saïd Benrahma,dz ALG,"MF,FW",West Ham,25-149,1995,4.4,10,7,4,6,0,3,8,37.5,5,81,24,29.6,24,42,15,6,0,0,6,5,15,2,0,Matches
53,Josh Benson,eng ENG,MF,Burnley,21-032,1999,2.8,7,5,4,1,2,3,7,42.9,4,30,10,33.3,11,15,4,3,1,0,2,1,8,1,0,Matches
54,Christian Benteke,be BEL,FW,Crystal Palace,30-034,1990,6,5,4,0,2,3,0,4,0,4,73,23,31.5,8,37,28,6,3,1,3,1,6,13,0,Matches
55,Jóhann Berg Guðmundsson,is ISL,MF,Burnley,30-071,1990,2.7,2,1,0,2,0,1,5,20,4,17,3,17.6,4,11,2,3,0,0,3,0,2,1,0,Matches
56,Sander Berge,no NOR,MF,Sheffield Utd,22-327,1998,11.3,21,16,9,8,4,5,17,29.4,12,191,55,28.8,67,94,30,20,2,0,18,3,24,17,1,Matches
57,Steven Bergwijn,nl NED,"FW,MF",Tottenham,23-090,1997,7.6,8,4,4,2,2,3,17,17.6,14,147,30,20.4,41,57,49,9,1,0,8,5,13,4,0,Matches
58,Bernard,br BRA,"FW,MF",Everton,28-120,1992,3,4,3,1,1,2,2,7,28.6,5,46,10,21.7,15,19,12,7,0,0,7,4,8,1,0,Matches
59,Bernardo,br BRA,"MF,DF",Brighton,25-237,1995,1.3,4,2,4,0,0,1,1,100,0,15,6,40,8,2,5,2,0,0,2,0,4,1,0,Matches
60,Ryan Bertrand,eng ENG,DF,Southampton,31-154,1989,15.9,43,27,17,22,4,17,27,63,10,163,69,42.3,56,88,19,31,4,0,27,11,54,29,0,Matches
61,Yves Bissouma,ml MLI,MF,Brighton,24-129,1996,15.3,50,33,28,18,4,14,40,35,26,241,88,36.5,105,116,20,26,2,0,24,11,61,26,0,Matches
62,Jayden Bogle,eng ENG,"DF,MF",Sheffield Utd,20-163,2000,1.4,5,2,2,3,0,2,7,28.6,5,44,9,20.5,23,11,10,8,1,0,7,2,7,1,0,Matches
63,Willy Boly,ci CIV,DF,Wolves,29-338,1991,12,22,13,17,5,0,9,20,45,11,79,21,26.6,50,26,3,17,6,0,11,12,34,61,0,Matches
64,Jarrod Bowen,eng ENG,"FW,MF",West Ham,24-017,1996,14.3,10,8,7,3,0,3,17,17.6,14,137,41,29.9,39,53,45,17,1,0,16,9,19,1,0,Matches
65,Robbie Brady,ie IRL,MF,Burnley,28-358,1992,6.8,12,8,7,2,3,4,22,18.2,18,119,29,24.4,40,56,23,18,0,0,18,5,17,11,1,Matches
66,Rhian Brewster,eng ENG,FW,Sheffield Utd,20-280,2000,6.7,5,2,1,2,2,0,7,0,7,108,29,26.9,3,51,54,9,2,0,7,2,7,1,0,Matches
67,Josh Brownhill,eng ENG,MF,Burnley,25-018,1995,14,32,18,8,18,6,7,27,25.9,20,230,69,30,62,131,37,32,9,1,23,27,59,23,0,Matches
68,Joe Bryan,eng ENG,"DF,FW",Fulham,27-111,1993,3.8,11,6,4,5,2,4,8,50,4,40,14,35,15,14,11,13,1,0,12,8,19,10,0,Matches
69,Kean Bryan,eng ENG,DF,Sheffield Utd,24-066,1996,1.7,3,1,2,1,0,1,3,33.3,2,20,5,25,11,8,1,5,3,0,2,4,7,8,0,Matches
70,Oliver Burke,sco SCO,FW,Sheffield Utd,23-274,1997,6.8,10,5,3,4,3,2,12,16.7,10,189,40,21.2,16,78,95,14,0,0,14,2,12,2,0,Matches
71,Dan Burn,eng ENG,DF,Brighton,28-242,1992,8.1,16,5,11,4,1,2,16,12.5,14,122,39,32,62,41,19,15,2,0,13,7,23,24,0,Matches
72,Oskar Buur,dk DEN,DF,Wolves,22-281,1998,0.2,0,0,0,0,0,0,1,0,1,5,0,0,3,0,2,0,0,0,0,0,0,0,0,Matches
73,Willy Caballero,ar ARG,GK,Chelsea,39-100,1981,1,0,0,0,0,0,0,0,,0,0,0,,0,0,0,0,0,0,0,0,0,0,0,Matches
74,Gary Cahill,eng ENG,DF,Crystal Palace,35-018,1985,5,2,2,2,0,0,0,3,0,3,24,8,33.3,16,5,3,8,4,0,4,1,3,25,1,Matches
75,Tom Cairney,sco SCO,MF,Fulham,29-352,1991,8.4,5,4,1,2,2,0,3,0,3,65,21,32.3,18,32,15,6,0,0,6,1,6,3,0,Matches
76,Dominic Calvert-Lewin,eng ENG,FW,Everton,23-296,1997,15.6,8,7,0,3,5,0,4,0,4,159,57,35.8,9,63,87,15,6,0,9,4,12,9,0,Matches
77,João Cancelo,pt POR,"DF,MF",Manchester City,26-224,1994,11,35,17,19,13,3,16,36,44.4,20,135,37,27.4,49,55,31,15,2,0,13,20,55,15,0,Matches
78,Ian Carlo Poveda,eng ENG,"MF,DF",Leeds United,20-332,2000,2.6,7,5,6,0,1,5,10,50,5,42,12,28.6,15,18,9,3,1,0,2,0,7,0,0,Matches
79,Andy Carroll,eng ENG,FW,Newcastle Utd,32-000,1989,2.4,0,0,0,0,0,0,2,0,2,33,9,27.3,1,18,14,1,0,0,1,1,1,10,0,Matches
80,Matty Cash,eng ENG,DF,Aston Villa,23-152,1997,13.6,36,19,19,12,5,17,32,53.1,15,196,55,28.1,102,76,18,35,7,0,28,17,53,48,1,Matches
81,Timothy Castagne,be BEL,DF,Leicester City,25-032,1995,8.7,22,16,11,9,2,6,11,54.5,5,122,31,25.4,50,41,31,22,1,0,21,9,31,20,0,Matches
82,Ivan Cavaleiro,pt POR,FW,Fulham,27-080,1993,10.8,11,9,5,4,2,1,6,16.7,5,171,48,28.1,27,79,65,18,1,0,17,4,15,5,0,Matches
83,Edinson Cavani,uy URU,FW,Manchester Utd,33-327,1987,3.4,2,2,0,2,0,0,4,0,4,64,15,23.4,6,25,33,2,1,0,1,3,5,4,0,Matches
84,Dani Ceballos,es ESP,MF,Arsenal,24-152,1996,10.6,24,22,11,10,3,6,29,20.7,23,152,45,29.6,74,52,26,16,5,1,11,17,41,13,0,Matches
85,Ben Chilwell,eng ENG,DF,Chelsea,24-016,1996,13,29,19,11,14,4,9,22,40.9,13,146,51,34.9,54,66,26,31,3,0,28,12,41,31,0,Matches
86,Hamza Choudhury,eng ENG,MF,Leicester City,23-097,1997,0.8,3,0,3,0,0,1,1,100,0,11,3,27.3,7,4,0,1,0,0,1,1,4,0,0,Matches
87,Andreas Christensen,dk DEN,DF,Chelsea,24-271,1996,4.5,6,5,6,0,0,3,4,75,1,30,11,36.7,22,6,2,9,5,0,4,6,12,21,0,Matches
88,Ciaran Clark,ie IRL,DF,Newcastle Utd,31-102,1989,8,10,4,5,3,2,0,1,0,1,68,20,29.4,45,18,5,21,5,0,16,6,16,36,0,Matches
89,Nathaniel Clyne,eng ENG,DF,Crystal Palace,29-276,1991,8.8,13,4,8,5,0,4,7,57.1,3,72,25,34.7,40,20,12,17,2,0,15,7,20,15,0,Matches
90,Conor Coady,eng ENG,DF,Wolves,27-316,1993,16,12,8,8,4,0,4,16,25,12,84,28,33.3,60,24,0,28,17,0,11,12,24,68,1,Matches
91,Séamus Coleman,ie IRL,DF,Everton,32-087,1988,6.3,13,11,8,4,1,6,14,42.9,8,71,20,28.2,43,18,10,12,2,0,10,2,15,15,0,Matches
92,Aaron Connolly,ie IRL,FW,Brighton,20-344,2000,6.5,5,4,1,3,1,1,4,25,3,88,30,34.1,5,39,44,3,1,0,2,0,5,0,0,Matches
93,Liam Cooper,sco SCO,DF,Leeds United,29-129,1991,10.8,33,21,23,10,0,18,30,60,12,134,57,42.5,81,49,4,17,11,0,6,15,48,48,0,Matches
94,Hélder Costa,pt POR,MF,Leeds United,26-360,1994,7.5,16,8,8,3,5,5,17,29.4,12,145,44,30.3,53,45,47,13,0,0,13,3,19,4,0,Matches
95,Vladimír Coufal,cz CZE,DF,West Ham,28-137,1992,12.9,43,23,34,8,1,26,45,57.8,19,160,44,27.5,88,45,27,35,2,0,33,10,53,45,1,Matches
96,Aaron Cresswell,eng ENG,DF,West Ham,31-022,1989,17,17,8,9,6,2,8,18,44.4,10,105,28,26.7,60,42,3,26,7,0,19,12,29,44,0,Matches
97,Stuart Dallas,nir NIR,"DF,MF",Leeds United,29-262,1991,16.9,50,33,30,16,4,20,52,38.5,32,242,92,38,112,103,27,28,0,0,28,24,74,24,1,Matches
98,Scott Dann,eng ENG,DF,Crystal Palace,33-327,1987,8,8,7,7,1,0,3,8,37.5,5,36,13,36.1,23,12,1,10,5,0,5,2,10,32,1,Matches
99,Karl Darlow,eng ENG,GK,Newcastle Utd,30-090,1990,16,0,0,0,0,0,0,1,0,1,2,0,0,2,0,0,0,0,0,0,1,1,1,0,Matches
100,Ben Davies,wal WAL,DF,Tottenham,27-257,1993,7.6,9,3,4,3,2,4,12,33.3,8,101,20,19.8,45,35,21,13,4,0,9,4,13,36,0,Matches
101,Tom Davies,eng ENG,"MF,DF",Everton,22-190,1998,4.7,10,10,5,5,0,1,12,8.3,11,83,31,37.3,39,33,11,10,3,0,7,9,19,4,0,Matches
102,Keinan Davis,eng ENG,FW,Aston Villa,22-328,1998,0.6,0,0,0,0,0,0,0,,0,3,2,66.7,0,1,2,0,0,0,0,0,0,1,0,Matches
103,Leif Davis,eng ENG,DF,Leeds United,20-360,2000,0.4,0,0,0,0,0,0,2,0,2,12,0,0,5,6,1,3,1,0,2,2,2,0,0,Matches
104,Craig Dawson,eng ENG,DF,West Ham,30-245,1990,2,1,1,1,0,0,0,1,0,1,5,3,60,4,1,0,2,0,0,2,1,2,14,0,Matches
105,Kevin De Bruyne,be BEL,MF,Manchester City,29-192,1991,13.2,19,15,3,10,6,6,30,20,24,195,64,32.8,20,87,88,15,2,0,13,5,24,4,0,Matches
106,Liam Delap,eng ENG,FW,Manchester City,17-333,2003,0.4,0,0,0,0,0,0,0,,0,6,1,16.7,0,5,1,0,0,0,0,0,0,0,0,Matches
107,Fabian Delph,eng ENG,"MF,DF",Everton,31-046,1989,2.4,3,1,2,1,0,0,1,0,1,20,4,20,8,12,0,3,0,0,3,4,7,3,0,Matches
108,Leander Dendoncker,be BEL,MF,Wolves,25-266,1995,10.5,21,13,11,8,2,9,25,36,16,200,58,29,79,91,30,19,4,0,15,5,26,16,0,Matches
109,Ibrahima Diallo,fr FRA,MF,Southampton,21-304,1999,2.3,6,4,3,3,0,4,7,57.1,3,47,17,36.2,11,32,4,5,0,0,5,3,9,4,0,Matches
110,Grady Diangana,eng ENG,"MF,FW",West Brom,22-262,1998,11.9,29,16,18,5,6,12,29,41.4,17,267,54,20.2,128,84,55,26,1,0,25,13,42,4,0,Matches
111,Raphael Dias Belloli,br BRA,MF,Leeds United,24-023,1996,9.3,10,4,3,6,1,3,22,13.6,19,133,39,29.3,30,50,53,12,0,0,12,8,18,11,0,Matches
112,Rúben Dias,pt POR,DF,Manchester City,23-237,1997,12.8,9,6,7,2,0,1,7,14.3,6,64,21,32.8,39,18,7,20,11,0,9,6,15,47,0,Matches
113,Eric Dier,eng ENG,DF,Tottenham,26-357,1994,15,9,4,5,3,1,5,9,55.6,4,66,20,30.3,45,18,3,22,16,0,6,10,19,100,0,Matches
114,Lucas Digne,fr FRA,DF,Everton,27-170,1993,7.8,16,7,12,4,0,5,15,33.3,10,112,27,24.1,52,40,20,18,2,0,16,0,16,27,0,Matches
115,Virgil van Dijk,nl NED,DF,Liverpool,29-182,1991,4.1,4,1,2,2,0,0,0,,0,14,3,21.4,7,7,0,3,2,0,1,0,4,13,1,Matches
116,Issa Diop,fr FRA,DF,West Ham,23-363,1997,3.3,2,2,1,1,0,0,0,,0,17,6,35.3,7,7,3,5,4,0,1,2,4,13,1,Matches
117,Moussa Djenepo,ml MLI,MF,Southampton,22-205,1998,7.7,24,13,11,6,7,8,30,26.7,22,182,52,28.6,44,78,60,17,0,0,17,1,25,3,0,Matches
118,Matt Doherty,ie IRL,DF,Tottenham,28-356,1992,7.8,15,5,5,5,5,8,19,42.1,11,101,21,20.8,42,39,20,23,4,0,19,5,20,26,0,Matches
119,Gabriel Dos Santos,br BRA,DF,Arsenal,23-018,1997,11.7,15,10,11,4,0,5,10,50,5,76,29,38.2,45,26,5,24,16,0,8,8,23,51,2,Matches
120,Abdoulaye Doucouré,fr FRA,MF,Everton,28-005,1993,15.1,29,23,19,6,4,7,23,30.4,16,287,80,27.9,118,121,48,27,6,0,21,17,46,12,1,Matches
121,Paul Dummett,wal WAL,DF,Newcastle Utd,29-102,1991,0.9,1,0,0,1,0,0,1,0,1,5,0,0,0,3,2,2,0,0,2,2,3,0,0,Matches
122,Lewis Dunk,eng ENG,DF,Brighton,29-046,1991,14,18,10,11,6,1,8,13,61.5,5,78,30,38.5,44,30,4,18,12,0,6,7,25,47,0,Matches
123,Jimmy Dunne,ie IRL,DF,Burnley,23-079,1997,2,1,1,1,0,0,1,1,100,0,13,7,53.8,8,4,1,4,3,0,1,0,1,7,0,Matches
124,Ederson,br BRA,GK,Manchester City,27-142,1993,14,0,0,0,0,0,0,1,0,1,1,0,0,1,0,0,0,0,0,0,0,0,1,1,Matches
125,Kyle Edwards,eng ENG,"MF,FW",West Brom,22-324,1998,1.3,3,0,1,1,1,0,1,0,1,15,2,13.3,4,9,2,2,0,0,2,1,4,0,0,Matches
126,John Egan,ie IRL,DF,Sheffield Utd,28-078,1992,15.1,22,16,17,4,1,5,16,31.3,11,117,37,31.6,72,41,4,33,17,1,16,15,37,72,1,Matches
127,Ahmed Elmohamady,eg EGY,DF,Aston Villa,33-119,1987,1.5,1,1,0,1,0,1,3,33.3,2,11,3,27.3,4,7,0,2,0,0,2,4,5,4,0,Matches
128,Mohamed Elneny,eg EGY,MF,Arsenal,28-179,1992,9.7,6,3,4,2,0,3,8,37.5,5,109,33,30.3,42,50,17,12,4,0,8,12,18,9,1,Matches
129,Jonny Evans,nir NIR,DF,Leicester City,33-003,1988,12.9,11,5,8,2,1,4,11,36.4,7,82,34,41.5,50,31,1,9,4,0,5,14,25,49,0,Matches
130,Eberechi Eze,eng ENG,MF,Crystal Palace,22-191,1998,10.7,12,7,5,4,3,3,13,23.1,10,96,33,34.4,27,44,25,16,1,0,15,6,18,1,0,Matches
131,?ukasz Fabia?ski,pl POL,GK,West Ham,35-263,1985,16,0,0,0,0,0,0,0,,0,4,1,25,4,0,0,2,0,0,2,0,0,0,0,Matches
132,Fabinho,br BRA,"DF,MF",Liverpool,27-075,1993,14.4,37,27,13,22,2,15,31,48.4,16,131,52,39.7,51,72,8,21,7,0,14,20,57,55,0,Matches
133,Bruno Fernandes,pt POR,MF,Manchester Utd,26-120,1994,14.4,32,23,12,15,5,10,42,23.8,32,285,74,26,44,136,105,30,1,0,29,6,38,13,0,Matches
134,Federico Fernández,ar ARG,DF,Newcastle Utd,31-320,1989,14.5,26,13,18,6,2,11,19,57.9,8,119,32,26.9,78,36,5,35,21,0,14,7,33,95,1,Matches
135,Fernandinho,br BRA,MF,Manchester City,35-247,1985,3.8,7,5,0,5,2,2,10,20,8,54,15,27.8,6,40,8,2,0,0,2,4,11,5,0,Matches
136,Sam Field,eng ENG,MF,West Brom,22-243,1998,0.7,9,7,4,5,0,2,3,66.7,1,22,10,45.5,8,13,1,6,1,0,5,0,9,4,0,Matches
137,Roberto Firmino,br BRA,"FW,MF",Liverpool,29-096,1991,15.5,19,11,3,6,10,6,16,37.5,10,230,66,28.7,29,93,108,25,0,0,25,4,23,7,0,Matches
138,John Fleck,sco SCO,MF,Sheffield Utd,29-135,1991,8.7,13,6,6,5,2,2,15,13.3,13,132,33,25,43,65,24,11,0,0,11,6,19,5,0,Matches
139,Phil Foden,eng ENG,"FW,DF",Manchester City,20-223,2000,6.6,9,3,3,3,3,3,8,37.5,5,103,26,25.2,17,40,46,4,0,0,4,3,12,2,0,Matches
140,Wesley Fofana,fr FRA,DF,Leicester City,20-020,2000,12,29,19,19,9,1,5,17,29.4,12,115,39,33.9,75,38,2,28,12,0,16,21,50,50,0,Matches
141,Pablo Fornals,es ESP,"MF,FW",West Ham,24-319,1996,14,14,8,3,9,2,4,40,10,36,266,53,19.9,91,122,53,26,1,0,25,8,22,3,1,Matches
142,Fraser Forster,eng ENG,GK,Southampton,32-295,1988,1,0,0,0,0,0,0,0,,0,0,0,,0,0,0,0,0,0,0,0,0,0,0,Matches
143,Timothy Fosu-Mensah,nl NED,DF,Manchester Utd,23-004,1998,0.9,3,1,2,1,0,1,1,100,0,7,2,28.6,3,4,0,1,0,0,1,1,4,1,0,Matches
144,Ryan Fraser,sco SCO,MF,Newcastle Utd,26-317,1994,3.1,1,0,1,0,0,0,0,,0,35,5,14.3,10,16,9,4,0,0,4,1,2,2,0,Matches
145,Fred,br BRA,MF,Manchester Utd,27-307,1993,10.1,29,16,15,13,1,7,31,22.6,24,240,67,27.9,87,113,40,21,3,0,18,18,47,7,1,Matches
146,Ryan Fredericks,eng ENG,DF,West Ham,28-088,1992,3.5,7,4,4,3,0,3,6,50,3,38,8,21.1,22,7,9,9,1,0,8,2,9,15,0,Matches
147,Christian Fuchs,at AUT,DF,Leicester City,34-274,1986,7.8,15,9,13,1,1,5,14,35.7,9,86,23,26.7,53,26,7,16,4,1,12,12,27,31,0,Matches
148,Darnell Furlong,eng ENG,DF,West Brom,25-067,1995,15.8,15,7,9,4,2,7,21,33.3,14,125,34,27.2,65,37,23,40,10,0,30,13,28,49,1,Matches
149,Conor Gallagher,eng ENG,MF,West Brom,20-335,2000,12.9,41,27,16,18,7,11,43,25.6,32,316,94,29.7,113,154,49,30,4,0,26,15,56,17,0,Matches
150,Eric García,es ESP,DF,Manchester City,19-363,2001,2.2,6,2,4,1,1,2,5,40,3,15,5,33.3,10,5,0,2,0,0,2,3,9,7,0,Matches
151,Dwight Gayle,eng ENG,FW,Newcastle Utd,30-081,1990,0.7,0,0,0,0,0,0,3,0,3,15,2,13.3,2,7,6,0,0,0,0,1,1,0,0,Matches
152,David de Gea,es ESP,GK,Manchester Utd,30-060,1990,13.5,0,0,0,0,0,0,0,,0,0,0,,0,0,0,0,0,0,0,0,0,0,0,Matches
153,Anwar El Ghazi,nl NED,FW,Aston Villa,25-248,1995,5.4,6,5,3,1,2,1,6,16.7,5,49,14,28.6,16,20,13,4,0,0,4,1,7,1,0,Matches
154,Kieran Gibbs,eng ENG,DF,West Brom,31-102,1989,5,7,1,6,1,0,1,2,50,1,42,8,19,26,13,3,10,3,0,7,6,13,16,0,Matches
155,Billy Gilmour,sco SCO,MF,Chelsea,19-209,2001,0.4,3,1,1,2,0,1,1,100,0,10,7,70,5,3,2,2,1,0,1,1,4,0,0,Matches
156,Olivier Giroud,fr FRA,FW,Chelsea,34-098,1986,4,4,2,0,2,2,0,3,0,3,71,19,26.8,8,28,35,1,1,0,0,2,6,7,0,Matches
157,Ben Godfrey,eng ENG,DF,Everton,22-357,1998,9.7,23,10,13,8,2,11,17,64.7,6,139,44,31.7,91,41,7,22,8,1,14,17,40,27,0,Matches
158,André Gomes,pt POR,MF,Everton,27-160,1993,6.1,18,12,8,8,2,7,15,46.7,8,120,38,31.7,35,62,23,11,0,0,11,2,20,4,0,Matches
159,Joe Gomez,eng ENG,DF,Liverpool,23-228,1997,6.6,5,2,2,3,0,0,4,0,4,39,15,38.5,24,13,2,7,3,0,4,5,10,32,2,Matches
160,Anthony Gordon,eng ENG,"FW,MF",Everton,19-317,2001,1,3,2,3,0,0,0,2,0,2,18,3,16.7,5,9,4,2,0,0,2,1,4,1,0,Matches
161,Karlan Grant,eng ENG,FW,West Brom,23-110,1997,9.5,3,1,0,3,0,1,3,33.3,2,118,30,25.4,9,49,60,5,0,0,5,6,9,11,0,Matches
162,Demarai Gray,eng ENG,FW,Leicester City,24-192,1996,0.2,2,2,2,0,0,0,0,,0,5,2,40,1,1,3,0,0,0,0,0,2,0,0,Matches
163,Jack Grealish,eng ENG,"FW,MF",Aston Villa,25-118,1995,15,17,11,3,9,5,2,12,16.7,10,204,74,36.3,44,80,80,14,1,0,13,6,23,2,1,Matches
164,Mason Greenwood,eng ENG,FW,Manchester Utd,19-097,2001,6.9,12,8,6,2,4,1,9,11.1,8,94,25,26.6,16,46,32,2,0,0,2,4,16,0,0,Matches
165,Pascal Groß,de GER,MF,Brighton,29-205,1991,8,9,6,5,4,0,2,7,28.6,5,104,29,27.9,26,52,26,9,2,0,7,4,13,6,0,Matches
166,Kamil Grosicki,pl POL,"FW,MF",West Brom,32-212,1988,0.1,0,0,0,0,0,0,0,,0,1,1,100,0,0,1,0,0,0,0,0,0,0,0,Matches
167,Vicente Guaita,es ESP,GK,Crystal Palace,33-362,1987,17,0,0,0,0,0,0,0,,0,3,1,33.3,3,0,0,0,0,0,0,0,0,1,0,Matches
168,?lkay Gündo?an,de GER,MF,Manchester City,30-074,1990,8.2,9,6,5,4,0,3,17,17.6,14,85,27,31.8,22,45,18,8,3,0,5,5,14,6,0,Matches
169,Antwoine Hackford,eng ENG,"DF,FW",Sheffield Utd,16-292,2004,0.1,0,0,0,0,0,0,0,,0,3,2,66.7,0,0,3,1,0,0,1,0,0,0,0,Matches
170,Sébastien Haller,ci CIV,FW,West Ham,26-198,1994,10.4,11,4,1,5,5,4,18,22.2,14,199,42,21.1,12,115,72,4,1,0,3,5,16,7,0,Matches
171,Rekeem Harper,eng ENG,MF,West Brom,20-304,2000,0.4,2,1,1,1,0,1,1,100,0,9,0,0,2,6,1,0,0,0,0,0,2,0,0,Matches
172,Jack Harrison,eng ENG,MF,Leeds United,24-047,1996,14.5,30,17,17,6,7,8,20,40,12,259,89,34.4,79,85,95,12,0,0,12,8,38,10,0,Matches
173,Kortney Hause,eng ENG,DF,Aston Villa,25-174,1995,4,4,4,2,2,0,0,0,,0,15,6,40,8,6,1,4,2,0,2,3,7,34,0,Matches
174,Kai Havertz,de GER,"MF,FW",Chelsea,21-209,1999,9.1,14,8,5,8,1,3,19,15.8,16,146,34,23.3,31,72,43,17,2,0,15,7,21,11,1,Matches
175,Isaac Hayden,eng ENG,"MF,DF",Newcastle Utd,25-290,1995,10.1,14,10,5,8,1,2,8,25,6,165,42,25.5,77,70,18,18,3,0,15,17,31,32,1,Matches
176,Michael Hector,jm JAM,DF,Fulham,28-171,1992,2.9,7,5,4,3,0,3,7,42.9,4,28,11,39.3,21,7,0,6,3,1,3,0,7,11,0,Matches
177,Ahmed Hegazi,eg EGY,DF,West Brom,29-347,1991,1,0,0,0,0,0,0,0,,0,10,4,40,8,2,0,2,0,0,2,0,0,11,0,Matches
178,Dean Henderson,eng ENG,GK,Manchester Utd,23-300,1997,2.5,0,0,0,0,0,0,1,0,1,3,1,33.3,3,0,0,0,0,0,0,0,0,0,0,Matches
179,Jordan Henderson,eng ENG,"MF,DF",Liverpool,30-203,1990,12.6,14,8,5,6,3,6,21,28.6,15,142,47,33.1,38,74,30,24,2,1,22,12,26,17,0,Matches
180,Jeff Hendrick,ie IRL,MF,Newcastle Utd,28-341,1992,9.1,3,2,2,1,0,0,12,0,12,108,25,23.1,29,65,14,17,7,0,10,4,7,18,0,Matches
181,Pablo Hernández,es ESP,MF,Leeds United,35-270,1985,2.7,5,2,2,1,2,4,13,30.8,9,43,9,20.9,5,22,16,0,0,0,0,3,8,0,0,Matches
182,Son Heung-min,kr KOR,FW,Tottenham,28-182,1992,14.9,12,4,5,4,3,4,30,13.3,26,292,62,21.2,58,148,86,19,3,0,16,8,20,2,0,Matches
183,Ki-Jana Hoever,nl NED,DF,Wolves,18-354,2002,1.3,6,3,5,1,0,4,7,57.1,3,22,3,13.6,13,9,0,0,0,0,0,2,8,6,0,Matches
184,Rob Holding,eng ENG,DF,Arsenal,25-108,1995,13.5,19,10,12,5,2,6,13,46.2,7,133,36,27.1,81,47,5,25,12,0,13,6,25,69,0,Matches
185,Mason Holgate,eng ENG,DF,Everton,24-076,1996,6.9,16,9,9,5,2,6,12,50,6,72,23,31.9,27,30,15,16,4,0,12,14,30,28,0,Matches
186,Conor Hourihane,ie IRL,MF,Aston Villa,29-339,1991,2.5,0,0,0,0,0,0,2,0,2,17,6,35.3,4,6,7,3,0,0,3,0,0,2,0,Matches
187,Callum Hudson-Odoi,eng ENG,FW,Chelsea,20-060,2000,3.7,5,3,1,3,1,1,4,25,3,31,10,32.3,4,17,10,2,0,0,2,2,7,1,0,Matches
188,Pierre Højbjerg,dk DEN,MF,Tottenham,25-154,1995,16,61,41,31,24,6,27,53,50.9,26,319,95,29.8,147,141,31,22,3,0,19,17,78,35,0,Matches
189,Odion Ighalo,ng NGA,FW,Manchester Utd,31-204,1989,0.1,0,0,0,0,0,0,1,0,1,2,0,0,1,0,1,0,0,0,0,0,0,0,0,Matches
190,Kelechi Iheanacho,ng NGA,"FW,MF",Leicester City,24-095,1996,2.6,0,0,0,0,0,0,2,0,2,40,6,15,1,19,20,5,1,0,4,0,0,1,0,Matches
191,Danny Ings,eng ENG,FW,Southampton,28-167,1992,11.7,12,5,5,6,1,6,14,42.9,8,195,49,25.1,28,75,92,29,2,0,27,2,14,10,1,Matches
192,Branislav Ivanovi?,rs SRB,DF,West Brom,36-319,1984,8.2,14,5,9,5,0,5,11,45.5,6,82,18,22,53,28,1,14,7,0,7,3,17,29,0,Matches
193,Alex Iwobi,ng NGA,"FW,DF",Everton,24-248,1996,8.7,15,11,8,7,0,5,14,35.7,9,108,36,33.3,52,32,24,15,1,0,14,8,23,9,0,Matches
194,Phil Jagielka,eng ENG,"DF,MF",Sheffield Utd,38-142,1982,1.6,4,0,3,1,0,2,3,66.7,1,15,3,20,9,6,0,4,1,0,3,2,6,6,1,Matches
195,Alireza Jahanbakhsh,ir IRN,"FW,MF",Brighton,27-148,1993,2.8,4,2,0,3,1,2,7,28.6,5,37,11,29.7,4,13,20,4,0,0,4,2,6,0,0,Matches
196,Daniel James,wal WAL,FW,Manchester Utd,23-057,1997,3.6,4,3,1,2,1,0,8,0,8,60,15,25,8,25,27,6,0,0,6,5,9,1,0,Matches
197,Reece James,eng ENG,DF,Chelsea,21-029,1999,12,32,17,21,10,1,10,20,50,10,171,48,28.1,82,74,15,28,5,0,23,15,47,25,0,Matches
198,Gabriel Jesus,br BRA,FW,Manchester City,23-278,1997,7,7,4,4,2,1,4,8,50,4,98,30,30.6,11,34,53,4,1,0,3,8,15,1,0,Matches
199,Raúl Jiménez,mx MEX,FW,Wolves,29-246,1991,9.1,7,4,1,4,2,0,7,0,7,90,22,24.4,12,36,42,8,1,0,7,6,13,10,1,Matches
200,Joelinton,br BRA,"FW,MF",Newcastle Utd,24-145,1996,10.6,21,11,3,14,4,10,19,52.6,9,188,47,25,39,107,42,15,1,0,14,5,26,13,0,Matches
201,Ben Johnson,eng ENG,DF,West Ham,20-348,2000,1.6,2,1,2,0,0,2,2,100,0,12,2,16.7,6,6,0,1,0,0,1,2,4,1,0,Matches
202,Sam Johnstone,eng ENG,GK,West Brom,27-287,1993,17,0,0,0,0,0,0,0,,0,2,2,100,2,0,0,0,0,0,0,0,0,0,0,Matches
203,Curtis Jones,eng ENG,MF,Liverpool,19-342,2001,7.5,16,12,7,6,3,9,17,52.9,8,119,41,34.5,31,49,39,9,0,0,9,6,22,7,1,Matches
204,Jorginho,it ITA,MF,Chelsea,29-017,1991,7.1,20,10,11,5,4,6,17,35.3,11,144,58,40.3,57,69,18,13,1,0,12,14,34,6,0,Matches
205,Diogo Jota,pt POR,FW,Liverpool,24-033,1996,5.6,5,3,1,2,2,1,17,5.9,16,130,32,24.6,34,50,46,4,0,0,4,3,8,1,0,Matches
206,James Justin,eng ENG,DF,Leicester City,22-318,1998,17,44,19,30,11,3,10,23,43.5,13,249,81,32.5,136,73,40,33,6,0,27,16,60,34,0,Matches
207,Aboubakar Kamara,fr FRA,"FW,DF",Fulham,25-305,1995,3.1,2,2,2,0,0,1,5,20,4,59,10,16.9,10,26,23,9,1,0,8,2,4,2,0,Matches
208,Harry Kane,eng ENG,FW,Tottenham,27-162,1993,15.9,9,6,3,4,2,3,12,25,9,200,47,23.5,13,94,93,16,6,1,10,6,15,27,0,Matches
209,N'Golo Kanté,fr FRA,MF,Chelsea,29-283,1991,16.4,56,35,28,26,2,19,45,42.2,26,329,117,35.6,146,141,42,41,3,0,38,37,93,19,0,Matches
210,Moise Kean,it ITA,FW,Everton,20-313,2000,0.2,0,0,0,0,0,0,0,,0,1,0,0,0,0,1,0,0,0,0,0,0,0,0,Matches
211,Michael Keane,eng ENG,DF,Everton,27-361,1993,14.7,14,8,11,2,1,4,11,36.4,7,75,29,38.7,49,21,5,24,13,0,11,9,23,68,1,Matches
212,Neeskens Kebano,cd COD,"FW,MF",Fulham,28-302,1992,1.3,1,1,1,0,0,1,3,33.3,2,30,9,30,4,13,13,5,0,0,5,0,1,1,0,Matches
213,Naby Keïta,gn GUI,MF,Liverpool,25-331,1995,4.4,6,4,4,1,1,1,14,7.1,13,119,34,28.6,15,58,46,8,0,0,8,10,16,2,0,Matches
214,Caoimhin Kelleher,ie IRL,GK,Liverpool,22-044,1998,1,0,0,0,0,0,0,0,,0,0,0,,0,0,0,0,0,0,0,0,0,0,0,Matches
215,Jonjoe Kenny,eng ENG,DF,Everton,23-297,1997,0.9,1,0,1,0,0,0,1,0,1,11,1,9.1,4,4,3,2,0,0,2,1,2,1,0,Matches
216,Max Kilman,eng ENG,DF,Wolves,23-228,1997,8.4,11,7,9,2,0,5,9,55.6,4,66,19,28.8,46,18,2,12,5,0,7,7,18,28,0,Matches
217,Mateusz Klich,pl POL,MF,Leeds United,30-207,1990,15.6,33,27,12,15,6,5,31,16.1,26,318,100,31.4,75,168,75,20,4,0,16,12,45,12,0,Matches
218,Robin Koch,de GER,DF,Leeds United,24-173,1996,10.1,20,13,13,7,0,9,18,50,9,122,33,27,68,52,2,24,11,0,13,7,27,29,2,Matches
219,Sead Kolašinac,ba BIH,DF,Arsenal,27-200,1993,1,0,0,0,0,0,0,0,,0,3,1,33.3,0,2,1,0,0,0,0,0,0,0,0,Matches
220,Ezri Konsa,eng ENG,DF,Aston Villa,23-075,1997,12.5,10,6,8,2,0,4,4,100,0,78,24,30.8,46,24,8,17,9,0,8,3,13,60,0,Matches
221,Cheikhou Kouyaté,sn SEN,DF,Crystal Palace,31-016,1989,16.7,30,18,23,6,1,12,22,54.5,10,148,52,35.1,97,41,10,26,13,0,13,13,43,73,1,Matches
222,Mateo Kova?i?,hr CRO,MF,Chelsea,26-245,1994,7.2,14,9,7,7,0,5,13,38.5,8,119,29,24.4,31,61,27,10,1,0,9,9,23,4,0,Matches
223,Emil Krafth,se SWE,DF,Newcastle Utd,26-157,1994,3.2,8,6,2,6,0,2,3,66.7,1,45,14,31.1,21,18,6,3,2,0,1,2,10,15,0,Matches
224,Filip Krovinovi?,hr CRO,MF,West Brom,25-130,1995,6.1,16,10,6,7,3,5,18,27.8,13,99,21,21.2,35,52,12,5,0,0,5,2,18,5,0,Matches
225,Alexandre Lacazette,fr FRA,FW,Arsenal,29-223,1991,9.6,16,12,5,8,3,2,8,25,6,149,49,32.9,21,70,58,14,2,0,12,7,23,5,0,Matches
226,Adam Lallana,eng ENG,"MF,FW",Brighton,32-241,1988,8.5,6,5,5,0,1,1,16,6.3,15,141,41,29.1,37,67,37,11,0,0,11,7,13,8,0,Matches
227,Érik Lamela,ar ARG,FW,Tottenham,28-308,1992,2.2,7,5,0,5,2,1,2,50,1,47,15,31.9,8,25,14,0,0,0,0,1,8,1,0,Matches
228,Tariq Lamptey,eng ENG,DF,Brighton,20-098,2000,9.8,17,10,9,6,2,7,13,53.8,6,125,41,32.8,49,54,22,15,1,0,14,13,30,17,0,Matches
229,Manuel Lanzini,ar ARG,"MF,FW",West Ham,27-326,1993,2.6,1,1,0,1,0,1,3,33.3,2,48,17,35.4,12,21,15,9,0,0,9,4,5,0,0,Matches
230,Aymeric Laporte,fr FRA,DF,Manchester City,26-224,1994,4,3,2,2,1,0,1,5,20,4,18,6,33.3,12,5,1,3,1,0,2,2,5,16,0,Matches
231,Jamaal Lascelles,eng ENG,DF,Newcastle Utd,27-056,1993,7.5,10,6,7,3,0,2,4,50,2,59,16,27.1,41,16,2,17,9,2,8,4,14,46,1,Matches
232,Maxime Le Marchand,fr FRA,DF,Fulham,31-087,1989,1.4,2,1,2,0,0,1,1,100,0,9,2,22.2,6,2,1,0,0,0,0,0,2,7,0,Matches
233,Mario Lemina,ga GAB,MF,Fulham,27-127,1993,5.1,22,13,13,6,3,6,13,46.2,7,97,30,30.9,44,43,10,11,1,0,10,14,36,6,0,Matches
234,Bernd Leno,de GER,GK,Arsenal,28-308,1992,17,0,0,0,0,0,0,0,,0,1,1,100,1,0,0,0,0,0,0,0,0,0,0,Matches
235,Jamal Lewis,nir NIR,DF,Newcastle Utd,22-347,1998,11.3,27,13,18,7,2,14,25,56,11,179,39,21.8,103,63,13,18,3,0,15,9,36,21,0,Matches
236,Victor Lindelöf,se SWE,DF,Manchester Utd,26-173,1994,12.7,11,7,7,4,0,4,8,50,4,77,29,37.7,46,28,3,24,9,0,15,9,20,55,0,Matches
237,Jake Livermore,eng ENG,MF,West Brom,31-053,1989,8.5,15,8,3,10,2,5,16,31.3,11,148,35,23.6,34,88,26,20,4,0,16,12,27,17,0,Matches
238,Diego Llorente,es ESP,DF,Leeds United,27-143,1993,0.9,5,4,1,4,0,3,3,100,0,13,10,76.9,7,6,0,2,2,0,0,2,7,5,0,Matches
239,Hugo Lloris,fr FRA,GK,Tottenham,34-011,1986,16,0,0,0,0,0,0,1,0,1,1,0,0,1,0,0,0,0,0,0,0,0,0,1,Matches
240,Giovani Lo Celso,ar ARG,"MF,FW",Tottenham,24-272,1996,4.9,17,9,9,6,2,4,17,23.5,13,162,42,25.9,56,76,30,5,1,0,4,2,19,4,0,Matches
241,Ruben Loftus-Cheek,eng ENG,"FW,MF",Fulham,24-349,1996,6.7,14,10,8,5,1,5,7,71.4,2,113,35,31,20,58,35,7,1,0,6,6,20,5,0,Matches
242,Ruben Loftus-Cheek,eng ENG,FW,Chelsea,24-349,1996,0.7,0,0,0,0,0,0,0,,0,14,4,28.6,3,7,4,1,0,0,1,1,1,0,0,Matches
243,Kevin Long,ie IRL,DF,Burnley,30-141,1990,6,13,7,9,4,0,5,8,62.5,3,48,17,35.4,30,17,1,6,4,0,2,3,16,26,0,Matches
244,Shane Long,ie IRL,"FW,MF",Southampton,33-350,1987,2.1,2,0,0,0,2,1,3,33.3,2,30,7,23.3,2,15,13,1,0,0,1,1,3,0,0,Matches
245,Matthew Longstaff,eng ENG,MF,Newcastle Utd,20-291,2000,3.3,4,3,4,0,0,2,6,33.3,4,87,22,25.3,28,52,7,9,0,0,9,6,10,3,0,Matches
246,Sean Longstaff,eng ENG,MF,Newcastle Utd,23-068,1997,8.2,19,11,7,9,3,13,26,50,13,198,55,27.8,85,88,25,16,1,0,15,10,29,10,1,Matches
247,Ademola Lookman,eng ENG,FW,Fulham,23-078,1997,11.2,18,13,6,10,2,1,14,7.1,13,188,70,37.2,47,88,53,16,1,0,15,11,29,6,0,Matches
248,Max Lowe,eng ENG,DF,Sheffield Utd,23-240,1997,4.6,19,10,17,2,0,6,18,33.3,12,103,25,24.3,51,42,10,15,2,0,13,2,21,7,1,Matches
249,Matthew Lowton,eng ENG,DF,Burnley,31-211,1989,11,23,9,11,11,1,13,25,52,12,91,21,23.1,40,46,5,26,4,0,22,13,36,35,0,Matches
250,David Luiz,br BRA,DF,Arsenal,33-259,1987,5.3,8,4,2,6,0,2,2,100,0,35,10,28.6,20,13,2,15,7,0,8,3,11,23,1,Matches
251,Douglas Luiz,br BRA,MF,Aston Villa,22-242,1998,13.6,26,17,12,12,2,9,25,36,16,228,61,26.8,84,112,32,22,7,0,15,8,34,16,0,Matches
252,John Lundstram,eng ENG,MF,Sheffield Utd,26-323,1994,8.5,9,2,4,4,1,3,17,17.6,14,114,28,24.6,36,54,24,14,5,0,9,7,16,8,1,Matches
253,Alexis Mac Allister,ar ARG,"FW,MF",Brighton,22-013,1998,1.5,4,2,3,1,0,1,2,50,1,36,12,33.3,10,12,14,4,0,0,4,1,5,1,0,Matches
254,James Maddison,eng ENG,"MF,FW",Leicester City,24-044,1996,10.7,17,10,3,6,8,5,12,41.7,7,177,48,27.1,33,84,60,6,0,0,6,9,26,3,0,Matches
255,Harry Maguire,eng ENG,DF,Manchester Utd,27-307,1993,16,16,10,11,5,0,7,15,46.7,8,95,39,41.1,57,36,2,22,12,0,10,34,50,68,0,Matches
256,Riyad Mahrez,dz ALG,"FW,DF",Manchester City,29-320,1991,8.6,13,10,2,5,6,6,19,31.6,13,104,24,23.1,12,49,43,8,0,0,8,0,13,1,0,Matches
257,Ainsley Maitland-Niles,eng ENG,DF,Arsenal,23-130,1997,4.7,15,11,9,5,1,7,10,70,3,94,24,25.5,43,35,16,13,3,0,10,13,28,11,1,Matches
258,Sadio Mané,sn SEN,FW,Liverpool,28-271,1992,14.8,24,20,5,12,7,7,15,46.7,8,215,77,35.8,29,77,109,18,2,0,16,7,31,3,0,Matches
259,Javier Manquillo,es ESP,DF,Newcastle Utd,26-246,1994,5.1,14,8,6,7,1,4,6,66.7,2,56,18,32.1,30,20,6,8,1,0,7,3,17,11,0,Matches
260,Fernando Marçal,br BRA,DF,Wolves,31-322,1989,6.3,9,4,5,4,0,2,6,33.3,4,58,19,32.8,30,18,10,17,2,0,15,7,16,22,0,Matches
261,Solly March,eng ENG,DF,Brighton,26-170,1994,14.6,42,25,21,16,5,10,20,50,10,177,49,27.7,63,61,53,39,4,0,35,14,56,9,0,Matches
262,Pablo Marí,es ESP,DF,Arsenal,27-128,1993,3,6,6,5,1,0,1,1,100,0,19,9,47.4,10,9,0,8,4,0,4,1,7,23,0,Matches
263,Anthony Martial,fr FRA,FW,Manchester Utd,25-032,1995,9.2,0,0,0,0,0,0,4,0,4,93,32,34.4,4,29,60,9,2,0,7,0,0,5,0,Matches
264,Martinelli,br BRA,FW,Arsenal,19-202,2001,1.7,3,1,1,1,1,2,7,28.6,5,30,2,6.7,5,7,18,0,0,0,0,4,7,2,0,Matches
265,Emiliano Martínez,ar ARG,GK,Aston Villa,28-126,1992,15,0,0,0,0,0,0,0,,0,1,0,0,1,0,0,0,0,0,0,0,0,0,1,Matches
266,Arthur Masuaku,cd COD,DF,West Ham,27-060,1993,9.4,17,11,13,3,1,11,29,37.9,18,103,34,33,63,26,14,27,0,0,27,3,20,14,0,Matches
267,Juan Mata,es ESP,FW,Manchester Utd,32-253,1988,3.7,2,2,1,1,0,0,5,0,5,43,10,23.3,9,13,21,2,0,0,2,0,2,2,0,Matches
268,Nemanja Mati?,rs SRB,MF,Manchester Utd,32-158,1988,6.1,14,8,8,6,0,4,15,26.7,11,99,32,32.3,47,49,3,19,1,0,18,4,18,7,0,Matches
269,Joël Matip,cm CMR,DF,Liverpool,29-151,1991,6.2,12,8,9,3,0,4,7,57.1,3,47,19,40.4,30,16,1,6,0,0,6,3,15,20,0,Matches
270,Neal Maupay,fr FRA,"FW,MF",Brighton,24-145,1996,12.4,10,8,2,5,3,0,4,0,4,166,52,31.3,29,64,73,9,2,0,7,3,13,3,0,Matches
271,James McArthur,sco SCO,MF,Crystal Palace,33-091,1987,13.3,45,21,25,16,4,14,38,36.8,24,302,86,28.5,130,144,28,29,3,0,26,17,62,19,0,Matches
272,Oliver McBurnie,sco SCO,FW,Sheffield Utd,24-216,1996,9.2,10,5,5,3,2,4,13,30.8,9,198,43,21.7,16,111,71,12,3,0,9,5,15,14,0,Matches
273,Alex McCarthy,eng ENG,GK,Southampton,31-034,1989,16,0,0,0,0,0,0,1,0,1,1,0,0,1,0,0,0,0,0,0,0,0,1,1,Matches
274,James McCarthy,ie IRL,MF,Crystal Palace,30-055,1990,3.7,10,5,8,2,0,4,9,44.4,5,75,15,20,37,35,3,8,3,0,5,5,15,5,0,Matches
275,John McGinn,sco SCO,MF,Aston Villa,26-080,1994,15,30,18,11,15,4,8,28,28.6,20,215,61,28.4,55,118,42,14,1,0,13,6,36,13,2,Matches
276,David McGoldrick,ie IRL,"FW,MF",Sheffield Utd,33-038,1987,10.3,8,2,1,5,2,2,9,22.2,7,181,45,24.9,29,73,79,19,2,0,17,7,15,7,0,Matches
277,Dwight McNeil,eng ENG,MF,Burnley,21-045,1999,13,21,11,7,12,2,4,23,17.4,19,241,57,23.7,55,131,55,23,1,0,22,9,30,10,1,Matches
278,Scott McTominay,sco SCO,MF,Manchester Utd,24-029,1996,10.2,20,12,15,5,0,6,19,31.6,13,161,52,32.3,62,78,21,31,7,0,24,13,33,16,0,Matches
279,Ben Mee,eng ENG,DF,Burnley,31-105,1989,9,8,5,7,1,0,3,6,50,3,36,6,16.7,22,12,2,16,11,0,5,2,10,67,0,Matches
280,Benjamin Mendy,fr FRA,DF,Manchester City,26-173,1994,5.6,7,4,3,2,2,2,8,25,6,51,14,27.5,14,24,13,10,2,0,8,2,9,8,1,Matches
281,Edouard Mendy,sn SEN,GK,Chelsea,28-311,1992,13,0,0,0,0,0,0,1,0,1,3,0,0,3,0,0,0,0,0,0,0,0,0,0,Matches
282,Nampalys Mendy,fr FRA,MF,Leicester City,28-197,1992,12.3,25,15,14,10,1,5,11,45.5,6,195,65,33.3,81,91,23,17,1,0,16,7,32,2,0,Matches
283,Illan Meslier,fr FRA,GK,Leeds United,20-310,2000,17,0,0,0,0,0,0,1,0,1,3,1,33.3,3,0,0,0,0,0,0,0,0,0,1,Matches
284,Luka Milivojevi?,rs SRB,MF,Crystal Palace,29-274,1991,9.1,20,14,6,10,4,11,26,42.3,15,153,42,27.5,61,72,20,12,1,0,11,10,30,14,0,Matches
285,James Milner,eng ENG,"MF,DF",Liverpool,35-002,1986,3.9,10,6,5,5,0,5,12,41.7,7,60,22,36.7,19,29,12,18,2,0,16,3,13,6,0,Matches
286,Yerry Mina,co COL,DF,Everton,26-105,1994,14,18,8,13,5,0,3,6,50,3,102,27,26.5,64,37,1,22,15,0,7,8,26,79,1,Matches
287,Takumi Minamino,jp JPN,"MF,FW",Liverpool,25-356,1995,3.2,4,3,1,2,1,0,12,0,12,79,24,30.4,19,38,22,0,0,0,0,0,4,3,0,Matches
288,Tyrone Mings,eng ENG,DF,Aston Villa,27-299,1993,13.5,11,8,8,3,0,5,9,55.6,4,84,30,35.7,41,36,7,21,11,0,10,2,13,69,0,Matches
289,Tyrick Mitchell,eng ENG,DF,Crystal Palace,21-127,1999,8,32,12,20,6,6,6,13,46.2,7,145,38,26.2,93,32,20,22,2,0,20,7,39,23,0,Matches
290,Aleksandar Mitrovi?,rs SRB,FW,Fulham,26-112,1994,8.8,8,6,1,4,3,2,5,40,3,105,38,36.2,9,34,62,12,4,0,8,1,9,4,0,Matches
291,Jayson Molumby,ie IRL,MF,Brighton,21-153,1999,0,0,0,0,0,0,0,0,,0,1,0,0,1,0,0,0,0,0,0,0,0,0,0,Matches
292,Wes Morgan,jm JAM,DF,Leicester City,36-351,1984,0.2,0,0,0,0,0,0,0,,0,0,0,,0,0,0,0,0,0,0,0,0,1,0,Matches
293,Mason Mount,eng ENG,"MF,FW",Chelsea,21-362,1999,15,35,21,13,15,7,8,34,23.5,26,298,82,27.5,76,136,86,19,1,0,18,15,50,11,0,Matches
294,Lucas Moura,br BRA,"FW,MF",Tottenham,28-146,1992,5.1,10,5,3,6,1,3,12,25,9,106,23,21.7,33,44,29,6,0,0,6,5,15,4,0,Matches
295,Lys Mousset,fr FRA,FW,Sheffield Utd,24-333,1996,2.3,0,0,0,0,0,0,3,0,3,42,9,21.4,1,17,24,1,1,0,0,0,0,0,0,Matches
296,João Moutinho,pt POR,MF,Wolves,34-120,1986,11.9,36,24,20,14,2,16,41,39,25,209,69,33,87,102,20,20,1,0,19,13,49,17,0,Matches
297,Jacob Murphy,eng ENG,"DF,FW",Newcastle Utd,25-317,1995,7.2,16,10,7,8,1,10,17,58.8,7,127,27,21.3,55,44,28,17,2,0,15,5,21,11,0,Matches
298,Shkodran Mustafi,de GER,DF,Arsenal,28-264,1992,0.5,1,1,1,0,0,1,1,100,0,7,2,28.6,3,4,0,1,0,0,1,0,1,2,0,Matches
299,Marvelous Nakamba,zw ZIM,MF,Aston Villa,26-353,1994,1.2,1,1,1,0,0,0,1,0,1,22,10,45.5,11,9,2,3,1,0,2,1,2,4,0,Matches
300,Wilfred Ndidi,ng NGA,"MF,DF",Leicester City,24-021,1996,7.1,35,19,18,13,4,6,18,33.3,12,122,47,38.5,57,55,10,22,4,0,18,12,47,25,0,Matches
301,Tanguy Ndombele,fr FRA,MF,Tottenham,24-009,1996,8.9,18,9,3,5,10,5,18,27.8,13,197,55,27.9,49,102,46,15,1,0,14,7,25,7,0,Matches
302,Reiss Nelson,eng ENG,FW,Arsenal,21-027,1999,0.8,0,0,0,0,0,0,0,,0,13,6,46.2,2,6,5,1,0,0,1,1,1,1,0,Matches
303,Pedro Neto,pt POR,"FW,MF",Wolves,20-303,2000,15,12,10,6,3,3,4,17,23.5,13,148,40,27,36,71,41,12,1,0,11,12,24,5,0,Matches
304,Rúben Neves,pt POR,MF,Wolves,23-299,1997,12.8,43,33,25,14,4,19,48,39.6,29,247,77,31.2,110,119,18,31,4,0,27,11,54,30,1,Matches
305,Eddie Nketiah,eng ENG,FW,Arsenal,21-221,1999,3.5,2,2,0,1,1,0,2,0,2,74,10,13.5,8,38,28,7,2,0,5,1,3,4,0,Matches
306,Niels Nkounkou,fr FRA,DF,Everton,20-066,2000,0.8,4,0,2,1,1,1,4,25,3,20,4,20,6,9,5,4,0,0,4,0,4,4,0,Matches
307,Dan Nlundulu,eng ENG,FW,Southampton,21-336,1999,0.4,0,0,0,0,0,0,1,0,1,12,2,16.7,3,4,5,1,0,0,1,0,0,0,0,Matches
308,Mark Noble,eng ENG,MF,West Ham,33-243,1987,2.5,2,1,0,1,1,1,5,20,4,34,6,17.6,10,19,5,1,0,0,1,3,5,0,0,Matches
309,Oliver Norwood,nir NIR,MF,Sheffield Utd,29-269,1991,6.3,11,6,4,6,1,3,19,15.8,16,112,25,22.3,38,60,14,7,2,0,5,9,20,10,0,Matches
310,Jack O'Connell,eng ENG,DF,Sheffield Utd,26-283,1994,2,3,1,1,1,1,0,2,0,2,10,4,40,5,2,3,6,3,0,3,0,3,11,0,Matches
311,Dara O'Shea,ie IRL,DF,West Brom,21-308,1999,11.1,23,15,15,8,0,8,19,42.1,11,114,43,37.7,74,33,7,32,13,0,19,11,34,58,0,Matches
312,Michael Obafemi,ie IRL,FW,Southampton,20-184,2000,0.2,0,0,0,0,0,0,0,,0,6,2,33.3,4,1,1,0,0,0,0,0,0,0,0,Matches
313,Denis Odoi,be BEL,DF,Fulham,32-224,1988,3,3,0,2,1,0,1,4,25,3,23,3,13,11,8,4,6,1,0,5,1,4,11,0,Matches
314,Angelo Ogbonna,it ITA,DF,West Ham,32-228,1988,16.7,16,11,13,2,1,0,9,0,9,131,53,40.5,84,41,6,30,10,0,20,10,26,111,0,Matches
315,Robin Olsen,se SWE,GK,Everton,30-364,1990,2,0,0,0,0,0,0,0,,0,0,0,,0,0,0,0,0,0,0,0,0,2,0,Matches
316,Josh Onomah,eng ENG,MF,Fulham,23-254,1997,1.5,2,1,0,2,0,0,0,,0,32,9,28.1,2,18,12,1,1,0,0,0,2,0,0,Matches
317,Divock Origi,be BEL,FW,Liverpool,25-263,1995,0.1,1,1,1,0,0,0,0,,0,3,1,33.3,2,0,1,0,0,0,0,0,1,0,0,Matches
318,Ben Osborn,eng ENG,"MF,DF",Sheffield Utd,26-154,1994,7.5,19,11,11,6,2,7,26,26.9,19,166,40,24.1,63,69,34,14,1,0,13,6,25,5,0,Matches
319,Owen Otasowie,us USA,MF,Wolves,19-261,2001,1.3,5,4,3,2,0,0,1,0,1,22,12,54.5,6,13,3,3,1,0,2,3,8,1,0,Matches
320,Alex Oxlade-Chamberlain,eng ENG,"MF,FW",Liverpool,27-144,1993,0.9,0,0,0,0,0,0,2,0,2,7,3,42.9,0,2,5,2,0,0,2,1,1,0,0,Matches
321,Emerson Palmieri,it ITA,DF,Chelsea,26-156,1994,1,3,2,1,1,1,1,3,33.3,2,14,3,21.4,6,3,5,2,0,0,2,1,4,10,0,Matches
322,Thomas Partey,gh GHA,MF,Arsenal,27-207,1993,3.1,8,6,3,5,0,4,10,40,6,43,19,44.2,12,28,3,4,0,0,4,5,13,2,0,Matches
323,Rui Patrício,pt POR,GK,Wolves,32-326,1988,17,0,0,0,0,0,0,0,,0,2,0,0,2,0,0,0,0,0,0,0,0,0,0,Matches
324,Bailey Peacock-Farrell,nir NIR,GK,Burnley,24-069,1996,1,0,0,0,0,0,0,0,,0,0,0,,0,0,0,0,0,0,0,0,0,0,0,Matches
325,Lee Peltier,eng ENG,DF,West Brom,34-026,1986,1,4,3,4,0,0,2,2,100,0,9,4,44.4,4,4,1,0,0,0,0,1,5,5,0,Matches
326,Nicolas Pépé,ci CIV,"FW,MF",Arsenal,25-222,1995,5.1,5,5,2,2,1,2,4,50,2,74,19,25.7,11,35,28,9,0,0,9,4,9,2,1,Matches
327,Matheus Pereira,br BRA,"MF,FW",West Brom,24-246,1996,10.2,15,9,6,7,2,3,16,18.8,13,153,51,33.3,35,80,38,10,0,0,10,9,24,11,0,Matches
328,Ayoze Pérez,es ESP,"MF,FW",Leicester City,27-167,1993,6,19,7,7,10,2,5,21,23.8,16,151,37,24.5,36,72,43,11,1,0,10,9,28,3,0,Matches
329,Kalvin Phillips,eng ENG,MF,Leeds United,25-035,1995,13.5,39,24,22,12,5,12,38,31.6,26,256,92,35.9,106,128,22,39,10,0,29,26,65,26,0,Matches
330,Matt Phillips,sco SCO,"MF,DF",West Brom,29-299,1991,7.2,8,4,2,3,3,2,10,20,8,121,28,23.1,39,50,32,16,1,1,15,4,12,8,0,Matches
331,Nathaniel Phillips,eng ENG,DF,Liverpool,23-291,1997,3,3,1,3,0,0,0,2,0,2,32,13,40.6,14,16,2,2,2,0,0,2,5,17,0,Matches
332,Jordan Pickford,eng ENG,GK,Everton,26-305,1994,14,0,0,0,0,0,0,1,0,1,5,1,20,5,0,0,1,0,0,1,0,0,2,1,Matches
333,Erik Pieters,nl NED,"DF,MF",Burnley,32-152,1988,4,10,4,4,6,0,3,8,37.5,5,65,10,15.4,29,25,11,10,0,0,10,0,10,10,0,Matches
334,Daniel Podence,pt POR,"FW,MF",Wolves,25-077,1995,12.4,14,7,2,7,5,4,14,28.6,10,148,46,31.1,30,66,52,5,1,0,4,12,26,4,0,Matches
335,Paul Pogba,fr FRA,"MF,FW",Manchester Utd,27-297,1993,9.6,19,14,7,10,2,5,18,27.8,13,141,42,29.8,43,66,32,10,1,0,9,7,26,20,0,Matches
336,Nick Pope,eng ENG,GK,Burnley,28-262,1992,14,1,0,1,0,0,1,2,50,1,4,1,25,4,0,0,0,0,0,0,0,1,1,0,Matches
337,Dennis Praet,be BEL,"MF,FW",Leicester City,26-237,1994,7.3,12,7,5,6,1,6,13,46.2,7,126,30,23.8,35,60,31,14,2,0,12,7,19,3,0,Matches
338,Davy Pröpper,nl NED,MF,Brighton,29-126,1991,1.2,4,3,0,4,0,0,1,0,1,14,9,64.3,5,8,1,1,0,0,1,0,4,0,0,Matches
339,Christian Pulisic,us USA,"FW,MF",Chelsea,22-110,1998,7.7,10,5,5,5,0,2,9,22.2,7,106,33,31.1,20,53,33,16,1,0,15,6,16,4,0,Matches
340,Aaron Ramsdale,eng ENG,GK,Sheffield Utd,22-237,1998,17,0,0,0,0,0,0,0,,0,4,1,25,3,0,1,0,0,0,0,0,0,0,2,Matches
341,Jacob Ramsey,eng ENG,"MF,FW",Aston Villa,19-223,2001,1.4,0,0,0,0,0,0,2,0,2,30,4,13.3,12,16,2,2,1,0,1,0,0,1,0,Matches
342,Darren Randolph,ie IRL,GK,West Ham,33-239,1987,1,0,0,0,0,0,0,0,,0,0,0,,0,0,0,0,0,0,0,0,0,0,0,Matches
343,Marcus Rashford,eng ENG,FW,Manchester Utd,23-067,1997,15.1,4,3,1,1,2,0,10,0,10,146,37,25.3,23,57,66,9,1,0,8,6,10,7,0,Matches
344,Tim Ream,us USA,DF,Fulham,33-093,1987,5,5,2,5,0,0,2,5,40,3,25,6,24,12,13,0,9,4,0,5,3,8,17,1,Matches
345,Nathan Redmond,eng ENG,MF,Southampton,26-306,1994,4.5,11,6,6,4,1,3,8,37.5,5,65,20,30.8,20,29,16,5,0,0,5,0,11,3,0,Matches
346,Harrison Reed,eng ENG,MF,Fulham,25-345,1995,7.9,15,8,6,7,2,5,27,18.5,22,142,39,27.5,57,64,21,13,3,0,10,13,28,9,0,Matches
347,Sergio Reguilón,es ESP,DF,Tottenham,24-021,1996,9.8,26,16,19,6,1,8,21,38.1,13,158,39,24.7,86,47,25,23,4,0,19,9,35,24,0,Matches
348,Bobby Reid,jm JAM,"DF,FW",Fulham,27-339,1993,10.3,12,6,5,5,2,4,12,33.3,8,145,40,27.6,47,58,40,17,2,0,15,8,20,10,0,Matches
349,Declan Rice,eng ENG,MF,West Ham,21-358,1999,17,45,32,27,17,1,18,35,51.4,17,262,85,32.4,111,132,19,28,4,0,24,30,75,18,1,Matches
350,Richarlison,br BRA,FW,Everton,23-241,1997,11.1,23,15,14,8,1,7,16,43.8,9,176,57,32.4,50,73,53,12,1,0,11,5,28,9,0,Matches
351,Jaïro Riedewald,nl NED,MF,Crystal Palace,24-119,1996,6.7,14,7,7,5,2,6,13,46.2,7,76,19,25,38,30,8,16,4,0,12,2,16,7,0,Matches
352,Matt Ritchie,sco SCO,"DF,MF",Newcastle Utd,31-118,1989,5.7,8,4,4,2,2,2,9,22.2,7,57,15,26.3,30,19,8,13,1,0,12,4,12,17,0,Matches
353,Tyler Roberts,wal WAL,"MF,FW",Leeds United,21-360,1999,2.7,3,1,1,2,0,0,4,0,4,61,13,21.3,8,31,22,4,1,0,3,0,3,1,0,Matches
354,Andrew Robertson,sco SCO,DF,Liverpool,26-301,1994,17,16,10,11,4,1,9,22,40.9,13,134,51,38.1,50,40,44,31,7,0,24,9,25,32,1,Matches
355,Antonee Robinson,us USA,DF,Fulham,23-151,1997,12,21,12,14,3,4,9,20,45,11,109,38,34.9,61,24,24,34,5,0,29,21,42,43,0,Matches
356,Callum Robinson,ie IRL,"FW,MF",West Brom,25-339,1995,9.4,4,1,1,1,2,1,8,12.5,7,134,35,26.1,16,48,70,6,0,0,6,4,8,7,0,Matches
357,Jack Robinson,eng ENG,DF,Sheffield Utd,27-127,1993,6.7,12,8,7,5,0,5,5,100,0,52,21,40.4,28,18,6,9,4,0,5,6,18,30,0,Matches
358,Hal Robson-Kanu,wal WAL,"FW,MF",West Brom,31-230,1989,1.6,1,1,1,0,0,0,0,,0,28,3,10.7,3,14,11,3,0,0,3,0,1,3,0,Matches
359,Marek Rodák,sk SVK,GK,Fulham,24-024,1996,1,0,0,0,0,0,0,1,0,1,2,0,0,2,0,0,0,0,0,0,0,0,0,0,Matches
360,Joe Rodon,wal WAL,DF,Tottenham,23-076,1997,1.1,1,1,1,0,0,1,1,100,0,5,2,40,3,2,0,1,1,0,0,1,2,8,1,Matches
361,Rodri,es ESP,MF,Manchester City,24-198,1996,14.1,31,26,10,16,5,14,37,37.8,23,216,79,36.6,76,111,29,21,5,0,16,12,43,27,1,Matches
362,Rodrigo,es ESP,MF,Leeds United,29-306,1991,9.1,12,8,7,3,2,1,16,6.3,15,145,37,25.5,31,72,42,8,0,0,8,3,15,5,0,Matches
363,James Rodríguez,co COL,"FW,MF",Everton,29-178,1991,9.6,10,6,2,6,2,4,24,16.7,20,119,33,27.7,35,57,27,14,0,0,14,7,17,1,0,Matches
364,Jay Rodriguez,eng ENG,"FW,MF",Burnley,31-161,1989,6.2,6,3,3,3,0,1,7,14.3,6,116,27,23.3,23,45,48,11,3,0,8,3,9,4,0,Matches
365,Oriol Romeu,es ESP,MF,Southampton,29-104,1991,14.5,51,24,20,27,4,14,45,31.1,31,249,75,30.1,90,139,20,24,6,0,18,15,66,13,0,Matches
366,Antonio Rüdiger,de GER,DF,Chelsea,27-309,1993,2,1,0,1,0,0,0,1,0,1,8,2,25,6,2,0,4,3,0,1,0,1,7,0,Matches
367,Mathew Ryan,au AUS,GK,Brighton,28-273,1992,11,0,0,0,0,0,0,0,,0,2,0,0,2,0,0,0,0,0,0,0,0,1,0,Matches
368,Allan Saint-Maximin,fr FRA,"FW,MF",Newcastle Utd,23-300,1997,6.5,8,6,4,3,1,1,4,25,3,74,21,28.4,16,40,18,4,0,0,4,2,10,0,0,Matches
369,Romain Saïss,ma MAR,DF,Wolves,30-286,1990,11.7,13,9,11,2,0,4,12,33.3,8,102,36,35.3,70,30,2,25,8,1,17,11,24,72,0,Matches
370,Bukayo Saka,eng ENG,"FW,DF",Arsenal,19-123,2001,13.7,11,9,1,9,1,0,13,0,13,141,44,31.2,34,59,48,23,2,0,21,10,21,16,0,Matches
371,Mamadou Sakho,fr FRA,DF,Crystal Palace,30-328,1990,3.1,4,2,1,3,0,3,3,100,0,14,6,42.9,8,6,0,3,2,0,1,0,4,14,1,Matches
372,Mohamed Salah,eg EGY,FW,Liverpool,28-205,1992,15,16,8,4,6,6,5,8,62.5,3,186,67,36,14,53,119,6,1,0,5,3,19,3,0,Matches
373,Davinson Sánchez,co COL,DF,Tottenham,24-208,1996,5,11,9,9,2,0,3,9,33.3,6,40,13,32.5,29,11,0,5,2,0,3,2,13,28,0,Matches
374,Robert Sánchez,es ESP,GK,Brighton,23-049,1997,6,0,0,0,0,0,0,0,,0,0,0,,0,0,0,0,0,0,0,0,0,0,0,Matches
375,Romaine Sawyers,kn SKN,MF,West Brom,29-065,1991,12.7,21,13,13,7,1,9,29,31,20,263,62,23.6,130,112,21,15,2,0,13,20,41,9,1,Matches
376,Fabian Schär,ch SUI,DF,Newcastle Utd,29-017,1991,7.6,10,7,6,4,0,4,14,28.6,10,61,17,27.9,39,20,2,16,8,0,8,9,19,32,0,Matches
377,Jeffrey Schlupp,gh GHA,MF,Crystal Palace,28-014,1992,10.8,16,7,8,6,2,6,18,33.3,12,149,37,24.8,58,68,23,28,7,0,21,10,26,5,1,Matches
378,Kasper Schmeichel,dk DEN,GK,Leicester City,34-062,1986,17,0,0,0,0,0,0,0,,0,1,0,0,1,0,0,0,0,0,0,0,0,0,0,Matches
379,Nélson Semedo,pt POR,DF,Wolves,27-051,1993,13.7,32,19,22,6,4,14,28,50,14,196,60,30.6,97,65,34,33,9,0,24,15,47,34,0,Matches
380,Jamie Shackleton,eng ENG,"MF,DF",Leeds United,21-090,1999,3.4,6,4,4,2,0,1,5,20,4,48,10,20.8,16,21,11,5,1,0,4,5,11,5,0,Matches
381,Xherdan Shaqiri,ch SUI,"MF,FW",Liverpool,29-088,1991,1,3,3,2,1,0,0,1,0,1,14,8,57.1,3,5,6,0,0,0,0,1,4,0,0,Matches
382,Billy Sharp,eng ENG,"FW,MF",Sheffield Utd,34-336,1986,2.1,1,0,0,1,0,0,2,0,2,46,16,34.8,4,15,27,2,0,0,2,1,2,0,0,Matches
383,Luke Shaw,eng ENG,DF,Manchester Utd,25-178,1995,10.9,30,21,15,9,6,12,20,60,8,143,60,42,52,66,25,26,2,0,24,7,37,21,1,Matches
384,Jonjo Shelvey,eng ENG,MF,Newcastle Utd,28-314,1992,8.1,16,10,8,7,1,4,15,26.7,11,113,20,17.7,41,52,20,11,5,1,6,4,20,13,0,Matches
385,Gylfi Sigurðsson,is ISL,MF,Everton,31-120,1989,9.2,14,9,5,7,2,3,19,15.8,16,184,53,28.8,59,87,38,24,2,0,22,10,24,6,0,Matches
386,Bernardo Silva,pt POR,"FW,MF",Manchester City,26-149,1994,7.2,12,8,4,7,1,4,15,26.7,11,131,38,29,28,65,38,5,1,0,4,3,15,3,0,Matches
387,Fábio Silva,pt POR,FW,Wolves,18-171,2002,5.9,4,2,1,3,0,1,3,33.3,2,74,14,18.9,8,47,19,4,0,0,4,2,6,2,0,Matches
388,Thiago Silva,br BRA,DF,Chelsea,36-106,1984,11.8,14,8,11,2,1,7,11,63.6,4,52,18,34.6,24,25,3,17,10,0,7,15,29,56,1,Matches
389,Moussa Sissoko,fr FRA,MF,Tottenham,31-143,1989,11.8,19,15,16,3,0,7,14,50,7,157,48,30.6,94,52,11,17,3,0,14,10,29,18,0,Matches
390,Islam Slimani,dz ALG,FW,Leicester City,32-202,1988,0.2,0,0,0,0,0,0,0,,0,5,2,40,0,3,2,0,0,0,0,0,0,0,0,Matches
391,William Smallbone,ie IRL,MF,Southampton,20-320,2000,1.2,3,1,2,1,0,0,3,0,3,22,9,40.9,5,11,6,1,0,0,1,1,4,0,0,Matches
392,Emile Smith-Rowe,eng ENG,MF,Arsenal,20-162,2000,2.5,3,3,1,2,0,2,4,50,2,41,10,24.4,9,20,12,1,0,0,1,1,4,3,0,Matches
393,Robert Snodgrass,sco SCO,"FW,DF",West Ham,33-121,1987,0.1,1,1,0,0,1,0,0,,0,0,0,,0,0,0,0,0,0,0,0,1,0,0,Matches
394,Cédric Soares,pt POR,MF,Arsenal,29-128,1991,0.1,0,0,0,0,0,0,1,0,1,0,0,,0,0,0,0,0,0,0,0,0,0,0,Matches
395,Tomáš Sou?ek,cz CZE,MF,West Ham,25-314,1995,17,33,19,12,17,4,12,41,29.3,29,253,67,26.5,89,125,39,21,4,0,17,23,56,48,1,Matches
396,Ça?lar Söyüncü,tr TUR,DF,Leicester City,24-228,1996,4.1,4,4,1,3,0,1,4,25,3,37,14,37.8,21,14,2,8,4,0,4,4,8,17,1,Matches
397,Zack Steffen,us USA,GK,Manchester City,25-279,1995,1,0,0,0,0,0,0,0,,0,0,0,,0,0,0,0,0,0,0,0,0,0,0,Matches
398,Dale Stephens,eng ENG,MF,Burnley,31-208,1989,2.6,8,4,3,4,1,4,7,57.1,3,36,14,38.9,10,23,3,3,0,0,3,2,10,0,0,Matches
399,Jack Stephens,eng ENG,DF,Southampton,26-345,1994,6.5,16,8,10,5,1,7,15,46.7,8,57,19,33.3,32,22,3,10,5,0,5,8,24,37,0,Matches
400,Raheem Sterling,eng ENG,FW,Manchester City,26-029,1994,13.1,13,13,1,9,3,4,12,33.3,8,148,44,29.7,20,70,58,11,0,0,11,3,16,1,0,Matches
401,Enda Stevens,ie IRL,DF,Sheffield Utd,30-181,1990,14,29,15,15,10,4,9,25,36,16,169,44,26,82,56,31,31,6,0,25,19,48,45,1,Matches
402,John Stones,eng ENG,DF,Manchester City,26-223,1994,7,6,3,4,2,0,3,5,60,2,31,8,25.8,13,17,1,12,4,0,8,4,10,19,0,Matches
403,Pascal Struijk,nl NED,"DF,MF",Leeds United,21-148,1999,6.3,10,5,7,3,0,3,10,30,7,91,31,34.1,41,42,8,8,3,0,5,9,19,28,0,Matches
404,Matt Targett,eng ENG,DF,Aston Villa,25-110,1995,15,33,23,14,10,9,17,35,48.6,18,131,50,38.2,59,48,24,30,6,0,24,11,44,46,0,Matches
405,James Tarkowski,eng ENG,DF,Burnley,28-048,1992,13,28,15,23,4,1,12,20,60,8,89,39,43.8,59,27,3,23,14,0,9,14,42,86,1,Matches
406,Charlie Taylor,eng ENG,DF,Burnley,27-110,1993,14.1,26,13,15,7,4,14,26,53.8,12,111,29,26.1,52,43,16,34,9,0,25,7,33,43,0,Matches
407,Nathan Tella,eng ENG,"FW,MF",Southampton,21-185,1999,1.8,1,0,0,1,0,1,2,50,1,47,11,23.4,5,24,18,3,0,0,3,0,1,1,0,Matches
408,Alex Telles,br BRA,DF,Manchester Utd,28-022,1992,4.8,8,4,7,1,0,3,7,42.9,4,44,13,29.5,21,15,8,8,0,0,8,6,14,16,0,Matches
409,Kenny Tete,nl NED,DF,Fulham,25-089,1995,1.4,4,2,2,1,1,0,2,0,2,18,4,22.2,8,7,3,3,0,0,3,0,4,3,0,Matches
410,Luke Thomas,eng ENG,DF,Leicester City,,,3,5,2,2,0,3,2,5,40,3,56,19,33.9,22,25,9,8,0,0,8,5,10,7,0,Matches
411,Youri Tielemans,be BEL,MF,Leicester City,23-244,1997,16.4,27,22,12,11,4,6,39,15.4,33,237,81,34.2,75,119,43,25,4,0,21,12,39,7,0,Matches
412,Kieran Tierney,sco SCO,DF,Arsenal,23-215,1997,15.9,17,9,6,8,3,5,15,33.3,10,104,34,32.7,43,43,18,32,7,0,25,11,28,48,0,Matches
413,James Tomkins,eng ENG,DF,Crystal Palace,31-283,1989,2.3,1,1,1,0,0,1,2,50,1,12,4,33.3,9,3,0,2,0,0,2,1,2,18,0,Matches
414,Fikayo Tomori,eng ENG,DF,Chelsea,23-018,1997,0.5,3,2,1,2,0,2,2,100,0,3,1,33.3,3,0,0,4,3,0,1,1,4,8,0,Matches
415,Ferrán Torres,es ESP,FW,Manchester City,20-312,2000,6.3,3,1,1,2,0,2,7,28.6,5,70,20,28.6,11,30,29,3,1,0,2,1,4,0,1,Matches
416,Cenk Tosun,tr TUR,FW,Everton,29-213,1991,0.5,0,0,0,0,0,0,0,,0,8,1,12.5,2,4,2,0,0,0,0,0,0,0,0,Matches
417,Andros Townsend,eng ENG,MF,Crystal Palace,29-174,1991,12.4,36,20,18,12,6,12,40,30,28,246,67,27.2,117,93,36,27,1,0,26,19,55,7,0,Matches
418,Conor Townsend,eng ENG,DF,West Brom,27-308,1993,7.8,14,9,9,5,0,7,13,53.8,6,87,24,27.6,40,33,14,13,7,1,6,7,21,15,0,Matches
419,Adama Traoré,es ESP,"FW,DF",Wolves,24-347,1996,11.5,16,10,10,5,1,6,11,54.5,5,133,48,36.1,37,73,23,11,0,0,11,3,19,7,0,Matches
420,Bertrand Traoré,bf BFA,"FW,MF",Aston Villa,25-122,1995,6.8,6,2,3,1,2,2,10,20,8,102,20,19.6,26,41,35,4,0,0,4,5,11,9,0,Matches
421,Trézéguet,eg EGY,FW,Aston Villa,26-097,1994,8,21,11,9,9,3,7,21,33.3,14,173,37,21.4,54,72,47,18,1,0,17,6,27,13,0,Matches
422,Leandro Trossard,be BEL,"FW,MF",Brighton,26-033,1994,11.4,9,7,2,6,1,2,10,20,8,127,46,36.2,34,50,43,17,1,0,16,4,13,3,0,Matches
423,Axel Tuanzebe,eng ENG,DF,Manchester Utd,23-053,1997,0.6,1,0,0,1,0,1,2,50,1,11,2,18.2,6,4,1,3,1,0,2,0,1,1,0,Matches
424,Cengiz Ünder,tr TUR,"MF,FW",Leicester City,23-176,1997,2.3,3,3,0,2,1,1,2,50,1,36,14,38.9,11,14,11,4,0,0,4,3,6,0,0,Matches
425,Yan Valery,fr FRA,MF,Southampton,21-319,1999,0.1,0,0,0,0,0,0,0,,0,2,0,0,1,1,0,1,0,0,1,0,0,0,0,Matches
426,Jamie Vardy,eng ENG,FW,Leicester City,33-361,1987,14.5,5,2,1,1,3,0,7,0,7,138,33,23.9,5,48,85,5,3,0,2,3,8,17,0,Matches
427,Joël Veltman,nl NED,DF,Brighton,28-357,1992,9.6,32,17,21,9,2,14,23,60.9,9,94,36,38.3,51,30,13,14,3,0,11,8,40,26,0,Matches
428,Jannik Vestergaard,dk DEN,DF,Southampton,28-156,1992,12.5,19,14,11,6,2,9,20,45,11,82,38,46.3,52,27,3,16,10,0,6,14,33,67,0,Matches
429,Rúben Vinagre,pt POR,DF,Wolves,21-272,1999,1.9,5,3,3,2,0,2,5,40,3,26,5,19.2,13,9,4,4,0,0,4,1,6,6,0,Matches
430,Carlos Vinícius,br BRA,FW,Tottenham,25-287,1995,0.2,0,0,0,0,0,0,0,,0,7,4,57.1,0,5,2,0,0,0,0,0,0,0,0,Matches
431,Vitinha,pt POR,MF,Wolves,20-328,2000,1.9,4,2,0,3,1,0,2,0,2,39,9,23.1,12,22,5,0,0,0,0,0,4,1,0,Matches
432,Mat?j Vydra,cz CZE,FW,Burnley,28-250,1992,1.9,1,1,1,0,0,0,2,0,2,44,10,22.7,3,22,19,6,1,0,5,0,1,0,0,Matches
433,Theo Walcott,eng ENG,"MF,FW",Southampton,31-296,1989,11.2,21,14,9,9,3,9,31,29,22,206,61,29.6,58,85,63,15,1,0,14,6,27,3,0,Matches
434,Theo Walcott,eng ENG,FW,Everton,31-296,1989,0.1,0,0,0,0,0,0,0,,0,5,1,20,3,2,0,0,0,0,0,0,0,0,0,Matches
435,Kyle Walker,eng ENG,DF,Manchester City,30-223,1990,11,20,16,10,8,2,9,18,50,9,115,40,34.8,47,47,21,18,3,0,15,9,29,21,0,Matches
436,Kyle Walker-Peters,eng ENG,DF,Southampton,23-268,1997,17,52,30,33,17,2,14,31,45.2,17,230,80,34.8,116,90,24,44,12,0,32,22,74,36,2,Matches
437,Aaron Wan-Bissaka,eng ENG,DF,Manchester Utd,23-041,1997,14,50,27,28,19,3,13,22,59.1,9,187,60,32.1,85,76,26,52,7,0,45,19,69,37,0,Matches
438,Joel Ward,eng ENG,DF,Crystal Palace,31-069,1989,8,14,9,9,5,0,6,9,66.7,3,99,29,29.3,46,30,23,23,6,0,17,11,25,37,0,Matches
439,James Ward-Prowse,eng ENG,MF,Southampton,26-066,1994,17,37,28,17,17,3,11,33,33.3,22,236,79,33.5,70,132,34,32,2,0,30,17,54,33,0,Matches
440,Ollie Watkins,eng ENG,FW,Aston Villa,25-007,1995,15,16,10,1,10,5,4,13,30.8,9,216,78,36.1,7,90,119,11,0,0,11,5,21,6,0,Matches
441,Adam Webster,eng ENG,DF,Brighton,26-002,1995,16,18,11,13,4,1,11,17,64.7,6,96,40,41.7,42,42,12,17,8,1,9,14,32,45,0,Matches
442,Danny Welbeck,eng ENG,FW,Brighton,30-041,1990,6.9,7,4,1,3,3,2,7,28.6,5,92,20,21.7,14,41,37,8,2,0,6,1,8,7,0,Matches
443,Timo Werner,de GER,FW,Chelsea,24-306,1996,15.1,15,9,7,5,3,4,25,16,21,172,56,32.6,46,60,66,14,0,0,14,3,18,1,0,Matches
444,Ashley Westwood,eng ENG,MF,Burnley,30-280,1990,15,14,7,6,7,1,4,15,26.7,11,201,57,28.4,55,117,29,21,4,0,17,12,26,14,0,Matches
445,Ben White,eng ENG,"DF,MF",Brighton,23-090,1997,15.5,34,17,18,12,4,15,39,38.5,24,180,63,35,82,87,11,26,10,0,16,14,48,32,0,Matches
446,Georginio Wijnaldum,nl NED,MF,Liverpool,30-056,1990,15,24,19,7,12,5,9,20,45,11,189,70,37,53,85,51,21,3,0,18,7,31,8,1,Matches
447,Brandon Williams,eng ENG,DF,Manchester Utd,20-125,2000,0.1,1,1,0,1,0,0,0,,0,3,2,66.7,0,3,0,0,0,0,0,0,1,0,0,Matches
448,Neco Williams,wal WAL,DF,Liverpool,19-268,2001,1.9,2,2,2,0,0,2,4,50,2,25,8,32,12,6,7,4,0,0,4,4,6,1,0,Matches
449,Rhys Williams,eng ENG,DF,Liverpool,19-338,2001,1.3,1,1,0,1,0,0,0,,0,5,1,20,0,3,2,0,0,0,0,0,1,10,1,Matches
450,Willian,br BRA,"FW,MF",Arsenal,32-150,1988,10,10,3,3,6,1,4,18,22.2,14,128,29,22.7,32,50,46,17,0,0,17,4,14,3,0,Matches
451,Joe Willock,eng ENG,MF,Arsenal,21-139,1999,2.6,4,4,2,1,1,0,7,0,7,40,15,37.5,14,15,11,9,1,0,8,5,9,0,0,Matches
452,Callum Wilson,eng ENG,FW,Newcastle Utd,28-314,1992,13.7,6,4,2,1,3,1,4,25,3,206,61,29.6,16,82,108,14,3,0,11,1,7,7,1,Matches
453,Harry Winks,eng ENG,MF,Tottenham,24-339,1996,5,12,8,9,3,0,4,13,30.8,9,79,30,38,36,36,7,7,3,0,4,8,20,6,0,Matches
454,Chris Wood,nz NZL,FW,Burnley,29-030,1991,14.3,8,6,0,3,5,3,7,42.9,4,134,31,23.1,6,50,78,10,1,0,9,1,9,6,0,Matches
455,Granit Xhaka,ch SUI,MF,Arsenal,28-101,1992,11.1,17,8,6,6,5,11,23,47.8,12,105,26,24.8,30,48,27,12,3,0,9,9,26,21,0,Matches
456,Andriy Yarmolenko,ua UKR,"FW,MF",West Ham,31-075,1989,2.7,5,3,3,1,1,1,4,25,3,40,15,37.5,20,12,8,5,0,0,5,3,8,1,0,Matches
457,DeAndre Yedlin,us USA,DF,Newcastle Utd,27-181,1993,3.9,7,3,7,0,0,4,11,36.4,7,55,15,27.3,29,16,10,7,1,0,6,3,10,14,0,Matches
458,Wilfried Zaha,ci CIV,FW,Crystal Palace,28-057,1992,14.9,9,6,3,4,2,3,14,21.4,11,258,48,18.6,44,131,83,14,0,0,14,13,22,1,0,Matches
459,Andre-Frank Zambo Anguissa,cm CMR,MF,Fulham,25-051,1995,13.3,51,29,13,28,10,13,31,41.9,18,252,66,26.2,82,121,49,26,3,0,23,31,82,12,1,Matches
460,Andi Zeqiri,ch SUI,"FW,DF",Brighton,21-198,1999,0.7,1,1,0,1,0,0,0,,0,10,2,20,2,5,3,1,1,0,0,0,1,0,0,Matches
461,Oleksandr Zinchenko,ua UKR,DF,Manchester City,24-022,1996,1.1,1,0,0,1,0,0,0,,0,8,4,50,4,4,0,2,0,0,2,1,2,2,0,Matches
462,Hakim Ziyech,ma MAR,FW,Chelsea,27-293,1993,5,2,1,1,1,0,0,4,0,4,68,20,29.4,13,24,31,6,0,0,6,6,8,0,0,Matches
463,Kurt Zouma,fr FRA,DF,Chelsea,26-071,1994,15,13,8,6,6,1,5,7,71.4,2,58,22,37.9,27,29,2,19,9,0,10,13,26,84,0,Matches
