,,,,,,,,SCA,,SCA Types,,,,,,GCA,,GCA Types,,,,,,,
Rk,Player,Nation,Pos,Squad,Age,Born,90s,SCA,SCA90,PassLive,PassDead,Drib,Sh,Fld,Def,GCA,GCA90,PassLive,PassDead,Drib,Sh,Fld,Def,OG,Matches
1,Patrick van Aanholt,nl NED,DF,Crystal Palace,30-130,1990,9.2,19,2.06,17,2,0,0,0,0,2,0.22,2,0,0,0,0,0,0,Matches
2,Tammy Abraham,eng ENG,FW,Chelsea,23-096,1997,8.7,16,1.84,10,0,1,2,3,0,2,0.23,1,0,0,0,1,0,0,Matches
3,Che Adams,eng ENG,FW,Southampton,24-177,1996,15,30,2.01,22,0,1,3,4,0,5,0.33,5,0,0,0,0,0,0,Matches
4,Tosin Adarabioyo,eng ENG,DF,Fulham,23-104,1997,11,8,0.73,8,0,0,0,0,0,1,0.09,1,0,0,0,0,0,0,Matches
5,Adrián,es ESP,GK,Liverpool,34-003,1987,2,0,0,0,0,0,0,0,0,0,0,0,0,0,0,0,0,0,Matches
6,Sergio Agüero,ar ARG,FW,Manchester City,32-218,1988,1.6,4,2.52,4,0,0,0,0,0,0,0,0,0,0,0,0,0,0,Matches
7,Ola Aina,ng NGA,DF,Fulham,24-090,1996,12,12,1,11,1,0,0,0,0,1,0.08,1,0,0,0,0,0,0,Matches
8,Rayan Aït Nouri,fr FRA,DF,Wolves,19-214,2001,5.9,7,1.19,6,0,1,0,0,0,0,0,0,0,0,0,0,0,0,Matches
9,Semi Ajayi,ng NGA,DF,West Brom,27-058,1993,16,4,0.25,3,0,0,1,0,0,2,0.12,1,0,0,1,0,0,0,Matches
10,Nathan Aké,nl NED,DF,Manchester City,25-323,1995,5.2,2,0.38,2,0,0,0,0,0,0,0,0,0,0,0,0,0,0,Matches
11,Marc Albrighton,eng ENG,"DF,FW",Leicester City,31-049,1989,7.8,22,2.82,17,0,3,1,0,1,3,0.38,2,0,0,1,0,0,0,Matches
12,Thiago Alcántara,es ESP,MF,Liverpool,29-270,1991,2.7,8,2.96,6,1,0,1,0,0,0,0,0,0,0,0,0,0,0,Matches
13,Toby Alderweireld,be BEL,DF,Tottenham,31-310,1989,10.9,11,1.01,8,0,0,3,0,0,3,0.28,3,0,0,0,0,0,0,Matches
14,Trent Alexander-Arnold,eng ENG,DF,Liverpool,22-091,1998,13.5,42,3.11,26,13,1,2,0,0,4,0.3,4,0,0,0,0,0,0,Matches
15,Ezgjan Alioski,mk MKD,"DF,MF",Leeds United,28-329,1992,10.8,24,2.22,23,0,0,0,1,0,0,0,0,0,0,0,0,0,0,Matches
16,Alisson,br BRA,GK,Liverpool,28-096,1992,14,2,0.14,2,0,0,0,0,0,0,0,0,0,0,0,0,0,0,Matches
17,Allan,br BRA,MF,Everton,29-364,1991,11.4,17,1.49,12,0,3,1,1,0,1,0.09,1,0,0,0,0,0,0,Matches
18,Dele Alli,eng ENG,"MF,FW",Tottenham,24-270,1996,0.9,3,3.51,1,0,0,0,2,0,0,0,0,0,0,0,0,0,0,Matches
19,Miguel Almirón,py PAR,"MF,FW",Newcastle Utd,26-331,1994,9.4,19,2.03,17,0,1,0,1,0,2,0.21,2,0,0,0,0,0,0,Matches
20,Marcos Alonso,es ESP,DF,Chelsea,30-009,1990,2.5,4,1.6,4,0,0,0,0,0,0,0,0,0,0,0,0,0,0,Matches
21,Steven Alzate,co COL,MF,Brighton,22-120,1998,5.8,17,2.93,14,0,1,2,0,0,1,0.17,1,0,0,0,0,0,0,Matches
22,Daniel Amartey,gh GHA,DF,Leicester City,26-016,1994,2.9,1,0.34,1,0,0,0,0,0,0,0,0,0,0,0,0,0,0,Matches
23,Ethan Ampadu,wal WAL,"MF,DF",Sheffield Utd,20-114,2000,9.8,8,0.82,6,1,0,0,1,0,0,0,0,0,0,0,0,0,0,Matches
24,Joachim Andersen,dk DEN,DF,Fulham,24-220,1996,8.7,5,0.58,5,0,0,0,0,0,1,0.12,1,0,0,0,0,0,0,Matches
25,Felipe Anderson,br BRA,"FW,MF",West Ham,27-266,1993,0,0,0,0,0,0,0,0,0,0,0,0,0,0,0,0,0,0,Matches
26,Michail Antonio,eng ENG,FW,West Ham,30-284,1990,6.4,22,3.46,10,1,2,3,6,0,2,0.31,0,1,0,0,1,0,0,Matches
27,Alphonse Areola,fr FRA,GK,Fulham,27-314,1993,14,0,0,0,0,0,0,0,0,0,0,0,0,0,0,0,0,0,Matches
28,Stuart Armstrong,sco SCO,MF,Southampton,28-282,1992,12.5,23,1.84,20,0,1,0,1,1,7,0.56,4,0,1,0,1,1,0,Matches
29,Kepa Arrizabalaga,es ESP,GK,Chelsea,26-095,1994,3,1,0.33,1,0,0,0,0,0,0,0,0,0,0,0,0,0,0,Matches
30,Pierre-Emerick Aubameyang,ga GAB,FW,Arsenal,31-202,1989,15,28,1.87,23,0,1,1,3,0,4,0.27,4,0,0,0,0,0,0,Matches
31,Serge Aurier,ci CIV,DF,Tottenham,28-013,1992,7.7,9,1.17,7,0,1,1,0,0,1,0.13,1,0,0,0,0,0,0,Matches
32,Charlie Austin,eng ENG,FW,West Brom,31-185,1989,1.5,1,0.65,0,0,1,0,0,0,0,0,0,0,0,0,0,0,0,Matches
33,Jordan Ayew,gh GHA,"FW,MF",Crystal Palace,29-117,1991,8.4,12,1.43,5,0,2,1,3,1,2,0.24,1,0,0,1,0,0,0,Matches
34,Luke Ayling,eng ENG,DF,Leeds United,29-134,1991,16.8,26,1.55,23,0,2,1,0,0,2,0.12,2,0,0,0,0,0,0,Matches
35,César Azpilicueta,es ESP,DF,Chelsea,31-131,1989,6.6,10,1.52,10,0,0,0,0,0,2,0.3,2,0,0,0,0,0,0,Matches
36,Eric Bailly,ci CIV,DF,Manchester Utd,26-269,1994,4.1,1,0.24,1,0,0,0,0,0,1,0.24,1,0,0,0,0,0,0,Matches
37,Fabián Balbuena,py PAR,DF,West Ham,29-136,1991,12,2,0.17,2,0,0,0,0,0,0,0,0,0,0,0,0,0,0,Matches
38,George Baldock,eng ENG,DF,Sheffield Utd,27-303,1993,16,21,1.31,17,0,1,2,0,1,1,0.06,1,0,0,0,0,0,0,Matches
39,Gareth Bale,wal WAL,FW,Tottenham,31-174,1989,1.8,7,3.89,1,2,2,1,1,0,0,0,0,0,0,0,0,0,0,Matches
40,Patrick Bamford,eng ENG,FW,Leeds United,27-123,1993,16.2,22,1.36,13,0,3,2,3,1,9,0.56,3,0,2,1,3,0,0,Matches
41,Phil Bardsley,sco SCO,DF,Burnley,35-192,1985,3,3,1,1,0,1,0,1,0,0,0,0,0,0,0,0,0,0,Matches
42,Ross Barkley,eng ENG,MF,Chelsea,27-032,1993,0.5,3,6.43,2,0,1,0,0,0,0,0,0,0,0,0,0,0,0,Matches
43,Ross Barkley,eng ENG,MF,Aston Villa,27-032,1993,5,29,5.75,15,9,4,1,0,0,4,0.79,3,1,0,0,0,0,0,Matches
44,Ashley Barnes,eng ENG,FW,Burnley,31-068,1989,8.7,22,2.53,16,0,0,3,2,1,0,0,0,0,0,0,0,0,0,Matches
45,Harvey Barnes,eng ENG,"FW,MF",Leicester City,23-028,1997,13.2,29,2.19,17,0,4,4,4,0,3,0.23,1,0,2,0,0,0,0,Matches
46,Kyle Bartley,eng ENG,DF,West Brom,29-229,1991,8.3,4,0.48,2,0,0,2,0,0,0,0,0,0,0,0,0,0,0,Matches
47,Chris Basham,eng ENG,"DF,MF",Sheffield Utd,32-170,1988,15.8,13,0.82,11,0,1,0,1,0,0,0,0,0,0,0,0,0,0,Matches
48,Michy Batshuayi,be BEL,FW,Crystal Palace,27-096,1993,4.8,11,2.31,7,1,1,0,2,0,2,0.42,1,0,0,0,1,0,0,Matches
49,Jan Bednarek,pl POL,DF,Southampton,24-269,1996,16,7,0.44,7,0,0,0,0,0,1,0.06,1,0,0,0,0,0,0,Matches
50,Donny van de Beek,nl NED,"MF,FW",Manchester Utd,23-263,1997,2.9,9,3.15,8,0,0,0,0,1,0,0,0,0,0,0,0,0,0,Matches
51,Héctor Bellerín,es ESP,DF,Arsenal,25-293,1995,14.2,28,1.97,25,1,0,1,1,0,6,0.42,5,0,0,0,1,0,0,Matches
52,Saïd Benrahma,dz ALG,"MF,FW",West Ham,25-149,1995,4.4,14,3.17,11,0,1,1,1,0,2,0.45,2,0,0,0,0,0,0,Matches
53,Josh Benson,eng ENG,MF,Burnley,21-032,1999,2.8,1,0.35,1,0,0,0,0,0,0,0,0,0,0,0,0,0,0,Matches
54,Christian Benteke,be BEL,FW,Crystal Palace,30-034,1990,6,14,2.33,13,0,0,0,1,0,1,0.17,1,0,0,0,0,0,0,Matches
55,Jóhann Berg Guðmundsson,is ISL,MF,Burnley,30-071,1990,2.7,3,1.13,3,0,0,0,0,0,0,0,0,0,0,0,0,0,0,Matches
56,Sander Berge,no NOR,MF,Sheffield Utd,22-327,1998,11.3,22,1.95,18,0,2,1,0,1,1,0.09,0,0,0,1,0,0,0,Matches
57,Steven Bergwijn,nl NED,"FW,MF",Tottenham,23-090,1997,7.6,20,2.65,15,1,0,0,4,0,1,0.13,0,0,0,0,1,0,0,Matches
58,Bernard,br BRA,"FW,MF",Everton,28-120,1992,3,12,3.94,10,0,1,0,1,0,1,0.33,1,0,0,0,0,0,0,Matches
59,Bernardo,br BRA,"MF,DF",Brighton,25-237,1995,1.3,4,3.1,2,0,0,2,0,0,0,0,0,0,0,0,0,0,0,Matches
60,Ryan Bertrand,eng ENG,DF,Southampton,31-154,1989,15.9,16,1.01,11,4,0,0,1,0,1,0.06,1,0,0,0,0,0,0,Matches
61,Yves Bissouma,ml MLI,MF,Brighton,24-129,1996,15.3,26,1.7,23,0,0,2,0,1,1,0.07,1,0,0,0,0,0,0,Matches
62,Jayden Bogle,eng ENG,"DF,MF",Sheffield Utd,20-163,2000,1.4,2,1.42,2,0,0,0,0,0,0,0,0,0,0,0,0,0,0,Matches
63,Willy Boly,ci CIV,DF,Wolves,29-338,1991,12,8,0.67,7,0,0,1,0,0,0,0,0,0,0,0,0,0,0,Matches
64,Jarrod Bowen,eng ENG,"FW,MF",West Ham,24-017,1996,14.3,43,3,26,5,3,6,2,1,4,0.28,2,2,0,0,0,0,0,Matches
65,Robbie Brady,ie IRL,MF,Burnley,28-358,1992,6.8,9,1.33,7,2,0,0,0,0,1,0.15,0,1,0,0,0,0,0,Matches
66,Rhian Brewster,eng ENG,FW,Sheffield Utd,20-280,2000,6.7,11,1.65,8,0,0,1,2,0,0,0,0,0,0,0,0,0,0,Matches
67,Josh Brownhill,eng ENG,MF,Burnley,25-018,1995,14,19,1.36,14,0,2,1,1,1,0,0,0,0,0,0,0,0,0,Matches
68,Joe Bryan,eng ENG,"DF,FW",Fulham,27-111,1993,3.8,8,2.11,4,3,0,0,1,0,1,0.26,0,0,0,0,1,0,0,Matches
69,Kean Bryan,eng ENG,DF,Sheffield Utd,24-066,1996,1.7,1,0.59,1,0,0,0,0,0,0,0,0,0,0,0,0,0,0,Matches
70,Oliver Burke,sco SCO,FW,Sheffield Utd,23-274,1997,6.8,15,2.21,11,0,3,0,0,1,1,0.15,1,0,0,0,0,0,0,Matches
71,Dan Burn,eng ENG,DF,Brighton,28-242,1992,8.1,7,0.86,7,0,0,0,0,0,0,0,0,0,0,0,0,0,0,Matches
72,Oskar Buur,dk DEN,DF,Wolves,22-281,1998,0.2,0,0,0,0,0,0,0,0,0,0,0,0,0,0,0,0,0,Matches
73,Willy Caballero,ar ARG,GK,Chelsea,39-100,1981,1,0,0,0,0,0,0,0,0,0,0,0,0,0,0,0,0,0,Matches
74,Gary Cahill,eng ENG,DF,Crystal Palace,35-018,1985,5,4,0.8,4,0,0,0,0,0,0,0,0,0,0,0,0,0,0,Matches
75,Tom Cairney,sco SCO,MF,Fulham,29-352,1991,8.4,35,4.15,21,8,3,1,2,0,2,0.24,2,0,0,0,0,0,0,Matches
76,Dominic Calvert-Lewin,eng ENG,FW,Everton,23-296,1997,15.6,26,1.67,16,0,2,4,4,0,7,0.45,2,0,0,4,1,0,0,Matches
77,João Cancelo,pt POR,"DF,MF",Manchester City,26-224,1994,11,37,3.36,32,2,3,0,0,0,4,0.36,4,0,0,0,0,0,0,Matches
78,Ian Carlo Poveda,eng ENG,"MF,DF",Leeds United,20-332,2000,2.6,7,2.66,4,0,3,0,0,0,0,0,0,0,0,0,0,0,0,Matches
79,Andy Carroll,eng ENG,FW,Newcastle Utd,32-000,1989,2.4,5,2.09,2,0,1,0,1,1,1,0.42,1,0,0,0,0,0,0,Matches
80,Matty Cash,eng ENG,DF,Aston Villa,23-152,1997,13.6,19,1.4,14,2,2,0,1,0,2,0.15,2,0,0,0,0,0,0,Matches
81,Timothy Castagne,be BEL,DF,Leicester City,25-032,1995,8.7,10,1.16,7,1,0,0,0,2,2,0.23,2,0,0,0,0,0,0,Matches
82,Ivan Cavaleiro,pt POR,FW,Fulham,27-080,1993,10.8,26,2.41,15,6,1,3,0,1,1,0.09,1,0,0,0,0,0,0,Matches
83,Edinson Cavani,uy URU,FW,Manchester Utd,33-327,1987,3.4,7,2.09,5,0,0,2,0,0,2,0.6,2,0,0,0,0,0,0,Matches
84,Dani Ceballos,es ESP,MF,Arsenal,24-152,1996,10.6,31,2.93,26,2,1,0,1,1,1,0.09,1,0,0,0,0,0,0,Matches
85,Ben Chilwell,eng ENG,DF,Chelsea,24-016,1996,13,26,2,14,9,0,1,1,1,4,0.31,4,0,0,0,0,0,0,Matches
86,Hamza Choudhury,eng ENG,MF,Leicester City,23-097,1997,0.8,1,1.27,1,0,0,0,0,0,0,0,0,0,0,0,0,0,0,Matches
87,Andreas Christensen,dk DEN,DF,Chelsea,24-271,1996,4.5,0,0,0,0,0,0,0,0,0,0,0,0,0,0,0,0,0,Matches
88,Ciaran Clark,ie IRL,DF,Newcastle Utd,31-102,1989,8,4,0.5,4,0,0,0,0,0,0,0,0,0,0,0,0,0,0,Matches
89,Nathaniel Clyne,eng ENG,DF,Crystal Palace,29-276,1991,8.8,4,0.46,3,1,0,0,0,0,1,0.11,1,0,0,0,0,0,0,Matches
90,Conor Coady,eng ENG,DF,Wolves,27-316,1993,16,6,0.37,5,0,0,0,0,1,0,0,0,0,0,0,0,0,0,Matches
91,Séamus Coleman,ie IRL,DF,Everton,32-087,1988,6.3,11,1.74,8,1,1,0,1,0,3,0.47,2,0,0,0,1,0,0,Matches
92,Aaron Connolly,ie IRL,FW,Brighton,20-344,2000,6.5,9,1.39,5,0,2,0,2,0,1,0.15,1,0,0,0,0,0,0,Matches
93,Liam Cooper,sco SCO,DF,Leeds United,29-129,1991,10.8,6,0.56,4,0,0,1,0,1,2,0.19,2,0,0,0,0,0,0,Matches
94,Hélder Costa,pt POR,MF,Leeds United,26-360,1994,7.5,16,2.12,12,0,1,1,2,0,2,0.27,2,0,0,0,0,0,0,Matches
95,Vladimír Coufal,cz CZE,DF,West Ham,28-137,1992,12.9,29,2.24,25,3,0,0,1,0,3,0.23,3,0,0,0,0,0,0,Matches
96,Aaron Cresswell,eng ENG,DF,West Ham,31-022,1989,17,40,2.35,19,18,0,2,1,0,6,0.35,2,2,0,1,1,0,0,Matches
97,Stuart Dallas,nir NIR,"DF,MF",Leeds United,29-262,1991,16.9,29,1.72,25,0,1,2,0,1,2,0.12,2,0,0,0,0,0,0,Matches
98,Scott Dann,eng ENG,DF,Crystal Palace,33-327,1987,8,3,0.37,2,0,0,0,0,1,0,0,0,0,0,0,0,0,0,Matches
99,Karl Darlow,eng ENG,GK,Newcastle Utd,30-090,1990,16,2,0.12,1,1,0,0,0,0,1,0.06,1,0,0,0,0,0,0,Matches
100,Ben Davies,wal WAL,DF,Tottenham,27-257,1993,7.6,12,1.58,8,0,1,0,2,1,3,0.4,1,0,1,0,1,0,0,Matches
101,Tom Davies,eng ENG,"MF,DF",Everton,22-190,1998,4.7,9,1.9,9,0,0,0,0,0,0,0,0,0,0,0,0,0,0,Matches
102,Keinan Davis,eng ENG,FW,Aston Villa,22-328,1998,0.6,5,8.82,3,0,1,1,0,0,0,0,0,0,0,0,0,0,0,Matches
103,Leif Davis,eng ENG,DF,Leeds United,20-360,2000,0.4,1,2.73,1,0,0,0,0,0,0,0,0,0,0,0,0,0,0,Matches
104,Craig Dawson,eng ENG,DF,West Ham,30-245,1990,2,2,1,0,1,0,0,1,0,0,0,0,0,0,0,0,0,0,Matches
105,Kevin De Bruyne,be BEL,MF,Manchester City,29-192,1991,13.2,82,6.21,56,14,5,2,2,3,13,0.98,10,0,1,0,1,1,0,Matches
106,Liam Delap,eng ENG,FW,Manchester City,17-333,2003,0.4,0,0,0,0,0,0,0,0,0,0,0,0,0,0,0,0,0,Matches
107,Fabian Delph,eng ENG,"MF,DF",Everton,31-046,1989,2.4,2,0.84,1,1,0,0,0,0,0,0,0,0,0,0,0,0,0,Matches
108,Leander Dendoncker,be BEL,MF,Wolves,25-266,1995,10.5,18,1.71,15,0,0,3,0,0,2,0.19,0,0,0,2,0,0,0,Matches
109,Ibrahima Diallo,fr FRA,MF,Southampton,21-304,1999,2.3,1,0.43,1,0,0,0,0,0,0,0,0,0,0,0,0,0,0,Matches
110,Grady Diangana,eng ENG,"MF,FW",West Brom,22-262,1998,11.9,18,1.52,10,1,1,3,2,1,1,0.08,1,0,0,0,0,0,0,Matches
111,Raphael Dias Belloli,br BRA,MF,Leeds United,24-023,1996,9.3,37,3.99,23,7,4,1,0,2,3,0.32,2,1,0,0,0,0,0,Matches
112,Rúben Dias,pt POR,DF,Manchester City,23-237,1997,12.8,8,0.63,7,0,0,0,1,0,0,0,0,0,0,0,0,0,0,Matches
113,Eric Dier,eng ENG,DF,Tottenham,26-357,1994,15,6,0.4,6,0,0,0,0,0,0,0,0,0,0,0,0,0,0,Matches
114,Lucas Digne,fr FRA,DF,Everton,27-170,1993,7.8,19,2.44,12,6,0,1,0,0,5,0.64,3,1,0,1,0,0,0,Matches
115,Virgil van Dijk,nl NED,DF,Liverpool,29-182,1991,4.1,1,0.24,1,0,0,0,0,0,0,0,0,0,0,0,0,0,0,Matches
116,Issa Diop,fr FRA,DF,West Ham,23-363,1997,3.3,0,0,0,0,0,0,0,0,0,0,0,0,0,0,0,0,0,Matches
117,Moussa Djenepo,ml MLI,MF,Southampton,22-205,1998,7.7,20,2.59,10,0,8,0,2,0,4,0.52,1,0,2,0,1,0,0,Matches
118,Matt Doherty,ie IRL,DF,Tottenham,28-356,1992,7.8,16,2.05,12,1,1,0,2,0,1,0.13,1,0,0,0,0,0,0,Matches
119,Gabriel Dos Santos,br BRA,DF,Arsenal,23-018,1997,11.7,6,0.51,4,0,0,2,0,0,0,0,0,0,0,0,0,0,0,Matches
120,Abdoulaye Doucouré,fr FRA,MF,Everton,28-005,1993,15.1,22,1.46,21,0,1,0,0,0,3,0.2,3,0,0,0,0,0,0,Matches
121,Paul Dummett,wal WAL,DF,Newcastle Utd,29-102,1991,0.9,0,0,0,0,0,0,0,0,0,0,0,0,0,0,0,0,0,Matches
122,Lewis Dunk,eng ENG,DF,Brighton,29-046,1991,14,7,0.5,6,0,0,1,0,0,0,0,0,0,0,0,0,0,0,Matches
123,Jimmy Dunne,ie IRL,DF,Burnley,23-079,1997,2,3,1.5,3,0,0,0,0,0,0,0,0,0,0,0,0,0,0,Matches
124,Ederson,br BRA,GK,Manchester City,27-142,1993,14,1,0.07,1,0,0,0,0,0,0,0,0,0,0,0,0,0,0,Matches
125,Kyle Edwards,eng ENG,"MF,FW",West Brom,22-324,1998,1.3,1,0.76,1,0,0,0,0,0,0,0,0,0,0,0,0,0,0,Matches
126,John Egan,ie IRL,DF,Sheffield Utd,28-078,1992,15.1,7,0.46,7,0,0,0,0,0,0,0,0,0,0,0,0,0,0,Matches
127,Ahmed Elmohamady,eg EGY,DF,Aston Villa,33-119,1987,1.5,11,7.44,8,1,0,1,0,1,1,0.68,0,1,0,0,0,0,0,Matches
128,Mohamed Elneny,eg EGY,MF,Arsenal,28-179,1992,9.7,11,1.13,9,0,1,1,0,0,0,0,0,0,0,0,0,0,0,Matches
129,Jonny Evans,nir NIR,DF,Leicester City,33-003,1988,12.9,7,0.54,7,0,0,0,0,0,1,0.08,1,0,0,0,0,0,0,Matches
130,Eberechi Eze,eng ENG,MF,Crystal Palace,22-191,1998,10.7,36,3.36,21,6,3,1,5,0,4,0.37,0,1,2,0,1,0,0,Matches
131,?ukasz Fabia?ski,pl POL,GK,West Ham,35-263,1985,16,1,0.06,0,1,0,0,0,0,0,0,0,0,0,0,0,0,0,Matches
132,Fabinho,br BRA,"DF,MF",Liverpool,27-075,1993,14.4,10,0.7,8,0,0,0,1,1,2,0.14,1,0,0,0,1,0,0,Matches
133,Bruno Fernandes,pt POR,MF,Manchester Utd,26-120,1994,14.4,81,5.62,59,10,1,5,4,2,14,0.97,11,2,0,1,0,0,0,Matches
134,Federico Fernández,ar ARG,DF,Newcastle Utd,31-320,1989,14.5,5,0.34,4,1,0,0,0,0,0,0,0,0,0,0,0,0,0,Matches
135,Fernandinho,br BRA,MF,Manchester City,35-247,1985,3.8,5,1.32,3,0,1,0,0,1,0,0,0,0,0,0,0,0,0,Matches
136,Sam Field,eng ENG,MF,West Brom,22-243,1998,0.7,0,0,0,0,0,0,0,0,0,0,0,0,0,0,0,0,0,Matches
137,Roberto Firmino,br BRA,"FW,MF",Liverpool,29-096,1991,15.5,45,2.91,31,0,5,5,3,1,4,0.26,4,0,0,0,0,0,0,Matches
138,John Fleck,sco SCO,MF,Sheffield Utd,29-135,1991,8.7,20,2.29,12,5,1,2,0,0,0,0,0,0,0,0,0,0,0,Matches
139,Phil Foden,eng ENG,"FW,DF",Manchester City,20-223,2000,6.6,20,3.05,14,0,4,1,0,1,4,0.61,3,0,0,1,0,0,0,Matches
140,Wesley Fofana,fr FRA,DF,Leicester City,20-020,2000,12,9,0.75,7,0,0,0,1,1,1,0.08,0,0,0,0,1,0,0,Matches
141,Pablo Fornals,es ESP,"MF,FW",West Ham,24-319,1996,14,26,1.86,20,1,0,3,2,0,4,0.29,1,1,0,2,0,0,0,Matches
142,Fraser Forster,eng ENG,GK,Southampton,32-295,1988,1,0,0,0,0,0,0,0,0,0,0,0,0,0,0,0,0,0,Matches
143,Timothy Fosu-Mensah,nl NED,DF,Manchester Utd,23-004,1998,0.9,4,4.5,4,0,0,0,0,0,0,0,0,0,0,0,0,0,0,Matches
144,Ryan Fraser,sco SCO,MF,Newcastle Utd,26-317,1994,3.1,7,2.29,4,2,0,0,1,0,3,0.98,1,1,0,0,1,0,0,Matches
145,Fred,br BRA,MF,Manchester Utd,27-307,1993,10.1,28,2.76,23,0,1,1,1,2,2,0.2,1,0,0,0,0,1,0,Matches
146,Ryan Fredericks,eng ENG,DF,West Ham,28-088,1992,3.5,14,3.95,12,0,0,0,0,2,1,0.28,1,0,0,0,0,0,0,Matches
147,Christian Fuchs,at AUT,DF,Leicester City,34-274,1986,7.8,3,0.38,3,0,0,0,0,0,0,0,0,0,0,0,0,0,0,Matches
148,Darnell Furlong,eng ENG,DF,West Brom,25-067,1995,15.8,17,1.08,12,1,0,3,1,0,2,0.13,2,0,0,0,0,0,0,Matches
149,Conor Gallagher,eng ENG,MF,West Brom,20-335,2000,12.9,14,1.09,9,2,1,1,0,1,1,0.08,1,0,0,0,0,0,0,Matches
150,Eric García,es ESP,DF,Manchester City,19-363,2001,2.2,4,1.79,3,0,0,0,1,0,0,0,0,0,0,0,0,0,0,Matches
151,Dwight Gayle,eng ENG,FW,Newcastle Utd,30-081,1990,0.7,2,2.81,2,0,0,0,0,0,0,0,0,0,0,0,0,0,0,Matches
152,David de Gea,es ESP,GK,Manchester Utd,30-060,1990,13.5,0,0,0,0,0,0,0,0,0,0,0,0,0,0,0,0,0,Matches
153,Anwar El Ghazi,nl NED,FW,Aston Villa,25-248,1995,5.4,24,4.48,14,2,4,1,3,0,0,0,0,0,0,0,0,0,0,Matches
154,Kieran Gibbs,eng ENG,DF,West Brom,31-102,1989,5,0,0,0,0,0,0,0,0,0,0,0,0,0,0,0,0,0,Matches
155,Billy Gilmour,sco SCO,MF,Chelsea,19-209,2001,0.4,1,2.5,1,0,0,0,0,0,0,0,0,0,0,0,0,0,0,Matches
156,Olivier Giroud,fr FRA,FW,Chelsea,34-098,1986,4,8,1.99,5,0,0,2,0,1,0,0,0,0,0,0,0,0,0,Matches
157,Ben Godfrey,eng ENG,DF,Everton,22-357,1998,9.7,5,0.52,4,0,0,0,1,0,0,0,0,0,0,0,0,0,0,Matches
158,André Gomes,pt POR,MF,Everton,27-160,1993,6.1,10,1.64,7,1,1,0,0,1,0,0,0,0,0,0,0,0,0,Matches
159,Joe Gomez,eng ENG,DF,Liverpool,23-228,1997,6.6,2,0.31,2,0,0,0,0,0,0,0,0,0,0,0,0,0,0,Matches
160,Anthony Gordon,eng ENG,"FW,MF",Everton,19-317,2001,1,1,1.02,1,0,0,0,0,0,0,0,0,0,0,0,0,0,0,Matches
161,Karlan Grant,eng ENG,FW,West Brom,23-110,1997,9.5,6,0.63,4,1,0,1,0,0,0,0,0,0,0,0,0,0,0,Matches
162,Demarai Gray,eng ENG,FW,Leicester City,24-192,1996,0.2,0,0,0,0,0,0,0,0,0,0,0,0,0,0,0,0,0,Matches
163,Jack Grealish,eng ENG,"FW,MF",Aston Villa,25-118,1995,15,105,7,77,11,7,2,7,1,15,1,11,0,0,0,3,1,0,Matches
164,Mason Greenwood,eng ENG,FW,Manchester Utd,19-097,2001,6.9,14,2.03,9,1,1,1,1,1,0,0,0,0,0,0,0,0,0,Matches
165,Pascal Groß,de GER,MF,Brighton,29-205,1991,8,29,3.64,18,11,0,0,0,0,3,0.38,3,0,0,0,0,0,0,Matches
166,Kamil Grosicki,pl POL,"FW,MF",West Brom,32-212,1988,0.1,0,0,0,0,0,0,0,0,0,0,0,0,0,0,0,0,0,Matches
167,Vicente Guaita,es ESP,GK,Crystal Palace,33-362,1987,17,0,0,0,0,0,0,0,0,0,0,0,0,0,0,0,0,0,Matches
168,?lkay Gündo?an,de GER,MF,Manchester City,30-074,1990,8.2,27,3.31,23,1,1,1,1,0,1,0.12,1,0,0,0,0,0,0,Matches
169,Antwoine Hackford,eng ENG,"DF,FW",Sheffield Utd,16-292,2004,0.1,0,0,0,0,0,0,0,0,0,0,0,0,0,0,0,0,0,Matches
170,Sébastien Haller,ci CIV,FW,West Ham,26-198,1994,10.4,16,1.54,13,0,1,0,2,0,0,0,0,0,0,0,0,0,0,Matches
171,Rekeem Harper,eng ENG,MF,West Brom,20-304,2000,0.4,0,0,0,0,0,0,0,0,0,0,0,0,0,0,0,0,0,Matches
172,Jack Harrison,eng ENG,MF,Leeds United,24-047,1996,14.5,58,3.99,51,2,2,1,2,0,9,0.62,7,0,2,0,0,0,0,Matches
173,Kortney Hause,eng ENG,DF,Aston Villa,25-174,1995,4,0,0,0,0,0,0,0,0,0,0,0,0,0,0,0,0,0,Matches
174,Kai Havertz,de GER,"MF,FW",Chelsea,21-209,1999,9.1,28,3.08,25,0,0,1,2,0,4,0.44,3,0,0,0,1,0,0,Matches
175,Isaac Hayden,eng ENG,"MF,DF",Newcastle Utd,25-290,1995,10.1,6,0.59,4,0,0,0,1,1,0,0,0,0,0,0,0,0,0,Matches
176,Michael Hector,jm JAM,DF,Fulham,28-171,1992,2.9,2,0.68,2,0,0,0,0,0,0,0,0,0,0,0,0,0,0,Matches
177,Ahmed Hegazi,eg EGY,DF,West Brom,29-347,1991,1,1,1,1,0,0,0,0,0,0,0,0,0,0,0,0,0,0,Matches
178,Dean Henderson,eng ENG,GK,Manchester Utd,23-300,1997,2.5,0,0,0,0,0,0,0,0,0,0,0,0,0,0,0,0,0,Matches
179,Jordan Henderson,eng ENG,"MF,DF",Liverpool,30-203,1990,12.6,28,2.22,22,4,0,0,1,1,3,0.24,2,1,0,0,0,0,0,Matches
180,Jeff Hendrick,ie IRL,MF,Newcastle Utd,28-341,1992,9.1,8,0.88,7,0,0,0,1,0,2,0.22,2,0,0,0,0,0,0,Matches
181,Pablo Hernández,es ESP,MF,Leeds United,35-270,1985,2.7,13,4.81,9,0,1,2,0,1,2,0.74,2,0,0,0,0,0,0,Matches
182,Son Heung-min,kr KOR,FW,Tottenham,28-182,1992,14.9,48,3.21,26,16,5,0,1,0,8,0.54,6,1,1,0,0,0,0,Matches
183,Ki-Jana Hoever,nl NED,DF,Wolves,18-354,2002,1.3,2,1.49,2,0,0,0,0,0,0,0,0,0,0,0,0,0,0,Matches
184,Rob Holding,eng ENG,DF,Arsenal,25-108,1995,13.5,5,0.37,4,0,0,0,0,1,3,0.22,3,0,0,0,0,0,0,Matches
185,Mason Holgate,eng ENG,DF,Everton,24-076,1996,6.9,8,1.16,4,2,0,0,2,0,0,0,0,0,0,0,0,0,0,Matches
186,Conor Hourihane,ie IRL,MF,Aston Villa,29-339,1991,2.5,8,3.2,4,4,0,0,0,0,1,0.4,0,1,0,0,0,0,0,Matches
187,Callum Hudson-Odoi,eng ENG,FW,Chelsea,20-060,2000,3.7,21,5.68,20,0,1,0,0,0,4,1.08,3,0,1,0,0,0,0,Matches
188,Pierre Højbjerg,dk DEN,MF,Tottenham,25-154,1995,16,24,1.5,19,2,0,1,0,2,2,0.12,1,1,0,0,0,0,0,Matches
189,Odion Ighalo,ng NGA,FW,Manchester Utd,31-204,1989,0.1,0,0,0,0,0,0,0,0,0,0,0,0,0,0,0,0,0,Matches
190,Kelechi Iheanacho,ng NGA,"FW,MF",Leicester City,24-095,1996,2.6,7,2.65,6,0,1,0,0,0,0,0,0,0,0,0,0,0,0,Matches
191,Danny Ings,eng ENG,FW,Southampton,28-167,1992,11.7,27,2.3,21,0,4,1,1,0,4,0.34,3,0,1,0,0,0,0,Matches
192,Branislav Ivanovi?,rs SRB,DF,West Brom,36-319,1984,8.2,1,0.12,1,0,0,0,0,0,0,0,0,0,0,0,0,0,0,Matches
193,Alex Iwobi,ng NGA,"FW,DF",Everton,24-248,1996,8.7,28,3.23,23,0,2,2,1,0,4,0.46,4,0,0,0,0,0,0,Matches
194,Phil Jagielka,eng ENG,"DF,MF",Sheffield Utd,38-142,1982,1.6,0,0,0,0,0,0,0,0,0,0,0,0,0,0,0,0,0,Matches
195,Alireza Jahanbakhsh,ir IRN,"FW,MF",Brighton,27-148,1993,2.8,13,4.62,11,0,0,1,1,0,1,0.36,1,0,0,0,0,0,0,Matches
196,Daniel James,wal WAL,FW,Manchester Utd,23-057,1997,3.6,7,1.94,6,0,0,0,1,0,1,0.28,1,0,0,0,0,0,0,Matches
197,Reece James,eng ENG,DF,Chelsea,21-029,1999,12,29,2.41,23,2,0,0,3,1,5,0.42,3,1,0,0,1,0,0,Matches
198,Gabriel Jesus,br BRA,FW,Manchester City,23-278,1997,7,26,3.71,14,0,5,1,6,0,2,0.29,2,0,0,0,0,0,0,Matches
199,Raúl Jiménez,mx MEX,FW,Wolves,29-246,1991,9.1,22,2.41,11,0,3,4,2,2,4,0.44,1,0,1,2,0,0,0,Matches
200,Joelinton,br BRA,"FW,MF",Newcastle Utd,24-145,1996,10.6,22,2.08,12,0,3,1,4,2,4,0.38,2,0,1,0,1,0,0,Matches
201,Ben Johnson,eng ENG,DF,West Ham,20-348,2000,1.6,0,0,0,0,0,0,0,0,0,0,0,0,0,0,0,0,0,Matches
202,Sam Johnstone,eng ENG,GK,West Brom,27-287,1993,17,0,0,0,0,0,0,0,0,0,0,0,0,0,0,0,0,0,Matches
203,Curtis Jones,eng ENG,MF,Liverpool,19-342,2001,7.5,21,2.81,16,0,1,0,2,2,2,0.27,2,0,0,0,0,0,0,Matches
204,Jorginho,it ITA,MF,Chelsea,29-017,1991,7.1,12,1.69,11,0,0,0,0,1,3,0.42,3,0,0,0,0,0,0,Matches
205,Diogo Jota,pt POR,FW,Liverpool,24-033,1996,5.6,13,2.33,9,0,1,2,1,0,1,0.18,0,0,1,0,0,0,0,Matches
206,James Justin,eng ENG,DF,Leicester City,22-318,1998,17,42,2.47,32,2,2,0,6,0,6,0.35,5,0,0,0,1,0,0,Matches
207,Aboubakar Kamara,fr FRA,"FW,DF",Fulham,25-305,1995,3.1,5,1.6,5,0,0,0,0,0,0,0,0,0,0,0,0,0,0,Matches
208,Harry Kane,eng ENG,FW,Tottenham,27-162,1993,15.9,53,3.34,32,2,9,3,6,1,16,1.01,10,1,3,0,2,0,0,Matches
209,N'Golo Kanté,fr FRA,MF,Chelsea,29-283,1991,16.4,28,1.71,26,0,0,1,0,1,0,0,0,0,0,0,0,0,0,Matches
210,Moise Kean,it ITA,FW,Everton,20-313,2000,0.2,0,0,0,0,0,0,0,0,0,0,0,0,0,0,0,0,0,Matches
211,Michael Keane,eng ENG,DF,Everton,27-361,1993,14.7,9,0.61,8,0,0,1,0,0,0,0,0,0,0,0,0,0,0,Matches
212,Neeskens Kebano,cd COD,"FW,MF",Fulham,28-302,1992,1.3,3,2.27,2,0,0,1,0,0,0,0,0,0,0,0,0,0,0,Matches
213,Naby Keïta,gn GUI,MF,Liverpool,25-331,1995,4.4,10,2.28,8,0,0,2,0,0,1,0.23,1,0,0,0,0,0,0,Matches
214,Caoimhin Kelleher,ie IRL,GK,Liverpool,22-044,1998,1,0,0,0,0,0,0,0,0,0,0,0,0,0,0,0,0,0,Matches
215,Jonjoe Kenny,eng ENG,DF,Everton,23-297,1997,0.9,1,1.14,1,0,0,0,0,0,0,0,0,0,0,0,0,0,0,Matches
216,Max Kilman,eng ENG,DF,Wolves,23-228,1997,8.4,3,0.36,3,0,0,0,0,0,1,0.12,1,0,0,0,0,0,0,Matches
217,Mateusz Klich,pl POL,MF,Leeds United,30-207,1990,15.6,74,4.75,62,7,2,2,1,0,10,0.64,8,1,1,0,0,0,0,Matches
218,Robin Koch,de GER,DF,Leeds United,24-173,1996,10.1,8,0.79,8,0,0,0,0,0,0,0,0,0,0,0,0,0,0,Matches
219,Sead Kolašinac,ba BIH,DF,Arsenal,27-200,1993,1,0,0,0,0,0,0,0,0,0,0,0,0,0,0,0,0,0,Matches
220,Ezri Konsa,eng ENG,DF,Aston Villa,23-075,1997,12.5,1,0.08,1,0,0,0,0,0,0,0,0,0,0,0,0,0,0,Matches
221,Cheikhou Kouyaté,sn SEN,DF,Crystal Palace,31-016,1989,16.7,7,0.42,5,0,0,1,1,0,1,0.06,1,0,0,0,0,0,0,Matches
222,Mateo Kova?i?,hr CRO,MF,Chelsea,26-245,1994,7.2,18,2.48,15,0,1,0,2,0,3,0.41,3,0,0,0,0,0,0,Matches
223,Emil Krafth,se SWE,DF,Newcastle Utd,26-157,1994,3.2,5,1.56,4,1,0,0,0,0,1,0.31,1,0,0,0,0,0,0,Matches
224,Filip Krovinovi?,hr CRO,MF,West Brom,25-130,1995,6.1,17,2.8,10,3,3,0,1,0,1,0.16,1,0,0,0,0,0,0,Matches
225,Alexandre Lacazette,fr FRA,FW,Arsenal,29-223,1991,9.6,23,2.4,13,0,2,1,3,4,1,0.1,1,0,0,0,0,0,0,Matches
226,Adam Lallana,eng ENG,"MF,FW",Brighton,32-241,1988,8.5,23,2.7,21,0,0,1,1,0,2,0.23,1,0,0,1,0,0,0,Matches
227,Érik Lamela,ar ARG,FW,Tottenham,28-308,1992,2.2,9,4.11,3,2,0,1,1,2,3,1.37,0,1,0,1,0,1,0,Matches
228,Tariq Lamptey,eng ENG,DF,Brighton,20-098,2000,9.8,24,2.44,19,0,1,0,4,0,4,0.41,2,0,0,0,2,0,0,Matches
229,Manuel Lanzini,ar ARG,"MF,FW",West Ham,27-326,1993,2.6,9,3.48,4,1,1,1,1,1,4,1.55,2,0,0,1,1,0,0,Matches
230,Aymeric Laporte,fr FRA,DF,Manchester City,26-224,1994,4,4,1,4,0,0,0,0,0,0,0,0,0,0,0,0,0,0,Matches
231,Jamaal Lascelles,eng ENG,DF,Newcastle Utd,27-056,1993,7.5,1,0.13,1,0,0,0,0,0,0,0,0,0,0,0,0,0,0,Matches
232,Maxime Le Marchand,fr FRA,DF,Fulham,31-087,1989,1.4,2,1.46,2,0,0,0,0,0,0,0,0,0,0,0,0,0,0,Matches
233,Mario Lemina,ga GAB,MF,Fulham,27-127,1993,5.1,8,1.58,4,0,4,0,0,0,0,0,0,0,0,0,0,0,0,Matches
234,Bernd Leno,de GER,GK,Arsenal,28-308,1992,17,0,0,0,0,0,0,0,0,0,0,0,0,0,0,0,0,0,Matches
235,Jamal Lewis,nir NIR,DF,Newcastle Utd,22-347,1998,11.3,17,1.5,15,2,0,0,0,0,1,0.09,1,0,0,0,0,0,0,Matches
236,Victor Lindelöf,se SWE,DF,Manchester Utd,26-173,1994,12.7,5,0.39,5,0,0,0,0,0,1,0.08,1,0,0,0,0,0,0,Matches
237,Jake Livermore,eng ENG,MF,West Brom,31-053,1989,8.5,5,0.59,5,0,0,0,0,0,0,0,0,0,0,0,0,0,0,Matches
238,Diego Llorente,es ESP,DF,Leeds United,27-143,1993,0.9,0,0,0,0,0,0,0,0,0,0,0,0,0,0,0,0,0,Matches
239,Hugo Lloris,fr FRA,GK,Tottenham,34-011,1986,16,1,0.06,1,0,0,0,0,0,1,0.06,1,0,0,0,0,0,0,Matches
240,Giovani Lo Celso,ar ARG,"MF,FW",Tottenham,24-272,1996,4.9,17,3.49,10,3,0,1,3,0,3,0.62,3,0,0,0,0,0,0,Matches
241,Ruben Loftus-Cheek,eng ENG,"FW,MF",Fulham,24-349,1996,6.7,10,1.49,6,0,1,1,2,0,0,0,0,0,0,0,0,0,0,Matches
242,Ruben Loftus-Cheek,eng ENG,FW,Chelsea,24-349,1996,0.7,1,1.5,1,0,0,0,0,0,0,0,0,0,0,0,0,0,0,Matches
243,Kevin Long,ie IRL,DF,Burnley,30-141,1990,6,0,0,0,0,0,0,0,0,0,0,0,0,0,0,0,0,0,Matches
244,Shane Long,ie IRL,"FW,MF",Southampton,33-350,1987,2.1,0,0,0,0,0,0,0,0,0,0,0,0,0,0,0,0,0,Matches
245,Matthew Longstaff,eng ENG,MF,Newcastle Utd,20-291,2000,3.3,2,0.6,2,0,0,0,0,0,0,0,0,0,0,0,0,0,0,Matches
246,Sean Longstaff,eng ENG,MF,Newcastle Utd,23-068,1997,8.2,8,0.98,3,3,1,0,0,1,0,0,0,0,0,0,0,0,0,Matches
247,Ademola Lookman,eng ENG,FW,Fulham,23-078,1997,11.2,43,3.84,29,3,2,5,3,1,6,0.54,3,1,2,0,0,0,0,Matches
248,Max Lowe,eng ENG,DF,Sheffield Utd,23-240,1997,4.6,4,0.87,2,1,0,1,0,0,0,0,0,0,0,0,0,0,0,Matches
249,Matthew Lowton,eng ENG,DF,Burnley,31-211,1989,11,9,0.82,9,0,0,0,0,0,0,0,0,0,0,0,0,0,0,Matches
250,David Luiz,br BRA,DF,Arsenal,33-259,1987,5.3,3,0.56,2,0,1,0,0,0,0,0,0,0,0,0,0,0,0,Matches
251,Douglas Luiz,br BRA,MF,Aston Villa,22-242,1998,13.6,27,1.99,24,2,0,1,0,0,3,0.22,3,0,0,0,0,0,0,Matches
252,John Lundstram,eng ENG,MF,Sheffield Utd,26-323,1994,8.5,20,2.34,15,4,0,0,0,1,1,0.12,0,1,0,0,0,0,0,Matches
253,Alexis Mac Allister,ar ARG,"FW,MF",Brighton,22-013,1998,1.5,1,0.69,1,0,0,0,0,0,0,0,0,0,0,0,0,0,0,Matches
254,James Maddison,eng ENG,"MF,FW",Leicester City,24-044,1996,10.7,50,4.67,26,13,2,1,6,2,8,0.75,4,1,0,0,2,1,0,Matches
255,Harry Maguire,eng ENG,DF,Manchester Utd,27-307,1993,16,15,0.94,11,0,1,1,1,1,3,0.19,1,0,0,1,0,1,0,Matches
256,Riyad Mahrez,dz ALG,"FW,DF",Manchester City,29-320,1991,8.6,36,4.21,26,5,1,2,1,1,2,0.23,0,1,1,0,0,0,0,Matches
257,Ainsley Maitland-Niles,eng ENG,DF,Arsenal,23-130,1997,4.7,7,1.48,5,1,0,0,1,0,1,0.21,0,0,0,0,1,0,0,Matches
258,Sadio Mané,sn SEN,FW,Liverpool,28-271,1992,14.8,55,3.72,38,0,3,5,8,1,6,0.41,2,0,0,2,1,1,0,Matches
259,Javier Manquillo,es ESP,DF,Newcastle Utd,26-246,1994,5.1,5,0.98,4,1,0,0,0,0,0,0,0,0,0,0,0,0,0,Matches
260,Fernando Marçal,br BRA,DF,Wolves,31-322,1989,6.3,3,0.47,3,0,0,0,0,0,0,0,0,0,0,0,0,0,0,Matches
261,Solly March,eng ENG,DF,Brighton,26-170,1994,14.6,43,2.95,33,6,3,1,0,0,3,0.21,2,1,0,0,0,0,0,Matches
262,Pablo Marí,es ESP,DF,Arsenal,27-128,1993,3,1,0.33,0,0,0,1,0,0,0,0,0,0,0,0,0,0,0,Matches
263,Anthony Martial,fr FRA,FW,Manchester Utd,25-032,1995,9.2,24,2.62,16,0,2,3,3,0,6,0.65,2,0,0,2,2,0,0,Matches
264,Martinelli,br BRA,FW,Arsenal,19-202,2001,1.7,3,1.74,2,0,0,0,1,0,0,0,0,0,0,0,0,0,0,Matches
265,Emiliano Martínez,ar ARG,GK,Aston Villa,28-126,1992,15,3,0.2,3,0,0,0,0,0,1,0.07,1,0,0,0,0,0,0,Matches
266,Arthur Masuaku,cd COD,DF,West Ham,27-060,1993,9.4,29,3.07,20,2,4,2,1,0,2,0.21,2,0,0,0,0,0,0,Matches
267,Juan Mata,es ESP,FW,Manchester Utd,32-253,1988,3.7,18,4.84,12,4,0,2,0,0,5,1.34,3,1,0,1,0,0,0,Matches
268,Nemanja Mati?,rs SRB,MF,Manchester Utd,32-158,1988,6.1,7,1.14,7,0,0,0,0,0,1,0.16,1,0,0,0,0,0,0,Matches
269,Joël Matip,cm CMR,DF,Liverpool,29-151,1991,6.2,6,0.97,5,0,0,1,0,0,2,0.32,1,0,0,1,0,0,0,Matches
270,Neal Maupay,fr FRA,"FW,MF",Brighton,24-145,1996,12.4,29,2.33,21,0,3,1,3,1,4,0.32,3,0,0,0,1,0,0,Matches
271,James McArthur,sco SCO,MF,Crystal Palace,33-091,1987,13.3,16,1.2,15,0,0,0,1,0,1,0.08,1,0,0,0,0,0,0,Matches
272,Oliver McBurnie,sco SCO,FW,Sheffield Utd,24-216,1996,9.2,17,1.85,14,0,0,2,1,0,1,0.11,0,0,0,0,1,0,0,Matches
273,Alex McCarthy,eng ENG,GK,Southampton,31-034,1989,16,0,0,0,0,0,0,0,0,0,0,0,0,0,0,0,0,0,Matches
274,James McCarthy,ie IRL,MF,Crystal Palace,30-055,1990,3.7,5,1.36,3,1,0,0,0,1,1,0.27,0,0,0,0,0,1,0,Matches
275,John McGinn,sco SCO,MF,Aston Villa,26-080,1994,15,46,3.07,38,1,2,1,4,0,9,0.6,6,1,1,0,1,0,0,Matches
276,David McGoldrick,ie IRL,"FW,MF",Sheffield Utd,33-038,1987,10.3,16,1.56,9,1,4,0,1,1,1,0.1,1,0,0,0,0,0,0,Matches
277,Dwight McNeil,eng ENG,MF,Burnley,21-045,1999,13,27,2.08,16,7,0,0,4,0,2,0.15,1,1,0,0,0,0,0,Matches
278,Scott McTominay,sco SCO,MF,Manchester Utd,24-029,1996,10.2,19,1.86,13,0,0,1,3,2,3,0.29,1,0,0,0,1,1,0,Matches
279,Ben Mee,eng ENG,DF,Burnley,31-105,1989,9,2,0.22,0,2,0,0,0,0,0,0,0,0,0,0,0,0,0,Matches
280,Benjamin Mendy,fr FRA,DF,Manchester City,26-173,1994,5.6,5,0.89,4,0,1,0,0,0,0,0,0,0,0,0,0,0,0,Matches
281,Edouard Mendy,sn SEN,GK,Chelsea,28-311,1992,13,1,0.08,1,0,0,0,0,0,0,0,0,0,0,0,0,0,0,Matches
282,Nampalys Mendy,fr FRA,MF,Leicester City,28-197,1992,12.3,10,0.81,6,0,0,0,2,2,1,0.08,1,0,0,0,0,0,0,Matches
283,Illan Meslier,fr FRA,GK,Leeds United,20-310,2000,17,2,0.12,2,0,0,0,0,0,0,0,0,0,0,0,0,0,0,Matches
284,Luka Milivojevi?,rs SRB,MF,Crystal Palace,29-274,1991,9.1,22,2.43,11,8,1,0,1,1,1,0.11,0,1,0,0,0,0,0,Matches
285,James Milner,eng ENG,"MF,DF",Liverpool,35-002,1986,3.9,8,2.07,4,3,0,0,0,1,1,0.26,0,1,0,0,0,0,0,Matches
286,Yerry Mina,co COL,DF,Everton,26-105,1994,14,2,0.14,2,0,0,0,0,0,0,0,0,0,0,0,0,0,0,Matches
287,Takumi Minamino,jp JPN,"MF,FW",Liverpool,25-356,1995,3.2,6,1.89,3,0,1,1,1,0,1,0.31,0,0,1,0,0,0,0,Matches
288,Tyrone Mings,eng ENG,DF,Aston Villa,27-299,1993,13.5,9,0.67,7,0,1,1,0,0,1,0.07,1,0,0,0,0,0,0,Matches
289,Tyrick Mitchell,eng ENG,DF,Crystal Palace,21-127,1999,8,5,0.62,5,0,0,0,0,0,2,0.25,2,0,0,0,0,0,0,Matches
290,Aleksandar Mitrovi?,rs SRB,FW,Fulham,26-112,1994,8.8,22,2.5,16,1,3,1,1,0,3,0.34,2,0,0,1,0,0,0,Matches
291,Jayson Molumby,ie IRL,MF,Brighton,21-153,1999,0,0,0,0,0,0,0,0,0,0,0,0,0,0,0,0,0,0,Matches
292,Wes Morgan,jm JAM,DF,Leicester City,36-351,1984,0.2,0,0,0,0,0,0,0,0,0,0,0,0,0,0,0,0,0,Matches
293,Mason Mount,eng ENG,"MF,FW",Chelsea,21-362,1999,15,57,3.8,28,22,2,2,2,1,7,0.47,1,4,0,2,0,0,0,Matches
294,Lucas Moura,br BRA,"FW,MF",Tottenham,28-146,1992,5.1,7,1.36,7,0,0,0,0,0,1,0.19,1,0,0,0,0,0,0,Matches
295,Lys Mousset,fr FRA,FW,Sheffield Utd,24-333,1996,2.3,4,1.77,3,0,1,0,0,0,0,0,0,0,0,0,0,0,0,Matches
296,João Moutinho,pt POR,MF,Wolves,34-120,1986,11.9,35,2.95,20,12,0,2,0,1,2,0.17,1,1,0,0,0,0,0,Matches
297,Jacob Murphy,eng ENG,"DF,FW",Newcastle Utd,25-317,1995,7.2,12,1.66,8,1,1,0,1,1,1,0.14,1,0,0,0,0,0,0,Matches
298,Shkodran Mustafi,de GER,DF,Arsenal,28-264,1992,0.5,0,0,0,0,0,0,0,0,0,0,0,0,0,0,0,0,0,Matches
299,Marvelous Nakamba,zw ZIM,MF,Aston Villa,26-353,1994,1.2,2,1.7,2,0,0,0,0,0,0,0,0,0,0,0,0,0,0,Matches
300,Wilfred Ndidi,ng NGA,"MF,DF",Leicester City,24-021,1996,7.1,3,0.42,3,0,0,0,0,0,0,0,0,0,0,0,0,0,0,Matches
301,Tanguy Ndombele,fr FRA,MF,Tottenham,24-009,1996,8.9,22,2.47,16,0,3,1,1,1,6,0.67,5,0,0,1,0,0,0,Matches
302,Reiss Nelson,eng ENG,FW,Arsenal,21-027,1999,0.8,1,1.27,1,0,0,0,0,0,0,0,0,0,0,0,0,0,0,Matches
303,Pedro Neto,pt POR,"FW,MF",Wolves,20-303,2000,15,60,3.99,31,11,8,4,6,0,5,0.33,1,2,0,2,0,0,0,Matches
304,Rúben Neves,pt POR,MF,Wolves,23-299,1997,12.8,28,2.19,24,2,1,1,0,0,0,0,0,0,0,0,0,0,0,Matches
305,Eddie Nketiah,eng ENG,FW,Arsenal,21-221,1999,3.5,4,1.14,3,0,0,0,0,1,1,0.28,1,0,0,0,0,0,0,Matches
306,Niels Nkounkou,fr FRA,DF,Everton,20-066,2000,0.8,1,1.32,1,0,0,0,0,0,0,0,0,0,0,0,0,0,0,Matches
307,Dan Nlundulu,eng ENG,FW,Southampton,21-336,1999,0.4,0,0,0,0,0,0,0,0,0,0,0,0,0,0,0,0,0,Matches
308,Mark Noble,eng ENG,MF,West Ham,33-243,1987,2.5,2,0.79,1,1,0,0,0,0,0,0,0,0,0,0,0,0,0,Matches
309,Oliver Norwood,nir NIR,MF,Sheffield Utd,29-269,1991,6.3,16,2.54,9,7,0,0,0,0,0,0,0,0,0,0,0,0,0,Matches
310,Jack O'Connell,eng ENG,DF,Sheffield Utd,26-283,1994,2,0,0,0,0,0,0,0,0,0,0,0,0,0,0,0,0,0,Matches
311,Dara O'Shea,ie IRL,DF,West Brom,21-308,1999,11.1,8,0.72,7,1,0,0,0,0,1,0.09,1,0,0,0,0,0,0,Matches
312,Michael Obafemi,ie IRL,FW,Southampton,20-184,2000,0.2,0,0,0,0,0,0,0,0,0,0,0,0,0,0,0,0,0,Matches
313,Denis Odoi,be BEL,DF,Fulham,32-224,1988,3,5,1.67,5,0,0,0,0,0,0,0,0,0,0,0,0,0,0,Matches
314,Angelo Ogbonna,it ITA,DF,West Ham,32-228,1988,16.7,5,0.3,5,0,0,0,0,0,0,0,0,0,0,0,0,0,0,Matches
315,Robin Olsen,se SWE,GK,Everton,30-364,1990,2,0,0,0,0,0,0,0,0,0,0,0,0,0,0,0,0,0,Matches
316,Josh Onomah,eng ENG,MF,Fulham,23-254,1997,1.5,1,0.69,1,0,0,0,0,0,0,0,0,0,0,0,0,0,0,Matches
317,Divock Origi,be BEL,FW,Liverpool,25-263,1995,0.1,1,9,1,0,0,0,0,0,0,0,0,0,0,0,0,0,0,Matches
318,Ben Osborn,eng ENG,"MF,DF",Sheffield Utd,26-154,1994,7.5,11,1.46,7,4,0,0,0,0,0,0,0,0,0,0,0,0,0,Matches
319,Owen Otasowie,us USA,MF,Wolves,19-261,2001,1.3,6,4.66,4,0,0,0,2,0,1,0.78,1,0,0,0,0,0,0,Matches
320,Alex Oxlade-Chamberlain,eng ENG,"MF,FW",Liverpool,27-144,1993,0.9,3,3.38,3,0,0,0,0,0,1,1.13,1,0,0,0,0,0,0,Matches
321,Emerson Palmieri,it ITA,DF,Chelsea,26-156,1994,1,0,0,0,0,0,0,0,0,0,0,0,0,0,0,0,0,0,Matches
322,Thomas Partey,gh GHA,MF,Arsenal,27-207,1993,3.1,3,0.97,3,0,0,0,0,0,0,0,0,0,0,0,0,0,0,Matches
323,Rui Patrício,pt POR,GK,Wolves,32-326,1988,17,0,0,0,0,0,0,0,0,0,0,0,0,0,0,0,0,0,Matches
324,Bailey Peacock-Farrell,nir NIR,GK,Burnley,24-069,1996,1,1,1,0,1,0,0,0,0,0,0,0,0,0,0,0,0,0,Matches
325,Lee Peltier,eng ENG,DF,West Brom,34-026,1986,1,1,0.96,1,0,0,0,0,0,0,0,0,0,0,0,0,0,0,Matches
326,Nicolas Pépé,ci CIV,"FW,MF",Arsenal,25-222,1995,5.1,3,0.59,1,2,0,0,0,0,1,0.2,1,0,0,0,0,0,0,Matches
327,Matheus Pereira,br BRA,"MF,FW",West Brom,24-246,1996,10.2,41,4,26,10,1,1,2,1,6,0.59,3,1,0,0,1,1,0,Matches
328,Ayoze Pérez,es ESP,"MF,FW",Leicester City,27-167,1993,6,25,4.18,18,1,3,2,1,0,4,0.67,3,0,1,0,0,0,0,Matches
329,Kalvin Phillips,eng ENG,MF,Leeds United,25-035,1995,13.5,29,2.15,20,7,0,1,0,1,1,0.07,1,0,0,0,0,0,0,Matches
330,Matt Phillips,sco SCO,"MF,DF",West Brom,29-299,1991,7.2,15,2.08,10,4,1,0,0,0,1,0.14,1,0,0,0,0,0,0,Matches
331,Nathaniel Phillips,eng ENG,DF,Liverpool,23-291,1997,3,1,0.33,1,0,0,0,0,0,0,0,0,0,0,0,0,0,0,Matches
332,Jordan Pickford,eng ENG,GK,Everton,26-305,1994,14,4,0.29,3,1,0,0,0,0,2,0.14,2,0,0,0,0,0,0,Matches
333,Erik Pieters,nl NED,"DF,MF",Burnley,32-152,1988,4,3,0.75,2,0,0,0,1,0,0,0,0,0,0,0,0,0,0,Matches
334,Daniel Podence,pt POR,"FW,MF",Wolves,25-077,1995,12.4,43,3.46,28,1,9,1,3,1,6,0.48,2,0,4,0,0,0,0,Matches
335,Paul Pogba,fr FRA,"MF,FW",Manchester Utd,27-297,1993,9.6,30,3.14,19,1,0,2,6,2,1,0.1,0,0,0,0,1,0,0,Matches
336,Nick Pope,eng ENG,GK,Burnley,28-262,1992,14,4,0.29,2,2,0,0,0,0,0,0,0,0,0,0,0,0,0,Matches
337,Dennis Praet,be BEL,"MF,FW",Leicester City,26-237,1994,7.3,13,1.79,12,0,0,0,0,1,2,0.28,2,0,0,0,0,0,0,Matches
338,Davy Pröpper,nl NED,MF,Brighton,29-126,1991,1.2,1,0.8,1,0,0,0,0,0,0,0,0,0,0,0,0,0,0,Matches
339,Christian Pulisic,us USA,"FW,MF",Chelsea,22-110,1998,7.7,29,3.76,18,1,5,2,1,2,4,0.52,3,0,0,1,0,0,0,Matches
340,Aaron Ramsdale,eng ENG,GK,Sheffield Utd,22-237,1998,17,5,0.29,4,1,0,0,0,0,0,0,0,0,0,0,0,0,0,Matches
341,Jacob Ramsey,eng ENG,"MF,FW",Aston Villa,19-223,2001,1.4,1,0.71,1,0,0,0,0,0,0,0,0,0,0,0,0,0,0,Matches
342,Darren Randolph,ie IRL,GK,West Ham,33-239,1987,1,0,0,0,0,0,0,0,0,0,0,0,0,0,0,0,0,0,Matches
343,Marcus Rashford,eng ENG,FW,Manchester Utd,23-067,1997,15.1,46,3.04,35,0,6,1,4,0,7,0.46,7,0,0,0,0,0,0,Matches
344,Tim Ream,us USA,DF,Fulham,33-093,1987,5,1,0.2,1,0,0,0,0,0,0,0,0,0,0,0,0,0,0,Matches
345,Nathan Redmond,eng ENG,MF,Southampton,26-306,1994,4.5,9,2.01,7,0,1,0,1,0,2,0.45,2,0,0,0,0,0,0,Matches
346,Harrison Reed,eng ENG,MF,Fulham,25-345,1995,7.9,11,1.38,8,3,0,0,0,0,1,0.13,1,0,0,0,0,0,0,Matches
347,Sergio Reguilón,es ESP,DF,Tottenham,24-021,1996,9.8,17,1.74,11,0,0,4,2,0,2,0.2,2,0,0,0,0,0,0,Matches
348,Bobby Reid,jm JAM,"DF,FW",Fulham,27-339,1993,10.3,9,0.87,6,0,2,0,1,0,3,0.29,2,0,0,0,1,0,0,Matches
349,Declan Rice,eng ENG,MF,West Ham,21-358,1999,17,29,1.71,25,1,1,1,0,1,3,0.18,2,0,0,1,0,0,0,Matches
350,Richarlison,br BRA,FW,Everton,23-241,1997,11.1,32,2.89,22,0,4,2,4,0,7,0.63,4,0,1,1,1,0,0,Matches
351,Jaïro Riedewald,nl NED,MF,Crystal Palace,24-119,1996,6.7,8,1.2,7,0,0,1,0,0,0,0,0,0,0,0,0,0,0,Matches
352,Matt Ritchie,sco SCO,"DF,MF",Newcastle Utd,31-118,1989,5.7,15,2.64,5,9,0,0,0,1,0,0,0,0,0,0,0,0,0,Matches
353,Tyler Roberts,wal WAL,"MF,FW",Leeds United,21-360,1999,2.7,7,2.6,3,0,1,1,2,0,0,0,0,0,0,0,0,0,0,Matches
354,Andrew Robertson,sco SCO,DF,Liverpool,26-301,1994,17,47,2.76,34,11,2,0,0,0,10,0.59,6,2,2,0,0,0,0,Matches
355,Antonee Robinson,us USA,DF,Fulham,23-151,1997,12,30,2.5,26,2,1,0,1,0,1,0.08,1,0,0,0,0,0,0,Matches
356,Callum Robinson,ie IRL,"FW,MF",West Brom,25-339,1995,9.4,25,2.66,19,0,5,0,1,0,1,0.11,0,0,1,0,0,0,0,Matches
357,Jack Robinson,eng ENG,DF,Sheffield Utd,27-127,1993,6.7,2,0.3,1,0,0,0,1,0,1,0.15,0,0,0,0,1,0,0,Matches
358,Hal Robson-Kanu,wal WAL,"FW,MF",West Brom,31-230,1989,1.6,2,1.27,2,0,0,0,0,0,0,0,0,0,0,0,0,0,0,Matches
359,Marek Rodák,sk SVK,GK,Fulham,24-024,1996,1,0,0,0,0,0,0,0,0,0,0,0,0,0,0,0,0,0,Matches
360,Joe Rodon,wal WAL,DF,Tottenham,23-076,1997,1.1,0,0,0,0,0,0,0,0,0,0,0,0,0,0,0,0,0,Matches
361,Rodri,es ESP,MF,Manchester City,24-198,1996,14.1,28,1.98,23,0,2,2,0,1,0,0,0,0,0,0,0,0,0,Matches
362,Rodrigo,es ESP,MF,Leeds United,29-306,1991,9.1,41,4.52,33,0,2,4,1,1,5,0.55,2,0,0,3,0,0,0,Matches
363,James Rodríguez,co COL,"FW,MF",Everton,29-178,1991,9.6,44,4.57,29,9,2,0,3,1,10,1.04,6,4,0,0,0,0,0,Matches
364,Jay Rodriguez,eng ENG,"FW,MF",Burnley,31-161,1989,6.2,13,2.1,8,0,2,2,1,0,0,0,0,0,0,0,0,0,0,Matches
365,Oriol Romeu,es ESP,MF,Southampton,29-104,1991,14.5,26,1.79,24,0,0,0,0,2,2,0.14,2,0,0,0,0,0,0,Matches
366,Antonio Rüdiger,de GER,DF,Chelsea,27-309,1993,2,0,0,0,0,0,0,0,0,0,0,0,0,0,0,0,0,0,Matches
367,Mathew Ryan,au AUS,GK,Brighton,28-273,1992,11,0,0,0,0,0,0,0,0,0,0,0,0,0,0,0,0,0,Matches
368,Allan Saint-Maximin,fr FRA,"FW,MF",Newcastle Utd,23-300,1997,6.5,17,2.63,14,0,2,0,1,0,3,0.46,3,0,0,0,0,0,0,Matches
369,Romain Saïss,ma MAR,DF,Wolves,30-286,1990,11.7,6,0.51,4,1,0,1,0,0,1,0.09,1,0,0,0,0,0,0,Matches
370,Bukayo Saka,eng ENG,"FW,DF",Arsenal,19-123,2001,13.7,43,3.14,27,5,5,2,4,0,4,0.29,3,0,0,0,1,0,0,Matches
371,Mamadou Sakho,fr FRA,DF,Crystal Palace,30-328,1990,3.1,0,0,0,0,0,0,0,0,0,0,0,0,0,0,0,0,0,Matches
372,Mohamed Salah,eg EGY,FW,Liverpool,28-205,1992,15,51,3.41,36,1,3,6,3,2,8,0.53,5,0,0,2,1,0,0,Matches
373,Davinson Sánchez,co COL,DF,Tottenham,24-208,1996,5,2,0.4,1,0,0,1,0,0,1,0.2,1,0,0,0,0,0,0,Matches
374,Robert Sánchez,es ESP,GK,Brighton,23-049,1997,6,0,0,0,0,0,0,0,0,0,0,0,0,0,0,0,0,0,Matches
375,Romaine Sawyers,kn SKN,MF,West Brom,29-065,1991,12.7,11,0.87,9,0,0,0,2,0,1,0.08,1,0,0,0,0,0,0,Matches
376,Fabian Schär,ch SUI,DF,Newcastle Utd,29-017,1991,7.6,3,0.4,3,0,0,0,0,0,0,0,0,0,0,0,0,0,0,Matches
377,Jeffrey Schlupp,gh GHA,MF,Crystal Palace,28-014,1992,10.8,24,2.21,18,0,2,1,3,0,4,0.37,2,0,0,1,1,0,0,Matches
378,Kasper Schmeichel,dk DEN,GK,Leicester City,34-062,1986,17,1,0.06,1,0,0,0,0,0,0,0,0,0,0,0,0,0,0,Matches
379,Nélson Semedo,pt POR,DF,Wolves,27-051,1993,13.7,25,1.83,22,0,0,2,1,0,3,0.22,3,0,0,0,0,0,0,Matches
380,Jamie Shackleton,eng ENG,"MF,DF",Leeds United,21-090,1999,3.4,5,1.49,5,0,0,0,0,0,1,0.3,1,0,0,0,0,0,0,Matches
381,Xherdan Shaqiri,ch SUI,"MF,FW",Liverpool,29-088,1991,1,4,4.09,4,0,0,0,0,0,1,1.02,1,0,0,0,0,0,0,Matches
382,Billy Sharp,eng ENG,"FW,MF",Sheffield Utd,34-336,1986,2.1,0,0,0,0,0,0,0,0,0,0,0,0,0,0,0,0,0,Matches
383,Luke Shaw,eng ENG,DF,Manchester Utd,25-178,1995,10.9,31,2.85,16,13,0,0,2,0,4,0.37,1,2,0,0,1,0,0,Matches
384,Jonjo Shelvey,eng ENG,MF,Newcastle Utd,28-314,1992,8.1,19,2.35,12,6,0,1,0,0,3,0.37,2,1,0,0,0,0,0,Matches
385,Gylfi Sigurðsson,is ISL,MF,Everton,31-120,1989,9.2,26,2.84,16,9,0,1,0,0,2,0.22,1,1,0,0,0,0,0,Matches
386,Bernardo Silva,pt POR,"FW,MF",Manchester City,26-149,1994,7.2,25,3.49,21,1,0,1,2,0,1,0.14,1,0,0,0,0,0,0,Matches
387,Fábio Silva,pt POR,FW,Wolves,18-171,2002,5.9,9,1.54,5,0,1,2,1,0,1,0.17,0,0,0,0,1,0,0,Matches
388,Thiago Silva,br BRA,DF,Chelsea,36-106,1984,11.8,8,0.68,8,0,0,0,0,0,0,0,0,0,0,0,0,0,0,Matches
389,Moussa Sissoko,fr FRA,MF,Tottenham,31-143,1989,11.8,11,0.93,10,0,0,0,1,0,1,0.08,1,0,0,0,0,0,0,Matches
390,Islam Slimani,dz ALG,FW,Leicester City,32-202,1988,0.2,1,4.5,1,0,0,0,0,0,0,0,0,0,0,0,0,0,0,Matches
391,William Smallbone,ie IRL,MF,Southampton,20-320,2000,1.2,1,0.8,1,0,0,0,0,0,0,0,0,0,0,0,0,0,0,Matches
392,Emile Smith-Rowe,eng ENG,MF,Arsenal,20-162,2000,2.5,10,3.95,6,0,0,2,2,0,3,1.18,2,0,0,1,0,0,0,Matches
393,Robert Snodgrass,sco SCO,"FW,DF",West Ham,33-121,1987,0.1,1,18,1,0,0,0,0,0,0,0,0,0,0,0,0,0,0,Matches
394,Cédric Soares,pt POR,MF,Arsenal,29-128,1991,0.1,0,0,0,0,0,0,0,0,0,0,0,0,0,0,0,0,0,Matches
395,Tomáš Sou?ek,cz CZE,MF,West Ham,25-314,1995,17,18,1.06,11,1,0,4,2,0,3,0.18,1,0,0,2,0,0,0,Matches
396,Ça?lar Söyüncü,tr TUR,DF,Leicester City,24-228,1996,4.1,1,0.24,1,0,0,0,0,0,0,0,0,0,0,0,0,0,0,Matches
397,Zack Steffen,us USA,GK,Manchester City,25-279,1995,1,0,0,0,0,0,0,0,0,0,0,0,0,0,0,0,0,0,Matches
398,Dale Stephens,eng ENG,MF,Burnley,31-208,1989,2.6,2,0.78,2,0,0,0,0,0,0,0,0,0,0,0,0,0,0,Matches
399,Jack Stephens,eng ENG,DF,Southampton,26-345,1994,6.5,6,0.92,5,0,0,0,0,1,0,0,0,0,0,0,0,0,0,Matches
400,Raheem Sterling,eng ENG,FW,Manchester City,26-029,1994,13.1,47,3.59,30,0,7,3,7,0,8,0.61,3,0,2,2,1,0,0,Matches
401,Enda Stevens,ie IRL,DF,Sheffield Utd,30-181,1990,14,10,0.71,9,0,0,0,1,0,2,0.14,1,0,0,0,1,0,0,Matches
402,John Stones,eng ENG,DF,Manchester City,26-223,1994,7,2,0.29,2,0,0,0,0,0,0,0,0,0,0,0,0,0,0,Matches
403,Pascal Struijk,nl NED,"DF,MF",Leeds United,21-148,1999,6.3,1,0.16,1,0,0,0,0,0,0,0,0,0,0,0,0,0,0,Matches
404,Matt Targett,eng ENG,DF,Aston Villa,25-110,1995,15,29,1.93,21,5,0,0,2,1,3,0.2,1,1,0,0,1,0,0,Matches
405,James Tarkowski,eng ENG,DF,Burnley,28-048,1992,13,9,0.69,5,3,0,1,0,0,0,0,0,0,0,0,0,0,0,Matches
406,Charlie Taylor,eng ENG,DF,Burnley,27-110,1993,14.1,16,1.14,11,1,0,1,3,0,3,0.21,2,0,0,0,1,0,0,Matches
407,Nathan Tella,eng ENG,"FW,MF",Southampton,21-185,1999,1.8,4,2.25,1,0,1,0,2,0,0,0,0,0,0,0,0,0,0,Matches
408,Alex Telles,br BRA,DF,Manchester Utd,28-022,1992,4.8,13,2.73,6,5,0,1,1,0,1,0.21,1,0,0,0,0,0,0,Matches
409,Kenny Tete,nl NED,DF,Fulham,25-089,1995,1.4,5,3.52,5,0,0,0,0,0,1,0.7,1,0,0,0,0,0,0,Matches
410,Luke Thomas,eng ENG,DF,Leicester City,,,3,3,1,1,0,0,0,1,1,0,0,0,0,0,0,0,0,0,Matches
411,Youri Tielemans,be BEL,MF,Leicester City,23-244,1997,16.4,32,1.95,26,1,1,3,0,1,6,0.37,6,0,0,0,0,0,0,Matches
412,Kieran Tierney,sco SCO,DF,Arsenal,23-215,1997,15.9,39,2.45,29,2,4,1,3,0,4,0.25,1,0,2,0,1,0,0,Matches
413,James Tomkins,eng ENG,DF,Crystal Palace,31-283,1989,2.3,1,0.43,1,0,0,0,0,0,0,0,0,0,0,0,0,0,0,Matches
414,Fikayo Tomori,eng ENG,DF,Chelsea,23-018,1997,0.5,0,0,0,0,0,0,0,0,0,0,0,0,0,0,0,0,0,Matches
415,Ferrán Torres,es ESP,FW,Manchester City,20-312,2000,6.3,14,2.21,11,0,2,0,1,0,2,0.32,2,0,0,0,0,0,0,Matches
416,Cenk Tosun,tr TUR,FW,Everton,29-213,1991,0.5,2,3.75,2,0,0,0,0,0,1,1.87,1,0,0,0,0,0,0,Matches
417,Andros Townsend,eng ENG,MF,Crystal Palace,29-174,1991,12.4,30,2.43,19,8,3,0,0,0,5,0.4,4,1,0,0,0,0,0,Matches
418,Conor Townsend,eng ENG,DF,West Brom,27-308,1993,7.8,8,1.02,8,0,0,0,0,0,0,0,0,0,0,0,0,0,0,Matches
419,Adama Traoré,es ESP,"FW,DF",Wolves,24-347,1996,11.5,48,4.17,30,0,9,1,7,1,1,0.09,0,0,0,0,1,0,0,Matches
420,Bertrand Traoré,bf BFA,"FW,MF",Aston Villa,25-122,1995,6.8,22,3.24,8,5,3,1,5,0,2,0.29,1,1,0,0,0,0,0,Matches
421,Trézéguet,eg EGY,FW,Aston Villa,26-097,1994,8,22,2.77,15,0,1,3,3,0,1,0.13,1,0,0,0,0,0,0,Matches
422,Leandro Trossard,be BEL,"FW,MF",Brighton,26-033,1994,11.4,41,3.6,27,9,0,3,1,1,5,0.44,3,1,0,1,0,0,0,Matches
423,Axel Tuanzebe,eng ENG,DF,Manchester Utd,23-053,1997,0.6,0,0,0,0,0,0,0,0,0,0,0,0,0,0,0,0,0,Matches
424,Cengiz Ünder,tr TUR,"MF,FW",Leicester City,23-176,1997,2.3,8,3.48,7,0,0,1,0,0,2,0.87,2,0,0,0,0,0,0,Matches
425,Yan Valery,fr FRA,MF,Southampton,21-319,1999,0.1,0,0,0,0,0,0,0,0,0,0,0,0,0,0,0,0,0,Matches
426,Jamie Vardy,eng ENG,FW,Leicester City,33-361,1987,14.5,30,2.08,18,0,4,5,3,0,13,0.9,5,0,2,3,3,0,0,Matches
427,Joël Veltman,nl NED,DF,Brighton,28-357,1992,9.6,15,1.57,11,2,0,0,1,1,0,0,0,0,0,0,0,0,0,Matches
428,Jannik Vestergaard,dk DEN,DF,Southampton,28-156,1992,12.5,10,0.8,10,0,0,0,0,0,2,0.16,2,0,0,0,0,0,0,Matches
429,Rúben Vinagre,pt POR,DF,Wolves,21-272,1999,1.9,0,0,0,0,0,0,0,0,0,0,0,0,0,0,0,0,0,Matches
430,Carlos Vinícius,br BRA,FW,Tottenham,25-287,1995,0.2,1,5.63,1,0,0,0,0,0,0,0,0,0,0,0,0,0,0,Matches
431,Vitinha,pt POR,MF,Wolves,20-328,2000,1.9,6,3.09,5,0,1,0,0,0,1,0.51,1,0,0,0,0,0,0,Matches
432,Mat?j Vydra,cz CZE,FW,Burnley,28-250,1992,1.9,7,3.6,2,0,3,2,0,0,0,0,0,0,0,0,0,0,0,Matches
433,Theo Walcott,eng ENG,"MF,FW",Southampton,31-296,1989,11.2,16,1.43,11,0,1,2,2,0,3,0.27,1,0,0,1,1,0,0,Matches
434,Theo Walcott,eng ENG,FW,Everton,31-296,1989,0.1,0,0,0,0,0,0,0,0,0,0,0,0,0,0,0,0,0,Matches
435,Kyle Walker,eng ENG,DF,Manchester City,30-223,1990,11,14,1.27,12,2,0,0,0,0,3,0.27,2,1,0,0,0,0,0,Matches
436,Kyle Walker-Peters,eng ENG,DF,Southampton,23-268,1997,17,23,1.35,19,0,0,1,2,1,6,0.35,3,0,0,0,2,1,0,Matches
437,Aaron Wan-Bissaka,eng ENG,DF,Manchester Utd,23-041,1997,14,19,1.36,16,1,0,1,0,1,4,0.29,4,0,0,0,0,0,0,Matches
438,Joel Ward,eng ENG,DF,Crystal Palace,31-069,1989,8,6,0.75,5,1,0,0,0,0,2,0.25,2,0,0,0,0,0,0,Matches
439,James Ward-Prowse,eng ENG,MF,Southampton,26-066,1994,17,37,2.18,18,17,0,0,2,0,6,0.35,2,4,0,0,0,0,0,Matches
440,Ollie Watkins,eng ENG,FW,Aston Villa,25-007,1995,15,47,3.13,37,0,3,5,0,2,8,0.53,5,0,0,3,0,0,0,Matches
441,Adam Webster,eng ENG,DF,Brighton,26-002,1995,16,16,1,15,0,0,1,0,0,1,0.06,1,0,0,0,0,0,0,Matches
442,Danny Welbeck,eng ENG,FW,Brighton,30-041,1990,6.9,18,2.61,10,0,3,3,2,0,1,0.14,0,0,0,0,1,0,0,Matches
443,Timo Werner,de GER,FW,Chelsea,24-306,1996,15.1,42,2.79,27,0,4,6,5,0,10,0.66,6,0,2,1,1,0,0,Matches
444,Ashley Westwood,eng ENG,MF,Burnley,30-280,1990,15,39,2.6,30,8,0,0,1,0,1,0.07,1,0,0,0,0,0,0,Matches
445,Ben White,eng ENG,"DF,MF",Brighton,23-090,1997,15.5,15,0.96,13,0,0,0,0,2,3,0.19,3,0,0,0,0,0,0,Matches
446,Georginio Wijnaldum,nl NED,MF,Liverpool,30-056,1990,15,21,1.4,17,0,1,1,2,0,1,0.07,0,0,0,1,0,0,0,Matches
447,Brandon Williams,eng ENG,DF,Manchester Utd,20-125,2000,0.1,0,0,0,0,0,0,0,0,0,0,0,0,0,0,0,0,0,Matches
448,Neco Williams,wal WAL,DF,Liverpool,19-268,2001,1.9,2,1.04,2,0,0,0,0,0,0,0,0,0,0,0,0,0,0,Matches
449,Rhys Williams,eng ENG,DF,Liverpool,19-338,2001,1.3,1,0.74,1,0,0,0,0,0,0,0,0,0,0,0,0,0,0,Matches
450,Willian,br BRA,"FW,MF",Arsenal,32-150,1988,10,33,3.29,21,6,1,2,3,0,5,0.5,3,1,0,1,0,0,0,Matches
451,Joe Willock,eng ENG,MF,Arsenal,21-139,1999,2.6,7,2.66,7,0,0,0,0,0,0,0,0,0,0,0,0,0,0,Matches
452,Callum Wilson,eng ENG,FW,Newcastle Utd,28-314,1992,13.7,29,2.11,17,0,4,1,6,1,8,0.58,4,0,0,1,3,0,0,Matches
453,Harry Winks,eng ENG,MF,Tottenham,24-339,1996,5,5,1,3,0,1,0,0,1,0,0,0,0,0,0,0,0,0,Matches
454,Chris Wood,nz NZL,FW,Burnley,29-030,1991,14.3,18,1.26,15,0,1,1,0,1,2,0.14,1,0,0,1,0,0,0,Matches
455,Granit Xhaka,ch SUI,MF,Arsenal,28-101,1992,11.1,10,0.9,8,0,0,1,1,0,0,0,0,0,0,0,0,0,0,Matches
456,Andriy Yarmolenko,ua UKR,"FW,MF",West Ham,31-075,1989,2.7,10,3.64,8,1,0,0,1,0,1,0.36,1,0,0,0,0,0,0,Matches
457,DeAndre Yedlin,us USA,DF,Newcastle Utd,27-181,1993,3.9,6,1.53,4,1,0,0,1,0,0,0,0,0,0,0,0,0,0,Matches
458,Wilfried Zaha,ci CIV,FW,Crystal Palace,28-057,1992,14.9,40,2.69,27,0,7,1,5,0,7,0.47,6,0,1,0,0,0,0,Matches
459,Andre-Frank Zambo Anguissa,cm CMR,MF,Fulham,25-051,1995,13.3,30,2.26,21,0,6,0,3,0,4,0.3,2,0,2,0,0,0,0,Matches
460,Andi Zeqiri,ch SUI,"FW,DF",Brighton,21-198,1999,0.7,2,2.81,2,0,0,0,0,0,1,1.41,1,0,0,0,0,0,0,Matches
461,Oleksandr Zinchenko,ua UKR,DF,Manchester City,24-022,1996,1.1,2,1.75,2,0,0,0,0,0,1,0.87,1,0,0,0,0,0,0,Matches
462,Hakim Ziyech,ma MAR,FW,Chelsea,27-293,1993,5,28,5.59,21,4,0,2,1,0,6,1.2,5,1,0,0,0,0,0,Matches
463,Kurt Zouma,fr FRA,DF,Chelsea,26-071,1994,15,6,0.4,5,0,0,1,0,0,0,0,0,0,0,0,0,0,0,Matches
