,,,,,,,,,Pass Types,,,,,,,,Corner Kicks,,,Height,,,Body Parts,,,,,Outcomes,,,,,
Rk,Player,Nation,Pos,Squad,Age,Born,90s,Att,Live,Dead,FK,TB,Press,Sw,Crs,CK,In,Out,Str,Ground,Low,High,Left,Right,Head,TI,Other,Cmp,Off,Out,Int,Blocks,Matches
1,Patrick van Aanholt,nl NED,DF,Crystal Palace,30-130,1990,9.2,560,484,76,13,1,46,8,21,2,0,2,0,370,99,91,375,105,12,61,1,453,6,7,11,13,Matches
2,Tammy Abraham,eng ENG,FW,Chelsea,23-096,1997,8.7,179,172,7,1,0,64,1,3,0,0,0,0,105,50,24,16,116,15,0,11,119,0,3,3,11,Matches
3,Che Adams,eng ENG,FW,Southampton,24-177,1996,15,330,322,8,1,6,85,6,5,0,0,0,0,198,67,65,25,262,20,0,10,229,4,7,9,17,Matches
4,Tosin Adarabioyo,eng ENG,DF,Fulham,23-104,1997,11,465,447,18,17,0,41,14,1,0,0,0,0,337,40,88,70,357,26,1,2,401,0,11,4,2,Matches
5,Adrián,es ESP,GK,Liverpool,34-003,1987,2,62,45,17,3,0,6,1,0,0,0,0,0,32,4,26,9,38,0,0,14,43,1,1,0,0,Matches
6,Sergio Agüero,ar ARG,FW,Manchester City,32-218,1988,1.6,42,39,3,0,0,5,1,1,0,0,0,0,31,7,4,5,33,2,0,1,33,0,0,0,4,Matches
7,Ola Aina,ng NGA,DF,Fulham,24-090,1996,12,696,586,110,12,0,53,19,26,0,0,0,0,382,106,208,81,465,46,98,3,536,0,8,12,13,Matches
8,Rayan Aït Nouri,fr FRA,DF,Wolves,19-214,2001,5.9,284,244,40,1,0,26,3,11,0,0,0,0,196,47,41,211,22,8,39,0,239,0,0,1,12,Matches
9,Semi Ajayi,ng NGA,DF,West Brom,27-058,1993,16,591,555,36,11,1,61,17,4,0,0,0,0,374,58,159,30,461,48,25,1,442,2,17,21,7,Matches
10,Nathan Aké,nl NED,DF,Manchester City,25-323,1995,5.2,461,441,20,10,0,28,3,0,0,0,0,0,393,25,43,353,61,16,10,2,429,0,2,4,4,Matches
11,Marc Albrighton,eng ENG,"DF,FW",Leicester City,31-049,1989,7.8,372,337,35,6,3,60,13,33,7,0,1,1,220,78,74,28,302,12,22,5,252,4,8,9,34,Matches
12,Thiago Alcántara,es ESP,MF,Liverpool,29-270,1991,2.7,274,266,8,8,1,22,19,0,0,0,0,0,176,37,61,12,243,12,0,0,244,2,2,2,5,Matches
13,Toby Alderweireld,be BEL,DF,Tottenham,31-310,1989,10.9,485,467,18,17,2,30,12,0,0,0,0,0,288,48,149,98,334,39,1,3,385,0,9,5,4,Matches
14,Trent Alexander-Arnold,eng ENG,DF,Liverpool,22-091,1998,13.5,1218,1011,207,29,2,92,56,63,36,7,16,3,693,223,302,145,898,26,142,5,948,4,15,12,35,Matches
15,Ezgjan Alioski,mk MKD,"DF,MF",Leeds United,28-329,1992,10.8,709,628,81,14,1,76,7,24,0,0,0,0,488,135,86,536,54,39,67,0,586,1,5,14,24,Matches
16,Alisson,br BRA,GK,Liverpool,28-096,1992,14,437,330,107,33,0,28,14,0,0,0,0,0,305,24,108,42,318,0,0,64,362,1,9,3,1,Matches
17,Allan,br BRA,MF,Everton,29-364,1991,11.4,538,516,22,15,0,56,9,2,0,0,0,0,389,84,65,60,457,16,2,3,467,0,6,11,7,Matches
18,Dele Alli,eng ENG,"MF,FW",Tottenham,24-270,1996,0.9,42,39,3,2,0,8,0,1,0,0,0,0,37,1,4,1,37,2,0,0,33,0,0,1,2,Matches
19,Miguel Almirón,py PAR,"MF,FW",Newcastle Utd,26-331,1994,9.4,331,323,8,2,1,33,6,15,3,0,0,0,255,32,44,303,11,10,2,4,272,2,1,5,7,Matches
20,Marcos Alonso,es ESP,DF,Chelsea,30-009,1990,2.5,166,147,19,3,0,26,2,0,0,0,0,0,114,25,27,128,14,6,16,1,138,1,1,2,5,Matches
21,Steven Alzate,co COL,MF,Brighton,22-120,1998,5.8,266,263,3,2,0,49,8,1,1,1,0,0,225,21,20,20,232,11,0,1,236,0,2,2,7,Matches
22,Daniel Amartey,gh GHA,DF,Leicester City,26-016,1994,2.9,176,171,5,0,0,15,2,0,0,0,0,0,126,20,30,12,138,11,5,1,151,0,0,1,3,Matches
23,Ethan Ampadu,wal WAL,"MF,DF",Sheffield Utd,20-114,2000,9.8,408,385,23,2,2,45,17,3,5,5,0,0,254,58,96,50,289,34,16,1,317,0,11,6,9,Matches
24,Joachim Andersen,dk DEN,DF,Fulham,24-220,1996,8.7,379,364,15,13,0,39,19,0,0,0,0,0,241,28,110,41,285,28,2,3,300,2,10,4,3,Matches
25,Felipe Anderson,br BRA,"FW,MF",West Ham,27-266,1993,0,6,6,0,0,0,0,0,1,0,0,0,0,6,0,0,3,2,0,0,1,4,0,0,1,0,Matches
26,Michail Antonio,eng ENG,FW,West Ham,30-284,1990,6.4,132,121,11,1,0,38,2,9,0,0,0,0,68,34,30,18,78,9,8,6,82,0,3,2,8,Matches
27,Alphonse Areola,fr FRA,GK,Fulham,27-314,1993,14,359,223,136,41,0,16,5,0,0,0,0,0,164,19,176,23,251,0,0,65,253,1,8,2,1,Matches
28,Stuart Armstrong,sco SCO,MF,Southampton,28-282,1992,12.5,498,477,21,2,3,103,2,11,0,0,0,0,379,74,45,88,381,19,6,2,387,1,3,14,35,Matches
29,Kepa Arrizabalaga,es ESP,GK,Chelsea,26-095,1994,3,106,79,27,0,0,14,1,0,0,0,0,0,58,6,42,13,74,0,0,17,84,0,0,1,0,Matches
30,Pierre-Emerick Aubameyang,ga GAB,FW,Arsenal,31-202,1989,15,408,396,12,0,4,85,4,31,1,0,0,0,288,60,60,47,326,13,3,5,308,4,5,9,13,Matches
31,Serge Aurier,ci CIV,DF,Tottenham,28-013,1992,7.7,371,307,64,4,2,27,6,12,0,0,0,0,206,72,93,19,255,27,60,1,271,0,7,11,14,Matches
32,Charlie Austin,eng ENG,FW,West Brom,31-185,1989,1.5,33,31,2,0,0,12,0,1,0,0,0,0,16,11,6,3,18,5,0,0,24,1,0,1,1,Matches
33,Jordan Ayew,gh GHA,"FW,MF",Crystal Palace,29-117,1991,8.4,203,192,11,1,0,45,3,4,0,0,0,0,160,26,17,14,163,9,1,3,160,1,2,6,5,Matches
34,Luke Ayling,eng ENG,DF,Leeds United,29-134,1991,16.8,1281,1142,139,22,4,100,42,29,0,0,0,0,782,209,290,108,979,50,117,6,1027,1,19,26,30,Matches
35,César Azpilicueta,es ESP,DF,Chelsea,31-131,1989,6.6,544,474,70,8,0,35,8,10,0,0,0,0,361,95,88,48,398,25,62,3,457,0,7,6,15,Matches
36,Eric Bailly,ci CIV,DF,Manchester Utd,26-269,1994,4.1,193,187,6,6,0,20,2,0,0,0,0,0,156,18,19,22,155,11,0,0,171,0,1,4,3,Matches
37,Fabián Balbuena,py PAR,DF,West Ham,29-136,1991,12,420,396,24,22,0,27,17,0,0,0,0,0,251,37,132,47,338,23,2,2,319,2,10,5,4,Matches
38,George Baldock,eng ENG,DF,Sheffield Utd,27-303,1993,16,645,514,131,2,0,79,8,32,0,0,0,0,335,154,156,31,451,26,129,1,486,2,13,6,41,Matches
39,Gareth Bale,wal WAL,FW,Tottenham,31-174,1989,1.8,58,48,10,4,0,17,4,1,5,5,0,0,21,12,25,46,0,5,1,0,32,0,1,1,2,Matches
40,Patrick Bamford,eng ENG,FW,Leeds United,27-123,1993,16.2,225,175,50,0,1,35,0,3,2,0,0,0,168,47,10,138,58,8,0,13,171,1,4,8,7,Matches
41,Phil Bardsley,sco SCO,DF,Burnley,35-192,1985,3,163,125,38,1,0,22,5,7,0,0,0,0,60,40,63,11,100,13,37,0,116,1,3,1,9,Matches
42,Ross Barkley,eng ENG,MF,Chelsea,27-032,1993,0.5,26,26,0,0,1,7,1,0,0,0,0,0,18,4,4,4,17,2,0,0,22,0,0,2,0,Matches
43,Ross Barkley,eng ENG,MF,Aston Villa,27-032,1993,5,201,164,37,12,0,39,6,8,20,2,7,5,135,24,42,35,149,10,1,0,159,0,4,2,3,Matches
44,Ashley Barnes,eng ENG,FW,Burnley,31-068,1989,8.7,177,174,3,1,0,59,2,4,0,0,0,0,100,38,39,23,113,14,0,7,119,0,4,4,12,Matches
45,Harvey Barnes,eng ENG,"FW,MF",Leicester City,23-028,1997,13.2,403,400,3,1,1,91,7,12,0,0,0,0,282,65,56,37,325,22,2,3,292,1,6,10,19,Matches
46,Kyle Bartley,eng ENG,DF,West Brom,29-229,1991,8.3,294,282,12,4,0,41,6,2,0,0,0,0,207,25,62,37,212,23,8,0,232,0,8,4,4,Matches
47,Chris Basham,eng ENG,"DF,MF",Sheffield Utd,32-170,1988,15.8,589,554,35,9,1,76,7,18,0,0,0,0,374,87,128,61,411,53,26,3,460,2,17,6,17,Matches
48,Michy Batshuayi,be BEL,FW,Crystal Palace,27-096,1993,4.8,78,70,8,0,1,24,0,5,0,0,0,0,47,24,7,14,54,4,1,1,51,0,1,2,8,Matches
49,Jan Bednarek,pl POL,DF,Southampton,24-269,1996,16,1047,1022,25,22,1,120,14,0,0,0,0,0,765,66,216,183,767,67,3,6,897,1,18,10,6,Matches
50,Donny van de Beek,nl NED,"MF,FW",Manchester Utd,23-263,1997,2.9,139,138,1,0,0,22,2,4,0,0,0,0,115,16,8,11,122,4,1,1,115,0,1,4,7,Matches
51,Héctor Bellerín,es ESP,DF,Arsenal,25-293,1995,14.2,790,684,106,5,2,108,9,33,0,0,0,0,510,183,97,78,561,38,101,3,656,1,9,15,24,Matches
52,Saïd Benrahma,dz ALG,"MF,FW",West Ham,25-149,1995,4.4,130,127,3,1,1,21,1,4,0,0,0,0,93,20,17,26,95,6,1,2,94,0,4,5,5,Matches
53,Josh Benson,eng ENG,MF,Burnley,21-032,1999,2.8,83,80,3,1,0,14,0,3,0,0,0,0,53,17,13,2,71,7,2,0,62,0,0,0,5,Matches
54,Christian Benteke,be BEL,FW,Crystal Palace,30-034,1990,6,155,150,5,0,1,65,0,4,0,0,0,0,64,45,46,8,76,21,1,7,97,1,3,7,3,Matches
55,Jóhann Berg Guðmundsson,is ISL,MF,Burnley,30-071,1990,2.7,95,95,0,0,0,21,3,4,0,0,0,0,62,9,24,71,11,8,0,1,73,0,2,1,0,Matches
56,Sander Berge,no NOR,MF,Sheffield Utd,22-327,1998,11.3,426,415,11,7,1,67,12,18,2,2,0,0,323,49,54,31,357,25,2,0,349,2,10,7,10,Matches
57,Steven Bergwijn,nl NED,"FW,MF",Tottenham,23-090,1997,7.6,222,217,5,2,0,36,1,6,2,2,0,0,165,24,33,10,201,8,1,0,174,0,0,6,3,Matches
58,Bernard,br BRA,"FW,MF",Everton,28-120,1992,3,163,161,2,0,0,18,1,4,0,0,0,0,124,22,17,28,128,6,1,0,129,1,2,5,7,Matches
59,Bernardo,br BRA,"MF,DF",Brighton,25-237,1995,1.3,55,50,5,1,0,9,0,2,0,0,0,0,38,11,6,36,7,3,4,0,43,0,0,1,5,Matches
60,Ryan Bertrand,eng ENG,DF,Southampton,31-154,1989,15.9,925,715,210,33,0,84,14,30,3,0,2,1,527,144,254,625,55,50,174,4,715,5,19,13,29,Matches
61,Yves Bissouma,ml MLI,MF,Brighton,24-129,1996,15.3,777,760,17,14,2,129,27,5,0,0,0,0,567,105,105,64,661,21,3,9,669,0,22,17,10,Matches
62,Jayden Bogle,eng ENG,"DF,MF",Sheffield Utd,20-163,2000,1.4,63,52,11,0,1,15,0,2,0,0,0,0,33,21,9,9,36,4,11,1,47,1,1,0,5,Matches
63,Willy Boly,ci CIV,DF,Wolves,29-338,1991,12,558,547,11,9,0,60,6,0,0,0,0,0,395,58,105,53,439,39,2,2,454,1,7,2,9,Matches
64,Jarrod Bowen,eng ENG,"FW,MF",West Ham,24-017,1996,14.3,404,361,43,1,0,67,30,29,34,26,5,2,234,65,105,299,81,11,0,2,270,1,8,6,21,Matches
65,Robbie Brady,ie IRL,MF,Burnley,28-358,1992,6.8,213,204,9,2,2,48,6,14,2,1,0,0,104,44,65,147,33,19,5,0,153,0,4,1,8,Matches
66,Rhian Brewster,eng ENG,FW,Sheffield Utd,20-280,2000,6.7,120,115,5,1,2,27,4,4,0,0,0,0,79,22,19,12,92,10,0,0,86,1,3,3,8,Matches
67,Josh Brownhill,eng ENG,MF,Burnley,25-018,1995,14,564,555,9,5,0,126,10,4,0,0,0,0,349,89,126,60,403,53,4,6,458,1,8,1,9,Matches
68,Joe Bryan,eng ENG,"DF,FW",Fulham,27-111,1993,3.8,200,155,45,12,0,18,8,12,6,1,3,2,107,36,57,135,24,11,27,0,143,1,2,4,9,Matches
69,Kean Bryan,eng ENG,DF,Sheffield Utd,24-066,1996,1.7,59,54,5,0,0,6,2,3,0,0,0,0,29,8,22,48,2,3,5,0,37,0,2,2,0,Matches
70,Oliver Burke,sco SCO,FW,Sheffield Utd,23-274,1997,6.8,121,112,9,0,1,41,0,10,0,0,0,0,78,25,18,6,88,13,0,1,83,0,3,3,9,Matches
71,Dan Burn,eng ENG,DF,Brighton,28-242,1992,8.1,494,447,47,5,0,57,7,15,0,0,0,0,321,67,106,338,57,31,42,0,388,2,14,4,13,Matches
72,Oskar Buur,dk DEN,DF,Wolves,22-281,1998,0.2,15,14,1,0,0,0,0,0,0,0,0,0,13,1,1,0,14,0,1,0,14,0,0,0,0,Matches
73,Willy Caballero,ar ARG,GK,Chelsea,39-100,1981,1,26,19,7,1,0,1,0,0,0,0,0,0,21,2,3,3,21,0,0,2,24,0,0,0,0,Matches
74,Gary Cahill,eng ENG,DF,Crystal Palace,35-018,1985,5,222,213,9,9,0,34,5,0,0,0,0,0,153,29,40,29,161,12,0,1,192,2,3,3,2,Matches
75,Tom Cairney,sco SCO,MF,Fulham,29-352,1991,8.4,621,586,35,19,0,75,34,18,14,2,9,1,473,51,97,577,32,9,0,2,551,1,6,7,10,Matches
76,Dominic Calvert-Lewin,eng ENG,FW,Everton,23-296,1997,15.6,325,311,14,0,0,94,4,11,1,0,0,0,177,95,53,29,196,24,1,27,239,3,7,8,13,Matches
77,João Cancelo,pt POR,"DF,MF",Manchester City,26-224,1994,11,875,764,111,13,2,85,15,30,0,0,0,0,590,159,126,98,643,22,98,3,746,3,10,11,26,Matches
78,Ian Carlo Poveda,eng ENG,"MF,DF",Leeds United,20-332,2000,2.6,80,79,1,0,1,16,2,7,0,0,0,0,57,13,10,58,17,4,1,0,55,0,2,3,6,Matches
79,Andy Carroll,eng ENG,FW,Newcastle Utd,32-000,1989,2.4,73,72,1,1,0,27,0,1,0,0,0,0,27,20,26,27,13,9,0,7,46,1,1,0,2,Matches
80,Matty Cash,eng ENG,DF,Aston Villa,23-152,1997,13.6,677,549,128,17,1,56,16,42,0,0,0,0,362,103,212,50,456,48,111,0,496,2,18,16,15,Matches
81,Timothy Castagne,be BEL,DF,Leicester City,25-032,1995,8.7,495,428,67,7,2,59,6,18,0,0,0,0,287,100,108,45,338,39,60,2,396,1,6,8,16,Matches
82,Ivan Cavaleiro,pt POR,FW,Fulham,27-080,1993,10.8,343,312,31,10,1,77,12,21,16,2,6,8,234,43,66,42,267,16,3,4,251,1,4,12,17,Matches
83,Edinson Cavani,uy URU,FW,Manchester Utd,33-327,1987,3.4,79,76,3,0,1,10,0,3,0,0,0,0,59,9,11,16,59,3,0,1,57,0,0,2,1,Matches
84,Dani Ceballos,es ESP,MF,Arsenal,24-152,1996,10.6,740,709,31,19,3,84,17,7,6,4,1,0,549,92,99,38,675,15,5,3,634,0,12,12,17,Matches
85,Ben Chilwell,eng ENG,DF,Chelsea,24-016,1996,13,1021,858,163,30,0,101,28,52,20,12,7,0,611,169,241,771,75,42,113,1,800,3,18,16,33,Matches
86,Hamza Choudhury,eng ENG,MF,Leicester City,23-097,1997,0.8,69,69,0,0,0,2,3,0,0,0,0,0,39,14,16,1,57,9,0,1,50,0,3,5,2,Matches
87,Andreas Christensen,dk DEN,DF,Chelsea,24-271,1996,4.5,329,325,4,3,0,19,5,0,0,0,0,0,269,21,39,20,284,18,1,0,302,0,1,2,1,Matches
88,Ciaran Clark,ie IRL,DF,Newcastle Utd,31-102,1989,8,291,273,18,2,2,38,4,0,0,0,0,0,176,34,81,186,45,26,16,0,233,0,1,9,7,Matches
89,Nathaniel Clyne,eng ENG,DF,Crystal Palace,29-276,1991,8.8,418,324,94,1,0,37,2,6,0,0,0,0,237,85,96,15,287,20,93,1,319,1,10,9,17,Matches
90,Conor Coady,eng ENG,DF,Wolves,27-316,1993,16,765,738,27,26,0,43,37,1,0,0,0,0,492,66,207,20,703,30,1,3,655,2,9,10,5,Matches
91,Séamus Coleman,ie IRL,DF,Everton,32-087,1988,6.3,364,311,53,1,0,29,6,9,0,0,0,0,227,70,67,49,248,12,52,0,306,0,5,6,11,Matches
92,Aaron Connolly,ie IRL,FW,Brighton,20-344,2000,6.5,73,64,9,0,0,18,1,2,0,0,0,0,46,20,7,7,54,4,0,2,57,0,0,1,2,Matches
93,Liam Cooper,sco SCO,DF,Leeds United,29-129,1991,10.8,739,719,20,19,1,54,28,0,0,0,0,0,546,72,121,597,72,34,1,3,657,4,10,5,2,Matches
94,Hélder Costa,pt POR,MF,Leeds United,26-360,1994,7.5,224,220,4,0,0,34,1,10,0,0,0,0,166,36,22,168,44,5,4,2,172,0,3,6,14,Matches
95,Vladimír Coufal,cz CZE,DF,West Ham,28-137,1992,12.9,606,487,119,10,0,54,12,48,0,0,0,0,276,127,203,55,390,43,109,0,430,2,10,14,28,Matches
96,Aaron Cresswell,eng ENG,DF,West Ham,31-022,1989,17,991,783,208,64,1,73,48,47,36,4,26,5,527,162,302,785,58,25,108,3,742,14,20,16,28,Matches
97,Stuart Dallas,nir NIR,"DF,MF",Leeds United,29-262,1991,16.9,1150,1004,146,13,1,136,24,30,0,0,0,0,762,230,158,200,765,37,133,1,941,5,20,21,28,Matches
98,Scott Dann,eng ENG,DF,Crystal Palace,33-327,1987,8,360,342,18,16,1,41,3,0,0,0,0,0,238,45,77,41,260,31,2,4,304,0,9,5,4,Matches
99,Karl Darlow,eng ENG,GK,Newcastle Utd,30-090,1990,16,462,269,193,60,0,18,8,0,0,0,0,0,102,16,344,23,342,0,0,57,224,4,12,5,4,Matches
100,Ben Davies,wal WAL,DF,Tottenham,27-257,1993,7.6,399,324,75,4,1,34,5,15,1,1,0,0,215,88,96,270,34,17,70,0,305,1,7,5,16,Matches
101,Tom Davies,eng ENG,"MF,DF",Everton,22-190,1998,4.7,252,246,6,2,0,28,6,3,0,0,0,0,187,29,36,36,189,21,4,0,205,0,6,2,6,Matches
102,Keinan Davis,eng ENG,FW,Aston Villa,22-328,1998,0.6,22,22,0,0,0,8,0,2,0,0,0,0,15,5,2,15,2,1,0,1,16,0,1,0,1,Matches
103,Leif Davis,eng ENG,DF,Leeds United,20-360,2000,0.4,20,20,0,0,0,2,1,0,0,0,0,0,14,4,2,18,0,2,0,0,17,0,0,1,0,Matches
104,Craig Dawson,eng ENG,DF,West Ham,30-245,1990,2,53,50,3,3,0,4,1,0,0,0,0,0,37,3,13,0,52,1,0,0,38,0,2,0,0,Matches
105,Kevin De Bruyne,be BEL,MF,Manchester City,29-192,1991,13.2,791,706,85,27,13,100,32,38,51,16,14,6,572,78,141,90,667,23,4,2,593,5,15,22,45,Matches
106,Liam Delap,eng ENG,FW,Manchester City,17-333,2003,0.4,7,3,4,0,0,0,0,0,0,0,0,0,7,0,0,0,7,0,0,0,5,0,0,0,0,Matches
107,Fabian Delph,eng ENG,"MF,DF",Everton,31-046,1989,2.4,197,188,9,1,0,16,1,3,0,0,0,0,155,17,25,124,62,3,8,0,174,0,1,2,4,Matches
108,Leander Dendoncker,be BEL,MF,Wolves,25-266,1995,10.5,363,359,4,3,0,74,6,4,1,0,1,0,237,62,64,53,247,31,0,4,310,0,2,5,6,Matches
109,Ibrahima Diallo,fr FRA,MF,Southampton,21-304,1999,2.3,119,115,4,3,0,24,1,3,0,0,0,0,95,6,18,11,102,3,1,0,97,1,1,4,1,Matches
110,Grady Diangana,eng ENG,"MF,FW",West Brom,22-262,1998,11.9,302,295,7,1,2,62,1,14,3,1,0,1,217,47,38,243,35,7,1,4,223,2,3,8,18,Matches
111,Raphael Dias Belloli,br BRA,MF,Leeds United,24-023,1996,9.3,387,347,40,10,1,37,22,28,25,9,14,1,246,56,85,340,31,9,5,2,269,1,4,17,20,Matches
112,Rúben Dias,pt POR,DF,Manchester City,23-237,1997,12.8,1047,1025,22,21,0,80,19,1,0,0,0,0,895,52,100,173,818,39,1,2,969,4,9,3,3,Matches
113,Eric Dier,eng ENG,DF,Tottenham,26-357,1994,15,796,773,23,23,0,74,35,0,0,0,0,0,551,72,173,146,573,49,0,1,659,2,18,8,11,Matches
114,Lucas Digne,fr FRA,DF,Everton,27-170,1993,7.8,554,450,104,26,0,49,15,44,8,0,8,0,294,110,150,400,30,33,70,3,420,3,11,12,20,Matches
115,Virgil van Dijk,nl NED,DF,Liverpool,29-182,1991,4.1,327,324,3,3,0,33,17,0,0,0,0,0,254,19,54,65,242,10,0,0,295,1,2,2,0,Matches
116,Issa Diop,fr FRA,DF,West Ham,23-363,1997,3.3,169,161,8,7,0,5,2,0,0,0,0,0,140,7,22,14,143,10,1,0,151,0,3,0,1,Matches
117,Moussa Djenepo,ml MLI,MF,Southampton,22-205,1998,7.7,235,234,1,1,1,29,4,6,0,0,0,0,182,25,28,63,153,9,0,5,173,1,5,5,19,Matches
118,Matt Doherty,ie IRL,DF,Tottenham,28-356,1992,7.8,446,357,89,5,0,51,4,12,0,0,0,0,240,111,95,22,289,26,84,2,347,2,6,7,12,Matches
119,Gabriel Dos Santos,br BRA,DF,Arsenal,23-018,1997,11.7,886,868,18,17,0,75,17,0,0,0,0,0,705,79,102,792,55,19,1,2,772,2,10,13,6,Matches
120,Abdoulaye Doucouré,fr FRA,MF,Everton,28-005,1993,15.1,814,804,10,7,1,96,9,5,1,0,0,0,638,110,66,94,662,38,2,3,711,1,5,16,15,Matches
121,Paul Dummett,wal WAL,DF,Newcastle Utd,29-102,1991,0.9,23,23,0,0,0,3,0,0,0,0,0,0,14,3,6,17,1,2,0,0,17,0,2,1,0,Matches
122,Lewis Dunk,eng ENG,DF,Brighton,29-046,1991,14,965,933,32,26,0,69,27,0,0,0,0,0,716,95,154,59,811,57,6,14,868,1,13,10,5,Matches
123,Jimmy Dunne,ie IRL,DF,Burnley,23-079,1997,2,89,88,1,1,0,12,3,0,0,0,0,0,48,12,29,27,44,12,0,1,60,0,3,1,0,Matches
124,Ederson,br BRA,GK,Manchester City,27-142,1993,14,420,321,99,24,0,31,10,0,0,0,0,0,290,17,113,296,67,0,0,53,348,0,6,1,1,Matches
125,Kyle Edwards,eng ENG,"MF,FW",West Brom,22-324,1998,1.3,35,35,0,0,0,5,1,1,0,0,0,0,28,4,3,1,32,2,0,0,30,0,0,0,2,Matches
126,John Egan,ie IRL,DF,Sheffield Utd,28-078,1992,15.1,551,539,12,10,1,58,10,1,0,0,0,0,333,62,156,73,397,48,2,5,451,1,18,0,7,Matches
127,Ahmed Elmohamady,eg EGY,DF,Aston Villa,33-119,1987,1.5,115,90,25,2,0,13,4,9,0,0,0,0,49,32,34,4,76,11,23,0,86,0,1,1,2,Matches
128,Mohamed Elneny,eg EGY,MF,Arsenal,28-179,1992,9.7,554,540,14,13,0,75,15,2,0,0,0,0,448,51,55,42,482,23,1,4,509,2,3,2,7,Matches
129,Jonny Evans,nir NIR,DF,Leicester City,33-003,1988,12.9,821,799,22,20,0,103,17,0,0,0,0,0,573,90,158,310,415,58,2,2,704,1,14,14,2,Matches
130,Eberechi Eze,eng ENG,MF,Crystal Palace,22-191,1998,10.7,479,438,41,15,0,75,18,12,25,7,10,5,372,42,65,64,400,8,1,0,372,4,7,9,17,Matches
131,?ukasz Fabia?ski,pl POL,GK,West Ham,35-263,1985,16,453,291,162,54,0,25,17,0,0,0,0,0,143,25,285,19,326,2,0,69,291,3,18,1,2,Matches
132,Fabinho,br BRA,"DF,MF",Liverpool,27-075,1993,14.4,1136,1117,19,14,1,79,23,1,0,0,0,0,939,76,121,76,992,34,5,6,1048,1,7,6,4,Matches
133,Bruno Fernandes,pt POR,MF,Manchester Utd,26-120,1994,14.4,962,869,93,22,15,134,55,34,32,9,13,6,618,126,218,71,831,31,15,11,700,10,18,22,46,Matches
134,Federico Fernández,ar ARG,DF,Newcastle Utd,31-320,1989,14.5,546,501,45,19,0,34,26,8,0,0,0,0,349,69,128,25,437,43,26,5,430,1,12,10,8,Matches
135,Fernandinho,br BRA,MF,Manchester City,35-247,1985,3.8,324,315,9,6,0,26,16,2,0,0,0,0,255,22,47,43,255,14,3,3,283,0,2,5,2,Matches
136,Sam Field,eng ENG,MF,West Brom,22-243,1998,0.7,23,23,0,0,0,5,0,0,0,0,0,0,12,0,11,16,0,6,0,0,15,0,0,1,0,Matches
137,Roberto Firmino,br BRA,"FW,MF",Liverpool,29-096,1991,15.5,598,571,27,3,4,118,9,18,1,0,0,0,456,97,45,84,470,22,9,7,472,1,1,15,22,Matches
138,John Fleck,sco SCO,MF,Sheffield Utd,29-135,1991,8.7,369,339,30,5,0,52,16,4,22,10,6,3,247,41,81,322,26,11,2,4,280,1,3,7,3,Matches
139,Phil Foden,eng ENG,"FW,DF",Manchester City,20-223,2000,6.6,278,270,8,0,0,33,8,10,5,0,4,0,222,27,29,243,23,6,3,0,235,1,4,3,13,Matches
140,Wesley Fofana,fr FRA,DF,Leicester City,20-020,2000,12,738,707,31,16,1,63,16,0,0,0,0,0,574,62,102,53,615,29,15,2,646,2,8,9,3,Matches
141,Pablo Fornals,es ESP,"MF,FW",West Ham,24-319,1996,14,448,434,14,1,2,77,7,13,1,0,0,0,324,68,56,45,368,20,3,6,343,2,6,8,19,Matches
142,Fraser Forster,eng ENG,GK,Southampton,32-295,1988,1,43,23,20,6,0,7,1,0,0,0,0,0,1,1,41,6,31,0,0,1,9,2,5,0,1,Matches
143,Timothy Fosu-Mensah,nl NED,DF,Manchester Utd,23-004,1998,0.9,75,71,4,0,0,8,0,5,0,0,0,0,62,7,6,8,60,1,4,1,65,0,1,1,2,Matches
144,Ryan Fraser,sco SCO,MF,Newcastle Utd,26-317,1994,3.1,116,101,15,3,0,18,3,15,9,0,7,0,66,16,34,21,83,7,1,1,78,0,0,0,6,Matches
145,Fred,br BRA,MF,Manchester Utd,27-307,1993,10.1,628,607,21,19,3,75,18,4,0,0,0,0,502,69,57,444,171,7,2,4,550,2,7,13,11,Matches
146,Ryan Fredericks,eng ENG,DF,West Ham,28-088,1992,3.5,177,149,28,4,0,14,1,11,0,0,0,0,95,28,54,8,122,20,24,0,130,0,3,1,7,Matches
147,Christian Fuchs,at AUT,DF,Leicester City,34-274,1986,7.8,589,516,73,14,1,45,11,8,0,0,0,0,387,85,117,448,39,27,59,1,478,0,7,11,11,Matches
148,Darnell Furlong,eng ENG,DF,West Brom,25-067,1995,15.8,617,492,125,3,0,86,16,38,1,0,0,1,236,142,239,17,379,57,121,1,381,4,21,7,23,Matches
149,Conor Gallagher,eng ENG,MF,West Brom,20-335,2000,12.9,474,453,21,5,0,88,10,9,5,3,1,0,344,62,68,47,383,29,3,2,389,1,3,11,13,Matches
150,Eric García,es ESP,DF,Manchester City,19-363,2001,2.2,221,217,4,4,0,11,1,0,0,0,0,0,196,13,12,20,193,5,0,1,208,1,3,2,1,Matches
151,Dwight Gayle,eng ENG,FW,Newcastle Utd,30-081,1990,0.7,25,23,2,0,0,6,0,0,0,0,0,0,17,7,1,8,15,0,0,2,22,0,0,0,0,Matches
152,David de Gea,es ESP,GK,Manchester Utd,30-060,1990,13.5,292,183,109,16,0,15,2,0,0,0,0,0,174,9,109,18,233,1,0,34,222,1,2,3,1,Matches
153,Anwar El Ghazi,nl NED,FW,Aston Villa,25-248,1995,5.4,182,175,7,1,0,37,5,27,5,3,0,2,112,33,37,34,127,7,1,2,119,1,2,8,11,Matches
154,Kieran Gibbs,eng ENG,DF,West Brom,31-102,1989,5,161,143,18,2,0,27,0,5,1,0,1,0,86,20,55,116,17,9,15,1,119,2,3,1,3,Matches
155,Billy Gilmour,sco SCO,MF,Chelsea,19-209,2001,0.4,36,36,0,0,0,6,2,1,0,0,0,0,28,3,5,4,31,0,0,0,30,0,0,2,0,Matches
156,Olivier Giroud,fr FRA,FW,Chelsea,34-098,1986,4,97,93,4,0,0,22,0,2,0,0,0,0,59,27,11,64,11,8,2,7,70,0,0,6,6,Matches
157,Ben Godfrey,eng ENG,DF,Everton,22-357,1998,9.7,409,340,69,5,0,45,5,3,0,0,0,0,257,69,83,25,278,27,64,1,334,0,8,4,17,Matches
158,André Gomes,pt POR,MF,Everton,27-160,1993,6.1,321,314,7,3,0,30,18,7,3,2,0,0,234,39,48,117,196,2,0,1,269,1,7,3,10,Matches
159,Joe Gomez,eng ENG,DF,Liverpool,23-228,1997,6.6,533,525,8,8,0,65,28,0,0,0,0,0,408,33,92,38,446,31,0,0,481,1,8,1,2,Matches
160,Anthony Gordon,eng ENG,"FW,MF",Everton,19-317,2001,1,26,24,2,1,0,3,0,1,0,0,0,0,23,2,1,2,22,0,1,0,22,0,1,0,1,Matches
161,Karlan Grant,eng ENG,FW,West Brom,23-110,1997,9.5,172,156,16,0,1,39,0,8,1,0,0,0,112,34,26,22,120,17,1,6,121,1,2,3,15,Matches
162,Demarai Gray,eng ENG,FW,Leicester City,24-192,1996,0.2,12,12,0,0,0,2,1,1,0,0,0,0,10,1,1,0,12,0,0,0,7,0,1,0,3,Matches
163,Jack Grealish,eng ENG,"FW,MF",Aston Villa,25-118,1995,15,689,612,77,26,3,130,21,35,33,15,5,1,486,98,105,47,603,7,12,4,538,1,9,24,32,Matches
164,Mason Greenwood,eng ENG,FW,Manchester Utd,19-097,2001,6.9,224,220,4,1,0,50,6,5,2,0,0,0,187,14,23,171,46,5,0,0,186,3,0,7,3,Matches
165,Pascal Groß,de GER,MF,Brighton,29-205,1991,8,494,437,57,21,2,74,27,32,31,11,13,0,303,52,139,94,368,20,3,1,380,3,11,5,6,Matches
166,Kamil Grosicki,pl POL,"FW,MF",West Brom,32-212,1988,0.1,4,3,1,0,0,0,1,0,1,0,1,0,3,0,1,1,3,0,0,0,2,0,0,1,0,Matches
167,Vicente Guaita,es ESP,GK,Crystal Palace,33-362,1987,17,469,281,188,48,0,27,5,0,0,0,0,0,128,18,323,18,344,0,0,62,254,2,10,2,0,Matches
168,?lkay Gündo?an,de GER,MF,Manchester City,30-074,1990,8.2,693,672,21,11,1,65,7,3,8,2,2,0,589,52,52,229,448,11,1,1,625,2,5,12,5,Matches
169,Antwoine Hackford,eng ENG,"DF,FW",Sheffield Utd,16-292,2004,0.1,1,1,0,0,0,0,0,0,0,0,0,0,0,1,0,0,1,0,0,0,1,0,0,0,0,Matches
170,Sébastien Haller,ci CIV,FW,West Ham,26-198,1994,10.4,251,241,10,0,1,93,9,4,0,0,0,0,138,58,55,34,158,14,0,3,170,1,5,6,9,Matches
171,Rekeem Harper,eng ENG,MF,West Brom,20-304,2000,0.4,16,16,0,0,0,2,1,0,0,0,0,0,12,2,2,2,12,2,0,0,13,0,0,0,0,Matches
172,Jack Harrison,eng ENG,MF,Leeds United,24-047,1996,14.5,574,548,26,3,1,91,23,56,15,8,7,0,364,87,123,388,137,24,8,4,389,5,12,22,37,Matches
173,Kortney Hause,eng ENG,DF,Aston Villa,25-174,1995,4,141,135,6,6,0,25,3,2,0,0,0,0,82,17,42,95,13,16,0,0,104,0,5,2,3,Matches
174,Kai Havertz,de GER,"MF,FW",Chelsea,21-209,1999,9.1,433,422,11,2,1,91,5,5,0,0,0,0,360,44,29,315,89,12,7,2,372,1,5,8,20,Matches
175,Isaac Hayden,eng ENG,"MF,DF",Newcastle Utd,25-290,1995,10.1,359,336,23,14,1,64,11,3,0,0,0,0,263,32,64,45,272,24,0,0,294,1,9,3,14,Matches
176,Michael Hector,jm JAM,DF,Fulham,28-171,1992,2.9,175,165,10,9,0,13,2,0,0,0,0,0,109,22,44,20,147,4,1,1,139,0,4,1,4,Matches
177,Ahmed Hegazi,eg EGY,DF,West Brom,29-347,1991,1,52,52,0,0,0,3,0,0,0,0,0,0,27,4,21,3,38,9,0,0,37,0,2,0,1,Matches
178,Dean Henderson,eng ENG,GK,Manchester Utd,23-300,1997,2.5,63,40,23,5,0,3,0,0,0,0,0,0,43,4,16,2,45,0,0,16,49,0,0,0,1,Matches
179,Jordan Henderson,eng ENG,"MF,DF",Liverpool,30-203,1990,12.6,1255,1228,27,20,3,92,43,13,2,0,1,0,908,123,224,145,1056,47,3,1,1077,2,14,10,21,Matches
180,Jeff Hendrick,ie IRL,MF,Newcastle Utd,28-341,1992,9.1,288,279,9,7,0,47,3,2,0,0,0,0,206,37,45,36,230,11,0,3,235,0,2,6,12,Matches
181,Pablo Hernández,es ESP,MF,Leeds United,35-270,1985,2.7,231,221,10,3,1,26,13,7,4,1,1,1,143,47,41,23,201,4,3,0,171,1,5,5,12,Matches
182,Son Heung-min,kr KOR,FW,Tottenham,28-182,1992,14.9,487,424,63,18,2,71,21,22,39,23,13,0,322,84,81,62,385,24,3,1,376,2,6,4,17,Matches
183,Ki-Jana Hoever,nl NED,DF,Wolves,18-354,2002,1.3,88,74,14,1,0,7,2,3,0,0,0,0,54,22,12,5,65,5,13,0,70,1,1,1,7,Matches
184,Rob Holding,eng ENG,DF,Arsenal,25-108,1995,13.5,814,790,24,19,0,65,36,1,0,0,0,0,632,68,114,85,668,36,5,5,717,1,17,3,4,Matches
185,Mason Holgate,eng ENG,DF,Everton,24-076,1996,6.9,389,344,45,10,0,19,10,6,0,0,0,0,258,48,83,43,284,20,35,1,319,0,7,8,8,Matches
186,Conor Hourihane,ie IRL,MF,Aston Villa,29-339,1991,2.5,155,119,36,17,0,11,7,12,15,4,5,1,102,20,33,144,5,2,2,0,116,2,1,1,3,Matches
187,Callum Hudson-Odoi,eng ENG,FW,Chelsea,20-060,2000,3.7,206,201,5,1,0,20,14,17,0,0,0,0,151,22,33,32,166,3,4,0,169,1,5,1,7,Matches
188,Pierre Højbjerg,dk DEN,MF,Tottenham,25-154,1995,16,1074,1028,46,43,1,84,30,7,0,0,0,0,842,82,150,134,868,47,3,2,942,1,13,10,5,Matches
189,Odion Ighalo,ng NGA,FW,Manchester Utd,31-204,1989,0.1,1,1,0,0,0,0,0,0,0,0,0,0,1,0,0,0,1,0,0,0,1,0,0,0,0,Matches
190,Kelechi Iheanacho,ng NGA,"FW,MF",Leicester City,24-095,1996,2.6,65,63,2,0,1,14,0,0,0,0,0,0,49,12,4,57,7,1,0,0,55,2,0,1,3,Matches
191,Danny Ings,eng ENG,FW,Southampton,28-167,1992,11.7,256,253,3,0,0,66,5,10,0,0,0,0,157,41,58,28,206,14,0,1,163,3,3,8,12,Matches
192,Branislav Ivanovi?,rs SRB,DF,West Brom,36-319,1984,8.2,308,288,20,20,0,25,9,0,0,0,0,0,223,34,51,26,240,31,0,0,263,0,7,2,5,Matches
193,Alex Iwobi,ng NGA,"FW,DF",Everton,24-248,1996,8.7,400,376,24,0,1,42,13,35,0,0,0,0,273,61,66,44,326,4,23,1,293,5,7,10,21,Matches
194,Phil Jagielka,eng ENG,"DF,MF",Sheffield Utd,38-142,1982,1.6,59,51,8,3,0,8,2,1,0,0,0,0,29,8,22,11,31,8,5,0,41,0,2,0,1,Matches
195,Alireza Jahanbakhsh,ir IRN,"FW,MF",Brighton,27-148,1993,2.8,109,105,4,0,2,17,3,11,0,0,0,0,76,16,17,7,91,6,2,2,79,0,2,2,7,Matches
196,Daniel James,wal WAL,FW,Manchester Utd,23-057,1997,3.6,126,126,0,0,1,24,1,5,0,0,0,0,105,11,10,13,109,2,0,0,100,1,3,0,8,Matches
197,Reece James,eng ENG,DF,Chelsea,21-029,1999,12,916,814,102,13,1,92,37,62,9,2,5,1,585,174,157,82,716,25,80,2,762,3,13,7,24,Matches
198,Gabriel Jesus,br BRA,FW,Manchester City,23-278,1997,7,175,166,9,1,1,34,2,1,0,0,0,0,137,19,19,25,137,7,0,3,140,0,1,4,7,Matches
199,Raúl Jiménez,mx MEX,FW,Wolves,29-246,1991,9.1,263,255,8,1,2,76,10,3,0,0,0,0,170,60,33,21,206,13,1,11,207,2,6,2,9,Matches
200,Joelinton,br BRA,"FW,MF",Newcastle Utd,24-145,1996,10.6,332,327,5,1,1,120,2,5,0,0,0,0,225,70,37,56,222,17,0,5,245,0,11,9,12,Matches
201,Ben Johnson,eng ENG,DF,West Ham,20-348,2000,1.6,61,55,6,0,0,4,2,4,0,0,0,0,30,13,18,12,41,2,6,0,44,0,3,3,2,Matches
202,Sam Johnstone,eng ENG,GK,West Brom,27-287,1993,17,562,350,212,70,0,34,28,0,0,0,0,0,147,16,399,20,417,0,0,77,315,3,33,2,5,Matches
203,Curtis Jones,eng ENG,MF,Liverpool,19-342,2001,7.5,631,625,6,1,1,59,8,3,0,0,0,0,553,30,48,77,523,20,4,2,576,2,1,10,10,Matches
204,Jorginho,it ITA,MF,Chelsea,29-017,1991,7.1,454,449,5,5,1,66,16,0,0,0,0,0,317,55,82,37,392,20,0,1,393,0,6,5,4,Matches
205,Diogo Jota,pt POR,FW,Liverpool,24-033,1996,5.6,215,212,3,0,0,30,4,7,0,0,0,0,165,30,20,69,138,5,0,2,173,1,2,7,7,Matches
206,James Justin,eng ENG,DF,Leicester City,22-318,1998,17,950,822,128,9,1,98,12,43,0,0,0,0,583,190,177,162,603,49,119,5,738,5,17,15,42,Matches
207,Aboubakar Kamara,fr FRA,"FW,DF",Fulham,25-305,1995,3.1,114,108,6,1,0,17,5,11,0,0,0,0,76,14,24,14,91,4,1,0,83,0,2,0,7,Matches
208,Harry Kane,eng ENG,FW,Tottenham,27-162,1993,15.9,408,388,20,6,10,105,24,10,0,0,0,0,213,94,101,58,275,35,3,5,296,2,5,6,21,Matches
209,N'Golo Kanté,fr FRA,MF,Chelsea,29-283,1991,16.4,1035,1018,17,15,0,121,34,6,0,0,0,0,793,116,126,137,843,41,2,2,902,2,12,21,14,Matches
210,Moise Kean,it ITA,FW,Everton,20-313,2000,0.2,9,9,0,0,0,0,0,0,0,0,0,0,5,3,1,1,8,0,0,0,7,0,0,0,2,Matches
211,Michael Keane,eng ENG,DF,Everton,27-361,1993,14.7,937,918,19,18,2,61,22,0,0,0,0,0,711,77,149,209,657,47,0,0,831,1,6,4,6,Matches
212,Neeskens Kebano,cd COD,"FW,MF",Fulham,28-302,1992,1.3,42,40,2,2,0,9,0,4,0,0,0,0,31,6,5,11,30,1,0,0,33,0,1,0,1,Matches
213,Naby Keïta,gn GUI,MF,Liverpool,25-331,1995,4.4,259,249,10,2,0,44,4,2,0,0,0,0,208,31,20,19,225,11,1,0,229,1,2,3,4,Matches
214,Caoimhin Kelleher,ie IRL,GK,Liverpool,22-044,1998,1,28,21,7,2,0,3,0,0,0,0,0,0,18,1,9,4,20,0,0,3,22,0,0,0,0,Matches
215,Jonjoe Kenny,eng ENG,DF,Everton,23-297,1997,0.9,61,48,13,2,0,5,0,3,0,0,0,0,32,8,21,2,45,3,11,0,47,0,0,1,4,Matches
216,Max Kilman,eng ENG,DF,Wolves,23-228,1997,8.4,399,394,5,5,3,25,6,0,0,0,0,0,313,34,52,314,60,16,0,1,350,0,6,3,3,Matches
217,Mateusz Klich,pl POL,MF,Leeds United,30-207,1990,15.6,964,918,46,22,2,130,18,26,18,3,11,1,669,129,166,63,836,44,6,4,773,3,12,25,33,Matches
218,Robin Koch,de GER,DF,Leeds United,24-173,1996,10.1,673,659,14,13,1,64,15,1,0,0,0,0,506,50,117,71,536,35,1,4,578,2,9,8,4,Matches
219,Sead Kolašinac,ba BIH,DF,Arsenal,27-200,1993,1,64,60,4,1,0,1,0,0,0,0,0,0,49,9,6,54,2,4,3,0,54,1,1,0,3,Matches
220,Ezri Konsa,eng ENG,DF,Aston Villa,23-075,1997,12.5,385,368,17,16,0,44,11,1,0,0,0,0,276,43,66,34,304,23,1,1,331,1,7,1,2,Matches
221,Cheikhou Kouyaté,sn SEN,DF,Crystal Palace,31-016,1989,16.7,639,609,30,27,0,82,7,1,0,0,0,0,397,93,149,52,503,46,2,6,496,1,15,5,11,Matches
222,Mateo Kova?i?,hr CRO,MF,Chelsea,26-245,1994,7.2,499,495,4,3,1,64,14,6,0,0,0,0,414,45,40,22,467,7,0,0,452,0,3,4,7,Matches
223,Emil Krafth,se SWE,DF,Newcastle Utd,26-157,1994,3.2,161,125,36,1,0,17,0,4,0,0,0,0,75,50,36,2,108,9,35,0,119,1,2,8,6,Matches
224,Filip Krovinovi?,hr CRO,MF,West Brom,25-130,1995,6.1,365,333,32,16,0,54,5,5,6,1,2,2,263,53,49,35,299,19,2,4,308,2,2,3,11,Matches
225,Alexandre Lacazette,fr FRA,FW,Arsenal,29-223,1991,9.6,225,208,17,0,1,62,5,3,0,0,0,0,160,35,30,25,173,15,0,1,169,1,7,2,9,Matches
226,Adam Lallana,eng ENG,"MF,FW",Brighton,32-241,1988,8.5,375,362,13,2,4,64,9,12,3,0,0,1,259,61,55,122,222,16,4,5,305,1,5,6,8,Matches
227,Érik Lamela,ar ARG,FW,Tottenham,28-308,1992,2.2,83,75,8,1,0,23,1,2,6,4,1,0,57,13,13,77,3,0,0,0,62,0,1,1,6,Matches
228,Tariq Lamptey,eng ENG,DF,Brighton,20-098,2000,9.8,500,404,96,5,0,60,13,30,0,0,0,0,295,106,99,102,285,16,91,1,390,0,9,9,16,Matches
229,Manuel Lanzini,ar ARG,"MF,FW",West Ham,27-326,1993,2.6,136,132,4,2,0,9,1,0,0,0,0,0,108,14,14,16,116,3,1,0,115,1,2,3,1,Matches
230,Aymeric Laporte,fr FRA,DF,Manchester City,26-224,1994,4,278,269,9,9,0,19,7,0,0,0,0,0,234,13,31,209,50,11,0,1,250,0,5,0,2,Matches
231,Jamaal Lascelles,eng ENG,DF,Newcastle Utd,27-056,1993,7.5,275,267,8,8,0,32,4,0,0,0,0,0,189,19,67,43,197,24,0,1,229,0,2,1,0,Matches
232,Maxime Le Marchand,fr FRA,DF,Fulham,31-087,1989,1.4,82,80,2,1,0,3,5,0,0,0,0,0,66,5,11,73,7,0,1,0,78,0,0,0,0,Matches
233,Mario Lemina,ga GAB,MF,Fulham,27-127,1993,5.1,238,237,1,1,0,28,10,1,0,0,0,0,184,24,30,34,186,13,0,0,199,1,6,3,3,Matches
234,Bernd Leno,de GER,GK,Arsenal,28-308,1992,17,597,451,146,38,1,60,8,0,0,0,0,0,412,17,168,72,438,2,0,68,486,1,14,1,0,Matches
235,Jamal Lewis,nir NIR,DF,Newcastle Utd,22-347,1998,11.3,428,343,85,8,0,33,4,20,0,0,0,0,235,81,112,293,36,15,77,1,327,1,9,6,16,Matches
236,Victor Lindelöf,se SWE,DF,Manchester Utd,26-173,1994,12.7,795,763,32,18,1,67,8,0,0,0,0,0,642,66,87,117,609,34,14,5,712,0,7,8,11,Matches
237,Jake Livermore,eng ENG,MF,West Brom,31-053,1989,8.5,243,240,3,2,1,44,3,2,0,0,0,0,164,33,46,14,202,15,0,0,188,1,3,5,9,Matches
238,Diego Llorente,es ESP,DF,Leeds United,27-143,1993,0.9,79,78,1,1,0,3,3,0,0,0,0,0,59,6,14,13,60,3,0,1,61,1,0,4,1,Matches
239,Hugo Lloris,fr FRA,GK,Tottenham,34-011,1986,16,433,256,177,53,0,17,3,0,0,0,0,0,206,14,213,235,100,0,0,60,300,1,7,1,0,Matches
240,Giovani Lo Celso,ar ARG,"MF,FW",Tottenham,24-272,1996,4.9,241,216,25,10,2,27,7,3,11,10,0,1,149,36,56,204,23,3,1,3,178,0,2,6,9,Matches
241,Ruben Loftus-Cheek,eng ENG,"FW,MF",Fulham,24-349,1996,6.7,232,230,2,1,1,43,1,3,0,0,0,0,186,22,24,25,187,9,1,2,196,1,3,4,11,Matches
242,Ruben Loftus-Cheek,eng ENG,FW,Chelsea,24-349,1996,0.7,16,16,0,0,0,3,0,0,0,0,0,0,12,2,2,0,14,1,0,0,11,0,0,0,2,Matches
243,Kevin Long,ie IRL,DF,Burnley,30-141,1990,6,211,207,4,3,0,33,10,1,0,0,0,0,119,15,77,12,155,29,1,0,151,0,6,1,4,Matches
244,Shane Long,ie IRL,"FW,MF",Southampton,33-350,1987,2.1,56,54,2,0,0,20,0,0,0,0,0,0,23,16,17,1,32,9,0,2,35,1,0,1,5,Matches
245,Matthew Longstaff,eng ENG,MF,Newcastle Utd,20-291,2000,3.3,119,117,2,0,0,22,2,3,2,1,1,0,67,23,29,10,102,4,0,0,91,2,4,0,4,Matches
246,Sean Longstaff,eng ENG,MF,Newcastle Utd,23-068,1997,8.2,336,309,27,11,0,41,27,2,12,3,5,4,209,53,74,66,244,18,1,2,273,1,8,7,5,Matches
247,Ademola Lookman,eng ENG,FW,Fulham,23-078,1997,11.2,411,382,29,5,2,65,7,19,15,6,2,1,341,36,34,70,334,1,4,1,329,2,3,8,18,Matches
248,Max Lowe,eng ENG,DF,Sheffield Utd,23-240,1997,4.6,160,140,20,2,0,23,7,12,2,0,2,0,98,29,33,124,10,6,16,0,105,2,4,5,12,Matches
249,Matthew Lowton,eng ENG,DF,Burnley,31-211,1989,11,474,382,92,12,0,46,9,10,0,0,0,0,220,73,181,33,325,30,80,1,332,1,13,3,11,Matches
250,David Luiz,br BRA,DF,Arsenal,33-259,1987,5.3,380,368,12,10,2,46,13,1,0,0,0,0,284,37,59,57,304,12,2,1,322,2,11,5,5,Matches
251,Douglas Luiz,br BRA,MF,Aston Villa,22-242,1998,13.6,640,607,33,29,0,77,26,6,0,0,0,0,426,85,129,67,506,42,1,8,545,3,5,11,12,Matches
252,John Lundstram,eng ENG,MF,Sheffield Utd,26-323,1994,8.5,393,355,38,7,1,71,23,17,18,12,4,2,255,54,84,100,273,5,4,1,301,1,9,9,8,Matches
253,Alexis Mac Allister,ar ARG,"FW,MF",Brighton,22-013,1998,1.5,36,34,2,1,0,5,0,1,1,0,0,0,24,9,3,9,26,0,0,1,29,0,1,0,3,Matches
254,James Maddison,eng ENG,"MF,FW",Leicester City,24-044,1996,10.7,540,464,76,24,3,77,22,18,45,10,25,3,374,62,104,48,476,13,0,2,417,2,4,16,19,Matches
255,Harry Maguire,eng ENG,DF,Manchester Utd,27-307,1993,16,964,935,29,23,0,104,33,1,0,0,0,0,713,74,177,139,728,53,6,4,844,4,15,7,3,Matches
256,Riyad Mahrez,dz ALG,"FW,DF",Manchester City,29-320,1991,8.6,415,375,40,6,5,61,9,16,26,14,0,1,303,47,65,373,22,4,6,1,340,0,8,6,15,Matches
257,Ainsley Maitland-Niles,eng ENG,DF,Arsenal,23-130,1997,4.7,243,212,31,3,1,20,8,4,0,0,0,0,170,44,29,40,166,6,28,0,191,1,5,6,6,Matches
258,Sadio Mané,sn SEN,FW,Liverpool,28-271,1992,14.8,514,506,8,1,2,93,9,29,1,0,0,0,361,86,67,142,329,17,6,11,378,2,6,16,31,Matches
259,Javier Manquillo,es ESP,DF,Newcastle Utd,26-246,1994,5.1,214,174,40,3,0,24,8,11,0,0,0,0,115,46,53,13,155,6,37,0,158,0,4,2,10,Matches
260,Fernando Marçal,br BRA,DF,Wolves,31-322,1989,6.3,338,282,56,6,1,43,3,9,0,0,0,0,188,74,76,234,36,12,50,0,285,2,3,2,5,Matches
261,Solly March,eng ENG,DF,Brighton,26-170,1994,14.6,807,650,157,18,0,106,38,60,31,12,14,0,420,149,238,609,54,24,108,5,572,4,9,16,44,Matches
262,Pablo Marí,es ESP,DF,Arsenal,27-128,1993,3,174,173,1,0,0,17,4,0,0,0,0,0,136,14,24,143,18,7,1,0,154,0,2,4,1,Matches
263,Anthony Martial,fr FRA,FW,Manchester Utd,25-032,1995,9.2,249,239,10,2,4,52,1,6,0,0,0,0,209,24,16,31,202,8,1,1,200,2,3,5,13,Matches
264,Martinelli,br BRA,FW,Arsenal,19-202,2001,1.7,30,30,0,0,0,4,0,2,0,0,0,0,23,5,2,8,20,2,0,0,22,1,0,2,1,Matches
265,Emiliano Martínez,ar ARG,GK,Aston Villa,28-126,1992,15,484,339,145,48,0,40,19,0,0,0,0,0,176,21,287,37,323,0,0,60,299,1,16,1,1,Matches
266,Arthur Masuaku,cd COD,DF,West Ham,27-060,1993,9.4,486,445,41,0,0,84,15,29,0,0,0,0,353,61,72,409,16,11,41,1,389,3,11,8,21,Matches
267,Juan Mata,es ESP,FW,Manchester Utd,32-253,1988,3.7,186,176,10,4,1,33,5,5,6,0,3,3,146,13,27,151,29,2,0,3,154,1,0,5,3,Matches
268,Nemanja Mati?,rs SRB,MF,Manchester Utd,32-158,1988,6.1,453,433,20,17,1,66,11,2,0,0,0,0,376,32,45,379,55,9,3,0,414,2,3,2,8,Matches
269,Joël Matip,cm CMR,DF,Liverpool,29-151,1991,6.2,432,424,8,8,1,35,7,0,0,0,0,0,338,35,59,57,348,16,0,0,383,0,4,8,3,Matches
270,Neal Maupay,fr FRA,"FW,MF",Brighton,24-145,1996,12.4,290,265,25,1,1,75,7,4,0,0,0,0,225,29,36,63,201,10,3,7,233,1,5,8,12,Matches
271,James McArthur,sco SCO,MF,Crystal Palace,33-091,1987,13.3,631,597,34,15,0,114,13,4,0,0,0,0,424,86,121,160,408,41,6,2,511,3,15,19,17,Matches
272,Oliver McBurnie,sco SCO,FW,Sheffield Utd,24-216,1996,9.2,254,247,7,1,2,110,0,2,0,0,0,0,116,73,65,12,133,26,0,8,168,1,7,5,11,Matches
273,Alex McCarthy,eng ENG,GK,Southampton,31-034,1989,16,575,448,127,52,0,74,13,0,0,0,0,0,278,15,282,103,376,2,0,63,371,4,16,3,1,Matches
274,James McCarthy,ie IRL,MF,Crystal Palace,30-055,1990,3.7,123,114,9,4,0,17,7,2,5,4,0,1,66,19,38,20,93,7,0,0,87,0,4,2,9,Matches
275,John McGinn,sco SCO,MF,Aston Villa,26-080,1994,15,531,498,33,20,2,82,33,17,8,2,4,0,343,65,123,412,94,14,3,0,409,7,8,15,16,Matches
276,David McGoldrick,ie IRL,"FW,MF",Sheffield Utd,33-038,1987,10.3,365,353,12,2,1,76,9,13,0,0,0,0,260,53,52,33,287,14,3,0,265,1,5,8,14,Matches
277,Dwight McNeil,eng ENG,MF,Burnley,21-045,1999,13,495,439,56,28,3,87,41,39,22,20,0,0,295,55,145,439,23,16,6,1,354,4,13,6,20,Matches
278,Scott McTominay,sco SCO,MF,Manchester Utd,24-029,1996,10.2,504,488,16,12,0,61,14,3,0,0,0,0,402,45,57,38,422,27,4,4,434,0,3,7,7,Matches
279,Ben Mee,eng ENG,DF,Burnley,31-105,1989,9,314,299,15,13,0,50,9,0,0,0,0,0,163,41,110,237,33,26,2,1,236,1,6,5,4,Matches
280,Benjamin Mendy,fr FRA,DF,Manchester City,26-173,1994,5.6,381,329,52,2,0,25,5,10,0,0,0,0,250,71,60,294,15,15,50,0,310,1,6,5,15,Matches
281,Edouard Mendy,sn SEN,GK,Chelsea,28-311,1992,13,438,339,99,20,0,29,10,0,0,0,0,0,277,11,150,17,376,0,0,40,362,1,5,3,0,Matches
282,Nampalys Mendy,fr FRA,MF,Leicester City,28-197,1992,12.3,771,762,9,9,1,71,9,0,0,0,0,0,652,68,51,91,663,12,0,0,707,1,4,6,5,Matches
283,Illan Meslier,fr FRA,GK,Leeds United,20-310,2000,17,622,463,159,35,1,55,13,0,0,0,0,0,407,38,177,403,86,0,0,126,533,0,15,4,0,Matches
284,Luka Milivojevi?,rs SRB,MF,Crystal Palace,29-274,1991,9.1,499,453,46,28,0,56,14,7,13,8,3,0,339,55,105,64,390,31,1,0,405,0,8,10,11,Matches
285,James Milner,eng ENG,"MF,DF",Liverpool,35-002,1986,3.9,345,308,37,6,2,29,10,9,11,5,4,0,231,64,50,27,287,6,19,0,289,0,4,3,11,Matches
286,Yerry Mina,co COL,DF,Everton,26-105,1994,14,863,845,18,17,0,68,16,0,0,0,0,0,706,59,98,123,685,32,1,0,783,0,6,6,9,Matches
287,Takumi Minamino,jp JPN,"MF,FW",Liverpool,25-356,1995,3.2,133,130,3,0,0,21,1,2,1,0,0,0,92,23,18,20,107,3,1,0,107,0,3,2,4,Matches
288,Tyrone Mings,eng ENG,DF,Aston Villa,27-299,1993,13.5,643,615,28,25,0,74,24,0,0,0,0,0,395,79,169,481,89,42,3,1,510,0,19,8,6,Matches
289,Tyrick Mitchell,eng ENG,DF,Crystal Palace,21-127,1999,8,333,250,83,2,0,51,1,9,0,0,0,0,171,50,112,231,12,4,81,0,231,2,6,12,18,Matches
290,Aleksandar Mitrovi?,rs SRB,FW,Fulham,26-112,1994,8.8,206,188,18,1,0,71,3,5,1,0,0,0,113,49,44,28,127,12,0,15,157,0,1,1,6,Matches
291,Jayson Molumby,ie IRL,MF,Brighton,21-153,1999,0,1,1,0,0,0,0,0,0,0,0,0,0,0,0,1,1,0,0,0,0,0,0,0,0,0,Matches
292,Wes Morgan,jm JAM,DF,Leicester City,36-351,1984,0.2,5,5,0,0,0,0,0,0,0,0,0,0,2,0,3,1,3,1,0,0,5,0,0,0,0,Matches
293,Mason Mount,eng ENG,"MF,FW",Chelsea,21-362,1999,15,882,788,94,11,2,113,44,23,61,18,30,3,649,111,122,99,736,23,8,5,736,3,7,13,36,Matches
294,Lucas Moura,br BRA,"FW,MF",Tottenham,28-146,1992,5.1,189,184,5,1,0,32,1,3,1,0,1,0,125,38,26,21,144,14,3,1,136,0,2,6,12,Matches
295,Lys Mousset,fr FRA,FW,Sheffield Utd,24-333,1996,2.3,36,30,6,0,0,3,1,0,0,0,0,0,29,5,2,6,27,2,0,1,29,0,0,2,0,Matches
296,João Moutinho,pt POR,MF,Wolves,34-120,1986,11.9,713,630,83,46,2,85,34,21,36,6,13,0,448,107,158,46,630,28,0,2,602,3,10,7,12,Matches
297,Jacob Murphy,eng ENG,"DF,FW",Newcastle Utd,25-317,1995,7.2,210,170,40,5,2,37,3,11,2,0,1,0,95,51,64,26,144,6,32,2,134,2,6,5,13,Matches
298,Shkodran Mustafi,de GER,DF,Arsenal,28-264,1992,0.5,48,47,1,0,0,2,3,0,0,0,0,0,37,5,6,1,44,0,1,0,41,0,1,1,0,Matches
299,Marvelous Nakamba,zw ZIM,MF,Aston Villa,26-353,1994,1.2,34,33,1,1,0,3,0,0,0,0,0,0,30,1,3,27,6,0,0,1,30,0,0,1,0,Matches
300,Wilfred Ndidi,ng NGA,"MF,DF",Leicester City,24-021,1996,7.1,439,431,8,7,0,57,12,0,0,0,0,0,336,45,58,57,345,21,1,1,396,0,3,3,3,Matches
301,Tanguy Ndombele,fr FRA,MF,Tottenham,24-009,1996,8.9,404,388,16,4,3,64,2,5,0,0,0,0,328,50,26,34,348,11,2,4,326,2,1,14,14,Matches
302,Reiss Nelson,eng ENG,FW,Arsenal,21-027,1999,0.8,30,23,7,2,0,5,1,4,4,1,3,0,13,7,10,4,25,0,1,0,17,0,0,0,3,Matches
303,Pedro Neto,pt POR,"FW,MF",Wolves,20-303,2000,15,649,568,81,21,2,99,26,61,41,11,9,3,458,89,102,511,110,11,1,9,519,0,10,5,23,Matches
304,Rúben Neves,pt POR,MF,Wolves,23-299,1997,12.8,867,833,34,32,2,82,61,5,0,0,0,0,556,144,167,51,767,32,1,4,735,1,12,14,15,Matches
305,Eddie Nketiah,eng ENG,FW,Arsenal,21-221,1999,3.5,66,60,6,0,2,19,0,3,0,0,0,0,49,16,1,9,50,1,0,3,52,0,1,1,3,Matches
306,Niels Nkounkou,fr FRA,DF,Everton,20-066,2000,0.8,29,25,4,0,0,2,1,2,0,0,0,0,17,3,9,23,1,1,4,0,24,0,0,0,1,Matches
307,Dan Nlundulu,eng ENG,FW,Southampton,21-336,1999,0.4,12,12,0,0,0,5,0,0,0,0,0,0,7,1,4,2,7,2,0,0,10,0,0,0,0,Matches
308,Mark Noble,eng ENG,MF,West Ham,33-243,1987,2.5,139,130,9,2,0,10,7,2,2,0,1,0,94,19,26,4,129,3,1,1,119,0,0,3,4,Matches
309,Oliver Norwood,nir NIR,MF,Sheffield Utd,29-269,1991,6.3,442,398,44,19,0,51,35,11,24,11,6,4,274,53,115,19,394,23,1,1,351,3,5,5,1,Matches
310,Jack O'Connell,eng ENG,DF,Sheffield Utd,26-283,1994,2,77,75,2,1,0,10,1,1,0,0,0,0,46,5,26,63,2,8,1,0,60,0,1,0,1,Matches
311,Dara O'Shea,ie IRL,DF,West Brom,21-308,1999,11.1,429,367,62,12,0,58,22,3,1,0,0,0,212,50,167,33,283,37,49,2,297,2,16,6,8,Matches
312,Michael Obafemi,ie IRL,FW,Southampton,20-184,2000,0.2,3,3,0,0,0,3,0,0,0,0,0,0,0,3,0,0,2,1,0,0,3,0,0,0,0,Matches
313,Denis Odoi,be BEL,DF,Fulham,32-224,1988,3,185,165,20,5,0,16,1,4,0,0,0,0,128,25,32,11,146,10,15,0,153,1,5,0,6,Matches
314,Angelo Ogbonna,it ITA,DF,West Ham,32-228,1988,16.7,559,552,7,6,0,53,10,1,0,0,0,0,397,54,108,323,166,44,1,4,464,0,6,7,6,Matches
315,Robin Olsen,se SWE,GK,Everton,30-364,1990,2,52,36,16,7,0,5,1,0,0,0,0,0,20,3,29,4,41,0,0,5,36,0,2,2,0,Matches
316,Josh Onomah,eng ENG,MF,Fulham,23-254,1997,1.5,46,45,1,0,0,13,0,0,0,0,0,0,37,7,2,10,35,0,0,0,38,0,1,1,0,Matches
317,Divock Origi,be BEL,FW,Liverpool,25-263,1995,0.1,3,3,0,0,0,0,0,0,0,0,0,0,2,1,0,0,2,1,0,0,2,0,0,0,1,Matches
318,Ben Osborn,eng ENG,"MF,DF",Sheffield Utd,26-154,1994,7.5,367,325,42,6,1,42,11,16,11,8,2,0,233,62,72,270,52,17,24,0,283,0,4,4,12,Matches
319,Owen Otasowie,us USA,MF,Wolves,19-261,2001,1.3,47,46,1,1,0,14,1,0,0,0,0,0,30,10,7,4,33,3,0,0,35,0,0,3,1,Matches
320,Alex Oxlade-Chamberlain,eng ENG,"MF,FW",Liverpool,27-144,1993,0.9,50,48,2,0,1,3,1,1,0,0,0,0,28,9,13,1,39,7,1,0,33,0,2,0,5,Matches
321,Emerson Palmieri,it ITA,DF,Chelsea,26-156,1994,1,63,52,11,0,0,6,1,1,1,0,1,0,31,18,14,43,4,5,10,0,51,0,1,0,4,Matches
322,Thomas Partey,gh GHA,MF,Arsenal,27-207,1993,3.1,186,180,6,6,0,36,3,0,0,0,0,0,128,30,28,12,164,6,0,0,162,0,2,1,4,Matches
323,Rui Patrício,pt POR,GK,Wolves,32-326,1988,17,367,200,167,40,0,17,9,0,0,0,0,0,118,23,226,210,69,0,0,58,243,0,10,2,1,Matches
324,Bailey Peacock-Farrell,nir NIR,GK,Burnley,24-069,1996,1,32,19,13,4,0,2,1,0,0,0,0,0,3,1,28,27,3,0,0,1,14,1,1,0,1,Matches
325,Lee Peltier,eng ENG,DF,West Brom,34-026,1986,1,24,20,4,0,0,4,0,0,0,0,0,0,14,6,4,4,16,0,4,0,16,0,2,2,1,Matches
326,Nicolas Pépé,ci CIV,"FW,MF",Arsenal,25-222,1995,5.1,148,131,17,3,1,37,4,9,12,5,4,0,100,23,25,117,11,6,2,3,99,1,2,4,10,Matches
327,Matheus Pereira,br BRA,"MF,FW",West Brom,24-246,1996,10.2,400,329,71,31,6,52,24,18,34,8,9,7,271,44,85,342,43,9,2,1,292,2,5,12,17,Matches
328,Ayoze Pérez,es ESP,"MF,FW",Leicester City,27-167,1993,6,206,201,5,1,2,55,3,9,3,1,2,0,146,33,27,20,174,4,1,2,160,1,0,2,11,Matches
329,Kalvin Phillips,eng ENG,MF,Leeds United,25-035,1995,13.5,852,776,76,36,3,82,67,15,37,12,17,1,563,93,196,77,731,25,3,3,703,6,14,8,18,Matches
330,Matt Phillips,sco SCO,"MF,DF",West Brom,29-299,1991,7.2,250,224,26,8,0,36,6,19,10,3,5,2,153,36,61,27,185,21,8,2,171,0,7,7,11,Matches
331,Nathaniel Phillips,eng ENG,DF,Liverpool,23-291,1997,3,225,220,5,4,0,24,7,0,0,0,0,0,154,19,52,15,176,16,1,1,190,0,2,2,2,Matches
332,Jordan Pickford,eng ENG,GK,Everton,26-305,1994,14,511,374,137,44,0,31,12,0,0,0,0,0,201,24,286,345,73,0,0,61,324,2,20,3,3,Matches
333,Erik Pieters,nl NED,"DF,MF",Burnley,32-152,1988,4,132,110,22,2,0,29,5,1,5,5,0,0,70,22,40,89,7,14,15,1,95,0,5,1,3,Matches
334,Daniel Podence,pt POR,"FW,MF",Wolves,25-077,1995,12.4,428,410,18,0,2,77,18,20,6,1,1,2,284,69,75,66,346,5,4,4,323,1,6,18,14,Matches
335,Paul Pogba,fr FRA,"MF,FW",Manchester Utd,27-297,1993,9.6,587,576,11,10,2,99,26,9,0,0,0,0,444,50,93,71,474,21,1,3,478,3,6,20,14,Matches
336,Nick Pope,eng ENG,GK,Burnley,28-262,1992,14,446,292,154,51,1,34,12,0,0,0,0,0,81,26,339,20,310,0,0,61,225,7,11,2,2,Matches
337,Dennis Praet,be BEL,"MF,FW",Leicester City,26-237,1994,7.3,272,267,5,0,0,45,9,17,0,0,0,0,181,54,37,18,235,13,1,0,215,1,4,7,5,Matches
338,Davy Pröpper,nl NED,MF,Brighton,29-126,1991,1.2,60,60,0,0,0,5,0,1,0,0,0,0,45,11,4,3,54,2,0,0,49,0,1,3,2,Matches
339,Christian Pulisic,us USA,"FW,MF",Chelsea,22-110,1998,7.7,257,250,7,1,1,54,6,14,1,0,1,0,185,30,42,39,201,8,4,0,198,0,9,4,9,Matches
340,Aaron Ramsdale,eng ENG,GK,Sheffield Utd,22-237,1998,17,512,320,192,65,0,29,13,0,0,0,0,0,92,18,402,24,377,0,0,52,234,4,17,2,1,Matches
341,Jacob Ramsey,eng ENG,"MF,FW",Aston Villa,19-223,2001,1.4,36,36,0,0,0,5,0,2,0,0,0,0,25,5,6,5,27,3,0,1,27,0,0,1,3,Matches
342,Darren Randolph,ie IRL,GK,West Ham,33-239,1987,1,22,12,10,5,0,1,1,0,0,0,0,0,6,0,16,0,19,0,0,2,13,0,1,0,0,Matches
343,Marcus Rashford,eng ENG,FW,Manchester Utd,23-067,1997,15.1,499,484,15,3,2,70,11,10,1,0,0,1,408,46,45,41,428,14,6,2,400,2,8,15,19,Matches
344,Tim Ream,us USA,DF,Fulham,33-093,1987,5,292,290,2,2,0,20,10,0,0,0,0,0,235,27,30,214,55,13,0,5,267,0,7,2,2,Matches
345,Nathan Redmond,eng ENG,MF,Southampton,26-306,1994,4.5,192,192,0,0,0,36,2,11,0,0,0,0,137,27,28,14,171,3,0,3,150,0,2,6,8,Matches
346,Harrison Reed,eng ENG,MF,Fulham,25-345,1995,7.9,480,455,25,13,0,48,6,2,8,2,4,0,381,46,53,56,392,27,2,2,425,0,6,6,5,Matches
347,Sergio Reguilón,es ESP,DF,Tottenham,24-021,1996,9.8,510,439,71,8,0,51,11,20,1,1,0,0,322,68,120,398,28,13,62,1,384,0,6,14,16,Matches
348,Bobby Reid,jm JAM,"DF,FW",Fulham,27-339,1993,10.3,329,309,20,0,0,58,10,14,2,0,1,1,210,52,67,21,279,9,12,1,229,1,8,12,10,Matches
349,Declan Rice,eng ENG,MF,West Ham,21-358,1999,17,818,805,13,10,3,108,41,19,0,0,0,0,628,81,109,97,661,37,2,0,701,0,11,11,12,Matches
350,Richarlison,br BRA,FW,Everton,23-241,1997,11.1,329,322,7,3,1,58,2,9,0,0,0,0,253,45,31,60,255,8,0,0,239,1,7,11,26,Matches
351,Jaïro Riedewald,nl NED,MF,Crystal Palace,24-119,1996,6.7,217,213,4,2,0,29,4,1,0,0,0,0,169,20,28,174,27,13,1,0,192,2,2,5,2,Matches
352,Matt Ritchie,sco SCO,"DF,MF",Newcastle Utd,31-118,1989,5.7,249,193,56,23,0,33,17,21,16,10,6,0,105,44,100,176,32,17,17,0,154,2,7,5,14,Matches
353,Tyler Roberts,wal WAL,"MF,FW",Leeds United,21-360,1999,2.7,79,78,1,0,1,17,1,3,0,0,0,0,46,20,13,1,67,5,0,2,53,0,2,2,4,Matches
354,Andrew Robertson,sco SCO,DF,Liverpool,26-301,1994,17,1537,1293,244,36,3,101,50,87,60,13,29,11,993,261,283,1249,70,55,148,1,1218,4,20,22,49,Matches
355,Antonee Robinson,us USA,DF,Fulham,23-151,1997,12,683,547,136,4,0,67,15,50,1,0,1,0,368,111,204,433,78,23,131,1,498,1,11,19,30,Matches
356,Callum Robinson,ie IRL,"FW,MF",West Brom,25-339,1995,9.4,272,258,14,2,0,52,4,25,0,0,0,0,173,53,46,58,193,13,0,2,187,0,2,11,17,Matches
357,Jack Robinson,eng ENG,DF,Sheffield Utd,27-127,1993,6.7,321,283,38,5,0,37,4,10,0,0,0,0,210,31,80,216,37,23,33,1,251,0,2,1,5,Matches
358,Hal Robson-Kanu,wal WAL,"FW,MF",West Brom,31-230,1989,1.6,18,15,3,1,0,4,0,1,0,0,0,0,16,0,2,12,6,0,0,0,12,0,2,0,1,Matches
359,Marek Rodák,sk SVK,GK,Fulham,24-024,1996,1,26,20,6,2,0,7,1,0,0,0,0,0,12,0,14,4,19,0,0,3,19,0,0,0,0,Matches
360,Joe Rodon,wal WAL,DF,Tottenham,23-076,1997,1.1,53,52,1,1,0,4,0,0,0,0,0,0,39,2,12,1,47,4,0,0,43,0,2,0,1,Matches
361,Rodri,es ESP,MF,Manchester City,24-198,1996,14.1,1235,1225,10,10,0,175,41,3,0,0,0,0,966,93,176,194,969,40,0,2,1128,0,7,14,10,Matches
362,Rodrigo,es ESP,MF,Leeds United,29-306,1991,9.1,399,396,3,0,3,83,12,16,1,1,0,0,264,75,60,320,47,17,1,4,302,0,3,15,15,Matches
363,James Rodríguez,co COL,"FW,MF",Everton,29-178,1991,9.6,545,475,70,20,2,73,56,17,35,16,12,3,299,95,151,494,27,10,11,1,424,2,11,12,11,Matches
364,Jay Rodriguez,eng ENG,"FW,MF",Burnley,31-161,1989,6.2,127,126,1,0,1,29,0,2,0,0,0,0,74,31,22,5,92,13,0,5,99,0,1,3,3,Matches
365,Oriol Romeu,es ESP,MF,Southampton,29-104,1991,14.5,944,933,11,10,3,193,16,2,1,0,1,0,690,80,174,189,669,50,0,7,784,1,13,11,17,Matches
366,Antonio Rüdiger,de GER,DF,Chelsea,27-309,1993,2,175,174,1,1,0,7,4,0,0,0,0,0,147,12,16,40,126,4,0,0,156,0,4,0,1,Matches
367,Mathew Ryan,au AUS,GK,Brighton,28-273,1992,11,399,315,84,26,0,49,13,0,0,0,0,0,238,15,146,57,275,2,0,56,314,0,15,3,0,Matches
368,Allan Saint-Maximin,fr FRA,"FW,MF",Newcastle Utd,23-300,1997,6.5,159,156,3,0,0,27,1,6,0,0,0,0,133,14,12,14,142,1,1,1,130,1,4,2,8,Matches
369,Romain Saïss,ma MAR,DF,Wolves,30-286,1990,11.7,592,559,33,6,0,43,13,10,0,0,0,0,387,87,118,477,44,30,27,1,489,0,8,7,9,Matches
370,Bukayo Saka,eng ENG,"FW,DF",Arsenal,19-123,2001,13.7,541,489,52,14,2,98,11,40,20,9,6,0,354,83,104,390,103,22,18,2,390,0,7,8,29,Matches
371,Mamadou Sakho,fr FRA,DF,Crystal Palace,30-328,1990,3.1,82,72,10,9,0,11,1,0,0,0,0,0,57,8,17,60,16,4,1,0,72,0,1,0,0,Matches
372,Mohamed Salah,eg EGY,FW,Liverpool,28-205,1992,15,588,577,11,1,5,90,11,19,0,0,0,0,468,63,57,475,92,10,2,3,489,2,4,10,21,Matches
373,Davinson Sánchez,co COL,DF,Tottenham,24-208,1996,5,295,286,9,9,0,18,9,0,0,0,0,0,236,18,41,46,223,16,0,0,254,0,3,0,5,Matches
374,Robert Sánchez,es ESP,GK,Brighton,23-049,1997,6,233,191,42,6,0,7,12,0,0,0,0,0,118,11,104,29,164,0,0,30,165,3,5,1,1,Matches
375,Romaine Sawyers,kn SKN,MF,West Brom,29-065,1991,12.7,561,540,21,18,1,79,18,2,0,0,0,0,418,60,83,57,471,17,0,7,478,3,5,7,12,Matches
376,Fabian Schär,ch SUI,DF,Newcastle Utd,29-017,1991,7.6,326,293,33,17,2,33,21,1,0,0,0,0,183,35,108,41,257,10,16,0,256,2,11,6,4,Matches
377,Jeffrey Schlupp,gh GHA,MF,Crystal Palace,28-014,1992,10.8,285,276,9,2,0,79,3,21,0,0,0,0,189,41,55,182,50,19,6,3,198,1,3,5,17,Matches
378,Kasper Schmeichel,dk DEN,GK,Leicester City,34-062,1986,17,554,383,171,73,0,31,27,0,0,0,0,0,257,36,261,6,448,0,0,75,395,2,23,5,2,Matches
379,Nélson Semedo,pt POR,DF,Wolves,27-051,1993,13.7,798,644,154,5,0,80,14,26,0,0,0,0,461,201,136,103,511,26,149,0,641,2,10,14,28,Matches
380,Jamie Shackleton,eng ENG,"MF,DF",Leeds United,21-090,1999,3.4,135,123,12,1,0,20,2,2,0,0,0,0,95,28,12,29,88,3,11,1,116,1,3,0,5,Matches
381,Xherdan Shaqiri,ch SUI,"MF,FW",Liverpool,29-088,1991,1,56,54,2,1,1,6,0,3,1,0,0,0,40,8,8,38,14,3,0,0,43,0,0,1,2,Matches
382,Billy Sharp,eng ENG,"FW,MF",Sheffield Utd,34-336,1986,2.1,35,32,3,0,0,9,0,1,0,0,0,0,24,7,4,7,22,0,0,1,25,0,2,0,4,Matches
383,Luke Shaw,eng ENG,DF,Manchester Utd,25-178,1995,10.9,680,556,124,15,0,96,14,27,21,4,11,6,447,101,132,508,52,18,88,2,542,1,10,11,23,Matches
384,Jonjo Shelvey,eng ENG,MF,Newcastle Utd,28-314,1992,8.1,469,420,49,22,1,50,51,15,18,7,4,3,241,70,158,50,385,27,1,1,336,0,7,7,11,Matches
385,Gylfi Sigurðsson,is ISL,MF,Everton,31-120,1989,9.2,410,351,59,21,0,41,17,12,28,14,11,3,293,42,75,89,304,12,2,0,318,1,5,4,12,Matches
386,Bernardo Silva,pt POR,"FW,MF",Manchester City,26-149,1994,7.2,446,430,16,3,0,61,5,6,6,1,1,1,354,45,47,402,25,10,5,2,392,2,4,3,12,Matches
387,Fábio Silva,pt POR,FW,Wolves,18-171,2002,5.9,118,111,7,0,0,30,1,1,0,0,0,0,69,32,17,8,93,6,1,3,89,0,3,6,6,Matches
388,Thiago Silva,br BRA,DF,Chelsea,36-106,1984,11.8,989,967,22,21,1,59,35,1,0,0,0,0,805,71,113,118,824,30,1,3,920,1,3,8,4,Matches
389,Moussa Sissoko,fr FRA,MF,Tottenham,31-143,1989,11.8,480,456,24,7,1,48,14,1,0,0,0,0,358,53,69,47,382,26,17,2,411,0,7,7,4,Matches
390,Islam Slimani,dz ALG,FW,Leicester City,32-202,1988,0.2,11,10,1,0,0,4,0,1,0,0,0,0,5,5,1,1,8,0,0,0,8,0,0,0,0,Matches
391,William Smallbone,ie IRL,MF,Southampton,20-320,2000,1.2,47,47,0,0,0,7,4,2,0,0,0,0,31,7,9,10,36,1,0,0,38,0,1,0,1,Matches
392,Emile Smith-Rowe,eng ENG,MF,Arsenal,20-162,2000,2.5,102,101,1,1,0,19,0,2,0,0,0,0,85,9,8,25,71,4,0,0,81,0,0,2,6,Matches
393,Robert Snodgrass,sco SCO,"FW,DF",West Ham,33-121,1987,0.1,3,3,0,0,0,0,0,0,0,0,0,0,3,0,0,3,0,0,0,0,3,0,0,0,0,Matches
394,Cédric Soares,pt POR,MF,Arsenal,29-128,1991,0.1,0,0,0,0,0,0,0,0,0,0,0,0,0,0,0,0,0,0,0,0,0,0,0,0,0,Matches
395,Tomáš Sou?ek,cz CZE,MF,West Ham,25-314,1995,17,602,588,14,10,0,144,15,3,3,1,2,0,343,94,165,44,415,69,0,3,444,1,15,15,11,Matches
396,Ça?lar Söyüncü,tr TUR,DF,Leicester City,24-228,1996,4.1,267,255,12,8,0,12,6,0,0,0,0,0,211,13,43,66,172,19,4,1,235,0,3,3,1,Matches
397,Zack Steffen,us USA,GK,Manchester City,25-279,1995,1,28,20,8,0,0,6,0,0,0,0,0,0,20,2,6,3,21,0,0,4,23,0,0,0,0,Matches
398,Dale Stephens,eng ENG,MF,Burnley,31-208,1989,2.6,112,111,1,1,0,21,1,0,0,0,0,0,76,21,15,9,89,9,0,0,93,0,1,2,1,Matches
399,Jack Stephens,eng ENG,DF,Southampton,26-345,1994,6.5,447,424,23,9,1,44,8,0,0,0,0,0,302,31,114,41,352,31,14,1,349,0,6,5,6,Matches
400,Raheem Sterling,eng ENG,FW,Manchester City,26-029,1994,13.1,486,473,13,2,1,99,1,15,2,0,0,0,420,40,26,51,411,15,6,2,406,1,2,13,22,Matches
401,Enda Stevens,ie IRL,DF,Sheffield Utd,30-181,1990,14,691,606,85,6,5,73,12,23,0,0,0,0,429,101,161,530,34,38,79,0,541,6,7,14,15,Matches
402,John Stones,eng ENG,DF,Manchester City,26-223,1994,7,614,605,9,7,1,47,13,0,0,0,0,0,531,26,57,63,514,21,2,2,579,0,6,1,4,Matches
403,Pascal Struijk,nl NED,"DF,MF",Leeds United,21-148,1999,6.3,431,420,11,10,0,26,14,0,0,0,0,0,321,41,69,326,70,24,1,2,389,0,10,0,4,Matches
404,Matt Targett,eng ENG,DF,Aston Villa,25-110,1995,15,819,668,151,16,0,103,16,37,2,0,1,1,416,202,201,508,85,63,133,3,621,6,14,24,27,Matches
405,James Tarkowski,eng ENG,DF,Burnley,28-048,1992,13,394,378,16,14,0,67,20,0,0,0,0,0,185,59,150,45,246,56,2,0,273,2,10,4,8,Matches
406,Charlie Taylor,eng ENG,DF,Burnley,27-110,1993,14.1,677,544,133,9,0,85,20,35,0,0,0,0,292,168,217,472,22,40,124,3,470,3,18,16,22,Matches
407,Nathan Tella,eng ENG,"FW,MF",Southampton,21-185,1999,1.8,28,27,1,0,0,3,0,4,0,0,0,0,19,2,7,6,17,3,1,1,21,0,1,0,0,Matches
408,Alex Telles,br BRA,DF,Manchester Utd,28-022,1992,4.8,379,307,72,3,0,31,9,18,20,2,13,1,217,58,104,292,21,12,49,0,301,0,3,7,5,Matches
409,Kenny Tete,nl NED,DF,Fulham,25-089,1995,1.4,71,61,10,1,0,11,0,10,0,0,0,0,34,13,24,4,51,6,9,0,57,0,0,1,5,Matches
410,Luke Thomas,eng ENG,DF,Leicester City,,,3,116,102,14,1,0,15,0,3,0,0,0,0,64,24,28,74,11,15,13,0,77,0,4,3,2,Matches
411,Youri Tielemans,be BEL,MF,Leicester City,23-244,1997,16.4,1112,1047,65,30,4,130,38,19,32,9,10,2,802,114,196,194,872,24,2,8,896,2,27,22,17,Matches
412,Kieran Tierney,sco SCO,DF,Arsenal,23-215,1997,15.9,996,855,141,8,0,111,17,63,0,0,0,0,620,167,209,717,99,35,133,1,762,2,23,9,32,Matches
413,James Tomkins,eng ENG,DF,Crystal Palace,31-283,1989,2.3,70,67,3,3,0,5,2,0,0,0,0,0,36,4,30,12,46,12,0,0,53,0,3,0,1,Matches
414,Fikayo Tomori,eng ENG,DF,Chelsea,23-018,1997,0.5,29,28,1,1,0,3,1,0,0,0,0,0,25,0,4,2,25,2,0,0,27,0,0,0,0,Matches
415,Ferrán Torres,es ESP,FW,Manchester City,20-312,2000,6.3,157,153,4,0,2,26,3,11,0,0,0,0,121,18,18,8,137,5,2,1,129,0,3,3,5,Matches
416,Cenk Tosun,tr TUR,FW,Everton,29-213,1991,0.5,10,9,1,0,0,1,2,0,0,0,0,0,5,3,2,3,6,0,1,0,8,0,0,0,1,Matches
417,Andros Townsend,eng ENG,MF,Crystal Palace,29-174,1991,12.4,447,389,58,21,2,78,29,43,32,19,6,3,267,63,117,298,130,12,4,1,296,3,14,10,30,Matches
418,Conor Townsend,eng ENG,DF,West Brom,27-308,1993,7.8,450,377,73,6,0,43,9,14,0,0,0,0,259,94,97,313,35,20,67,1,348,0,8,7,12,Matches
419,Adama Traoré,es ESP,"FW,DF",Wolves,24-347,1996,11.5,368,348,20,0,1,83,6,50,0,0,0,0,196,68,104,38,258,20,20,4,228,1,11,9,29,Matches
420,Bertrand Traoré,bf BFA,"FW,MF",Aston Villa,25-122,1995,6.8,274,231,43,19,0,48,18,22,23,9,7,2,172,32,70,237,23,4,1,1,195,0,6,11,9,Matches
421,Trézéguet,eg EGY,FW,Aston Villa,26-097,1994,8,200,198,2,0,2,39,5,20,1,1,0,0,124,28,48,18,151,13,1,1,134,1,6,6,11,Matches
422,Leandro Trossard,be BEL,"FW,MF",Brighton,26-033,1994,11.4,449,393,56,20,2,68,39,28,27,6,14,2,257,85,107,111,322,7,6,3,321,5,4,14,21,Matches
423,Axel Tuanzebe,eng ENG,DF,Manchester Utd,23-053,1997,0.6,26,21,5,0,0,1,0,0,0,0,0,0,17,4,5,2,17,2,5,0,22,1,0,0,0,Matches
424,Cengiz Ünder,tr TUR,"MF,FW",Leicester City,23-176,1997,2.3,90,80,10,5,0,21,3,7,2,1,0,0,63,13,14,53,32,2,3,0,65,1,2,0,5,Matches
425,Yan Valery,fr FRA,MF,Southampton,21-319,1999,0.1,4,4,0,0,0,0,0,0,0,0,0,0,4,0,0,0,4,0,0,0,3,0,0,1,0,Matches
426,Jamie Vardy,eng ENG,FW,Leicester City,33-361,1987,14.5,200,177,23,0,3,44,2,8,0,0,0,0,132,45,23,44,124,14,0,2,124,3,6,9,13,Matches
427,Joël Veltman,nl NED,DF,Brighton,28-357,1992,9.6,606,531,75,9,1,63,10,20,1,0,0,0,345,91,170,107,383,35,64,0,464,0,19,12,13,Matches
428,Jannik Vestergaard,dk DEN,DF,Southampton,28-156,1992,12.5,823,806,17,15,2,117,20,1,0,0,0,0,592,58,173,160,573,56,2,3,694,1,11,9,12,Matches
429,Rúben Vinagre,pt POR,DF,Wolves,21-272,1999,1.9,98,81,17,0,0,7,1,4,0,0,0,0,68,12,18,72,5,2,17,0,82,1,3,1,2,Matches
430,Carlos Vinícius,br BRA,FW,Tottenham,25-287,1995,0.2,4,4,0,0,0,0,0,0,0,0,0,0,3,1,0,4,0,0,0,0,4,0,0,0,0,Matches
431,Vitinha,pt POR,MF,Wolves,20-328,2000,1.9,122,120,2,0,0,14,1,0,1,0,0,0,95,21,6,3,114,5,0,0,108,1,0,3,2,Matches
432,Mat?j Vydra,cz CZE,FW,Burnley,28-250,1992,1.9,32,32,0,0,1,9,0,1,0,0,0,0,14,13,5,3,20,4,0,2,25,0,1,0,2,Matches
433,Theo Walcott,eng ENG,"MF,FW",Southampton,31-296,1989,11.2,261,258,3,0,0,47,1,21,1,0,0,0,175,47,39,13,224,13,2,6,186,4,4,12,13,Matches
434,Theo Walcott,eng ENG,FW,Everton,31-296,1989,0.1,1,1,0,0,0,0,0,0,0,0,0,0,1,0,0,0,1,0,0,0,1,0,0,0,0,Matches
435,Kyle Walker,eng ENG,DF,Manchester City,30-223,1990,11,892,788,104,10,0,80,25,11,0,0,0,0,636,136,120,22,738,22,94,3,778,2,12,14,22,Matches
436,Kyle Walker-Peters,eng ENG,DF,Southampton,23-268,1997,17,1010,811,199,20,1,140,7,8,0,0,0,0,619,177,214,93,686,47,179,0,822,2,10,10,34,Matches
437,Aaron Wan-Bissaka,eng ENG,DF,Manchester Utd,23-041,1997,14,751,642,109,3,0,75,3,12,0,0,0,0,540,128,83,27,594,16,106,0,635,2,4,22,31,Matches
438,Joel Ward,eng ENG,DF,Crystal Palace,31-069,1989,8,331,245,86,3,0,53,4,7,0,0,0,0,141,77,113,21,194,18,83,2,227,1,10,8,15,Matches
439,James Ward-Prowse,eng ENG,MF,Southampton,26-066,1994,17,1214,1080,134,59,2,135,36,23,63,31,26,5,814,119,281,125,998,69,1,2,1004,2,9,6,16,Matches
440,Ollie Watkins,eng ENG,FW,Aston Villa,25-007,1995,15,323,301,22,0,0,97,3,15,1,1,0,0,206,65,52,43,204,19,7,5,228,1,6,9,17,Matches
441,Adam Webster,eng ENG,DF,Brighton,26-002,1995,16,1106,1067,39,19,1,147,32,1,0,0,0,0,774,112,220,232,741,75,20,1,916,2,19,10,20,Matches
442,Danny Welbeck,eng ENG,FW,Brighton,30-041,1990,6.9,89,87,2,0,1,19,1,1,0,0,0,0,60,18,11,4,69,7,0,2,68,1,3,1,4,Matches
443,Timo Werner,de GER,FW,Chelsea,24-306,1996,15.1,490,472,18,1,2,74,6,17,1,0,0,0,388,58,44,70,394,17,4,1,383,2,5,14,28,Matches
444,Ashley Westwood,eng ENG,MF,Burnley,30-280,1990,15,855,739,116,51,0,103,41,32,36,29,4,0,483,96,276,48,763,33,4,0,625,4,15,10,15,Matches
445,Ben White,eng ENG,"DF,MF",Brighton,23-090,1997,15.5,804,772,32,19,2,75,15,7,0,0,0,0,559,80,165,60,651,57,13,5,657,2,20,7,11,Matches
446,Georginio Wijnaldum,nl NED,MF,Liverpool,30-056,1990,15,803,786,17,8,0,125,12,2,0,0,0,0,675,70,58,71,684,22,9,2,749,1,10,9,6,Matches
447,Brandon Williams,eng ENG,DF,Manchester Utd,20-125,2000,0.1,7,7,0,0,0,1,0,0,0,0,0,0,6,0,1,2,5,0,0,0,6,0,1,0,0,Matches
448,Neco Williams,wal WAL,DF,Liverpool,19-268,2001,1.9,151,127,24,2,0,10,0,5,0,0,0,0,89,40,22,4,118,6,22,0,117,1,2,4,9,Matches
449,Rhys Williams,eng ENG,DF,Liverpool,19-338,2001,1.3,101,100,1,1,1,10,1,0,0,0,0,0,77,7,17,7,75,14,0,0,89,0,0,1,0,Matches
450,Willian,br BRA,"FW,MF",Arsenal,32-150,1988,10,502,435,67,14,2,59,28,32,46,19,14,2,353,53,96,47,435,11,4,2,389,3,5,6,8,Matches
451,Joe Willock,eng ENG,MF,Arsenal,21-139,1999,2.6,91,91,0,0,0,20,4,5,0,0,0,0,63,16,12,9,72,4,0,0,69,0,3,2,6,Matches
452,Callum Wilson,eng ENG,FW,Newcastle Utd,28-314,1992,13.7,209,197,12,1,1,76,1,8,0,0,0,0,125,52,32,32,135,11,3,11,139,0,5,7,18,Matches
453,Harry Winks,eng ENG,MF,Tottenham,24-339,1996,5,306,298,8,7,1,21,8,1,0,0,0,0,229,23,54,33,256,14,0,0,255,0,6,2,6,Matches
454,Chris Wood,nz NZL,FW,Burnley,29-030,1991,14.3,276,268,8,1,0,115,2,0,0,0,0,0,138,73,65,27,149,32,0,7,189,0,8,3,13,Matches
455,Granit Xhaka,ch SUI,MF,Arsenal,28-101,1992,11.1,774,746,28,21,1,98,17,2,0,0,0,0,578,95,101,578,130,43,6,3,684,2,9,11,10,Matches
456,Andriy Yarmolenko,ua UKR,"FW,MF",West Ham,31-075,1989,2.7,109,104,5,0,2,24,5,7,3,1,1,0,73,19,17,69,36,1,1,0,83,0,2,2,3,Matches
457,DeAndre Yedlin,us USA,DF,Newcastle Utd,27-181,1993,3.9,142,120,22,0,0,9,2,8,0,0,0,0,63,38,41,6,103,8,22,0,93,0,3,3,8,Matches
458,Wilfried Zaha,ci CIV,FW,Crystal Palace,28-057,1992,14.9,370,362,8,2,1,90,4,25,1,0,0,0,282,57,31,50,307,6,0,1,277,2,5,9,17,Matches
459,Andre-Frank Zambo Anguissa,cm CMR,MF,Fulham,25-051,1995,13.3,698,686,12,7,2,99,11,9,0,0,0,0,555,67,76,79,578,19,5,2,597,0,6,13,11,Matches
460,Andi Zeqiri,ch SUI,"FW,DF",Brighton,21-198,1999,0.7,11,11,0,0,0,3,1,3,0,0,0,0,2,5,4,7,2,1,0,1,5,0,0,0,1,Matches
461,Oleksandr Zinchenko,ua UKR,DF,Manchester City,24-022,1996,1.1,73,63,10,1,0,1,0,1,0,0,0,0,51,15,7,56,6,1,9,0,65,0,0,0,2,Matches
462,Hakim Ziyech,ma MAR,FW,Chelsea,27-293,1993,5,298,278,20,9,3,34,16,19,7,2,5,0,205,36,57,261,24,6,4,3,222,1,11,2,7,Matches
463,Kurt Zouma,fr FRA,DF,Chelsea,26-071,1994,15,1111,1089,22,19,0,94,54,0,0,0,0,0,873,87,151,187,831,45,3,2,1005,1,14,7,4,Matches
