,,,,,,,,Total,,,,,Short,,,Medium,,,Long,,,,,,,,,,,
Rk,Player,Nation,Pos,Squad,Age,Born,90s,Cmp,Att,Cmp%,TotDist,PrgDist,Cmp,Att,Cmp%,Cmp,Att,Cmp%,Cmp,Att,Cmp%,Ast,xA,A-xA,KP,01-Mar,PPA,CrsPA,Prog,Matches
1,Patrick van Aanholt,nl NED,DF,Crystal Palace,30-130,1990,9.2,453,560,80.9,7433,3496,232,264,87.9,174,207,84.1,36,70,51.4,1,0.7,0.3,9,35,19,4,62,Matches
2,Tammy Abraham,eng ENG,FW,Chelsea,23-096,1997,8.7,119,179,66.5,1652,291,74,96,77.1,28,50,56,9,15,60,1,0.9,0.1,8,10,0,0,8,Matches
3,Che Adams,eng ENG,FW,Southampton,24-177,1996,15,229,330,69.4,3803,886,109,147,74.1,78,100,78,28,40,70,4,3.9,0.1,18,17,10,0,31,Matches
4,Tosin Adarabioyo,eng ENG,DF,Fulham,23-104,1997,11,401,465,86.2,9841,3575,69,80,86.3,223,240,92.9,103,138,74.6,0,0.1,-0.1,3,27,1,0,17,Matches
5,Adrián,es ESP,GK,Liverpool,34-003,1987,2,43,62,69.4,1147,723,12,12,100,18,19,94.7,11,29,37.9,0,0,0,0,0,0,0,0,Matches
6,Sergio Agüero,ar ARG,FW,Manchester City,32-218,1988,1.6,33,42,78.6,386,58,19,23,82.6,5,6,83.3,2,2,100,0,0.6,-0.6,3,2,1,0,1,Matches
7,Ola Aina,ng NGA,DF,Fulham,24-090,1996,12,536,696,77,10370,4353,229,249,92,222,264,84.1,79,164,48.2,0,0.3,-0.3,8,48,9,6,47,Matches
8,Rayan Aït Nouri,fr FRA,DF,Wolves,19-214,2001,5.9,239,284,84.2,3692,1181,132,142,93,93,109,85.3,11,20,55,0,0.4,-0.4,4,10,6,3,16,Matches
9,Semi Ajayi,ng NGA,DF,West Brom,27-058,1993,16,442,591,74.8,9467,4089,133,150,88.7,225,280,80.4,83,153,54.2,0,0,0,1,44,3,0,36,Matches
10,Nathan Aké,nl NED,DF,Manchester City,25-323,1995,5.2,429,461,93.1,7845,2158,177,185,95.7,214,226,94.7,36,44,81.8,0,0,0,1,36,0,0,23,Matches
11,Marc Albrighton,eng ENG,"DF,FW",Leicester City,31-049,1989,7.8,252,372,67.7,4362,1799,126,153,82.4,89,113,78.8,26,67,38.8,1,1.2,-0.2,10,23,15,7,36,Matches
12,Thiago Alcántara,es ESP,MF,Liverpool,29-270,1991,2.7,244,274,89.1,5633,1399,77,88,87.5,103,108,95.4,61,72,84.7,0,0.3,-0.3,5,39,4,0,34,Matches
13,Toby Alderweireld,be BEL,DF,Tottenham,31-310,1989,10.9,385,485,79.4,9248,2776,95,105,90.5,189,209,90.4,99,163,60.7,0,0.2,-0.2,3,36,3,0,27,Matches
14,Trent Alexander-Arnold,eng ENG,DF,Liverpool,22-091,1998,13.5,948,1218,77.8,20388,7940,319,351,90.9,438,518,84.6,180,315,57.1,2,2.1,-0.1,22,81,44,10,115,Matches
15,Ezgjan Alioski,mk MKD,"DF,MF",Leeds United,28-329,1992,10.8,586,709,82.7,9382,3044,304,337,90.2,243,278,87.4,32,64,50,0,1.4,-1.4,12,43,11,5,45,Matches
16,Alisson,br BRA,GK,Liverpool,28-096,1992,14,362,437,82.8,9631,5397,65,65,100,184,189,97.4,112,181,61.9,0,0,0,0,3,0,0,0,Matches
17,Allan,br BRA,MF,Everton,29-364,1991,11.4,467,538,86.8,8789,1888,197,215,91.6,187,209,89.5,71,93,76.3,0,0.3,-0.3,7,40,7,0,26,Matches
18,Dele Alli,eng ENG,"MF,FW",Tottenham,24-270,1996,0.9,33,42,78.6,512,95,16,18,88.9,13,16,81.3,3,3,100,0,0,0,0,3,1,0,2,Matches
19,Miguel Almirón,py PAR,"MF,FW",Newcastle Utd,26-331,1994,9.4,272,331,82.2,4638,1125,136,150,90.7,101,120,84.2,26,44,59.1,1,0.9,0.1,10,23,10,4,25,Matches
20,Marcos Alonso,es ESP,DF,Chelsea,30-009,1990,2.5,138,166,83.1,2369,921,73,78,93.6,52,61,85.2,12,21,57.1,0,0,0,2,5,1,0,14,Matches
21,Steven Alzate,co COL,MF,Brighton,22-120,1998,5.8,236,266,88.7,4345,710,104,117,88.9,98,103,95.1,32,38,84.2,0,0.3,-0.3,6,19,2,0,16,Matches
22,Daniel Amartey,gh GHA,DF,Leicester City,26-016,1994,2.9,151,176,85.8,2788,827,52,54,96.3,83,93,89.2,14,23,60.9,0,0,0,0,7,0,0,11,Matches
23,Ethan Ampadu,wal WAL,"MF,DF",Sheffield Utd,20-114,2000,9.8,317,408,77.7,6405,1754,115,143,80.4,151,175,86.3,47,77,61,0,0.5,-0.5,5,33,7,0,31,Matches
24,Joachim Andersen,dk DEN,DF,Fulham,24-220,1996,8.7,300,379,79.2,7018,1953,63,71,88.7,170,189,89.9,64,114,56.1,0,0,0,1,18,2,0,16,Matches
25,Felipe Anderson,br BRA,"FW,MF",West Ham,27-266,1993,0,4,6,66.7,61,28,2,2,100,2,4,50,0,0,,0,0,0,0,0,0,0,2,Matches
26,Michail Antonio,eng ENG,FW,West Ham,30-284,1990,6.4,82,132,62.1,1300,205,44,62,71,22,39,56.4,9,14,64.3,0,0.4,-0.4,6,9,1,0,5,Matches
27,Alphonse Areola,fr FRA,GK,Fulham,27-314,1993,14,253,359,70.5,7685,5205,61,61,100,85,86,98.8,103,208,49.5,0,0,0,0,4,0,0,0,Matches
28,Stuart Armstrong,sco SCO,MF,Southampton,28-282,1992,12.5,387,498,77.7,5803,1721,233,271,86,125,154,81.2,23,36,63.9,2,1,1,12,34,11,4,43,Matches
29,Kepa Arrizabalaga,es ESP,GK,Chelsea,26-095,1994,3,84,106,79.2,2367,1222,21,22,95.5,34,34,100,29,50,58,0,0,0,0,1,0,0,0,Matches
30,Pierre-Emerick Aubameyang,ga GAB,FW,Arsenal,31-202,1989,15,308,408,75.5,4697,972,171,202,84.7,112,146,76.7,16,35,45.7,1,1.5,-0.5,14,11,19,7,36,Matches
31,Serge Aurier,ci CIV,DF,Tottenham,28-013,1992,7.7,271,371,73,4451,2117,140,163,85.9,104,144,72.2,21,44,47.7,1,0.4,0.6,1,11,11,4,30,Matches
32,Charlie Austin,eng ENG,FW,West Brom,31-185,1989,1.5,24,33,72.7,363,124,11,13,84.6,12,16,75,1,2,50,0,0,0,0,0,0,0,4,Matches
33,Jordan Ayew,gh GHA,"FW,MF",Crystal Palace,29-117,1991,8.4,160,203,78.8,2285,415,98,115,85.2,51,65,78.5,5,7,71.4,0,0.1,-0.1,2,6,2,0,14,Matches
34,Luke Ayling,eng ENG,DF,Leeds United,29-134,1991,16.8,1027,1281,80.2,21484,8435,339,381,89,506,576,87.8,175,291,60.1,0,1.5,-1.5,14,99,18,6,115,Matches
35,César Azpilicueta,es ESP,DF,Chelsea,31-131,1989,6.6,457,544,84,8309,3041,179,197,90.9,231,256,90.2,40,73,54.8,1,0.2,0.8,4,40,3,1,29,Matches
36,Eric Bailly,ci CIV,DF,Manchester Utd,26-269,1994,4.1,171,193,88.6,3319,1093,59,64,92.2,92,101,91.1,19,26,73.1,0,0,0,0,10,0,0,11,Matches
37,Fabián Balbuena,py PAR,DF,West Ham,29-136,1991,12,319,420,76,7819,3040,62,71,87.3,173,198,87.4,80,142,56.3,0,0,0,0,29,0,0,27,Matches
38,George Baldock,eng ENG,DF,Sheffield Utd,27-303,1993,16,486,645,75.3,7439,2564,284,312,91,163,215,75.8,26,70,37.1,1,1.2,-0.2,11,22,18,6,35,Matches
39,Gareth Bale,wal WAL,FW,Tottenham,31-174,1989,1.8,32,58,55.2,704,263,15,22,68.2,6,11,54.5,9,19,47.4,0,0.2,-0.2,3,3,1,0,3,Matches
40,Patrick Bamford,eng ENG,FW,Leeds United,27-123,1993,16.2,171,225,76,2261,319,97,130,74.6,47,59,79.7,9,9,100,2,1.1,0.9,8,9,5,2,9,Matches
41,Phil Bardsley,sco SCO,DF,Burnley,35-192,1985,3,116,163,71.2,2256,949,47,49,95.9,51,66,77.3,16,39,41,0,0,0,0,9,6,1,11,Matches
42,Ross Barkley,eng ENG,MF,Chelsea,27-032,1993,0.5,22,26,84.6,441,72,10,13,76.9,8,9,88.9,4,4,100,0,0.1,-0.1,1,2,1,0,2,Matches
43,Ross Barkley,eng ENG,MF,Aston Villa,27-032,1993,5,159,201,79.1,2973,953,75,86,87.2,59,71,83.1,24,40,60,1,1.7,-0.7,16,16,10,0,26,Matches
44,Ashley Barnes,eng ENG,FW,Burnley,31-068,1989,8.7,119,177,67.2,1619,345,75,96,78.1,31,45,68.9,5,14,35.7,0,0.4,-0.4,7,8,6,1,11,Matches
45,Harvey Barnes,eng ENG,"FW,MF",Leicester City,23-028,1997,13.2,292,403,72.5,4552,1111,167,215,77.7,100,133,75.2,19,29,65.5,1,0.3,0.7,8,25,12,0,42,Matches
46,Kyle Bartley,eng ENG,DF,West Brom,29-229,1991,8.3,232,294,78.9,4706,1521,68,75,90.7,128,153,83.7,34,60,56.7,0,0,0,0,18,2,1,9,Matches
47,Chris Basham,eng ENG,"DF,MF",Sheffield Utd,32-170,1988,15.8,460,589,78.1,8000,2372,215,247,87,193,233,82.8,44,80,55,0,0.5,-0.5,6,32,8,5,35,Matches
48,Michy Batshuayi,be BEL,FW,Crystal Palace,27-096,1993,4.8,51,78,65.4,776,170,26,36,72.2,17,25,68,5,5,100,1,1,0,4,4,2,1,6,Matches
49,Jan Bednarek,pl POL,DF,Southampton,24-269,1996,16,897,1047,85.7,17448,5681,316,342,92.4,476,515,92.4,98,175,56,1,0.2,0.8,3,39,2,0,44,Matches
50,Donny van de Beek,nl NED,"MF,FW",Manchester Utd,23-263,1997,2.9,115,139,82.7,1626,293,71,82,86.6,38,42,90.5,3,5,60,0,0.1,-0.1,2,3,1,1,2,Matches
51,Héctor Bellerín,es ESP,DF,Arsenal,25-293,1995,14.2,656,790,83,11188,3067,299,343,87.2,299,354,84.5,45,64,70.3,2,2.1,-0.1,16,28,20,7,49,Matches
52,Saïd Benrahma,dz ALG,"MF,FW",West Ham,25-149,1995,4.4,94,130,72.3,1346,318,56,64,87.5,32,39,82.1,3,16,18.8,2,0.5,1.5,5,7,2,0,10,Matches
53,Josh Benson,eng ENG,MF,Burnley,21-032,1999,2.8,62,83,74.7,865,322,38,42,90.5,17,23,73.9,4,11,36.4,0,0,0,0,4,0,0,7,Matches
54,Christian Benteke,be BEL,FW,Crystal Palace,30-034,1990,6,97,155,62.6,1297,337,59,96,61.5,26,42,61.9,4,5,80,0,0.7,-0.7,7,8,6,1,13,Matches
55,Jóhann Berg Guðmundsson,is ISL,MF,Burnley,30-071,1990,2.7,73,95,76.8,1290,245,33,41,80.5,30,35,85.7,8,16,50,0,0.1,-0.1,2,6,1,1,7,Matches
56,Sander Berge,no NOR,MF,Sheffield Utd,22-327,1998,11.3,349,426,81.9,6398,1336,149,179,83.2,151,171,88.3,43,60,71.7,1,1.2,-0.2,12,32,4,2,29,Matches
57,Steven Bergwijn,nl NED,"FW,MF",Tottenham,23-090,1997,7.6,174,222,78.4,2271,428,114,129,88.4,47,61,77,4,17,23.5,0,0.7,-0.7,6,8,4,0,9,Matches
58,Bernard,br BRA,"FW,MF",Everton,28-120,1992,3,129,163,79.1,2067,510,63,71,88.7,55,69,79.7,7,12,58.3,0,0.5,-0.5,6,12,7,1,13,Matches
59,Bernardo,br BRA,"MF,DF",Brighton,25-237,1995,1.3,43,55,78.2,708,154,24,28,85.7,15,20,75,4,4,100,0,0.2,-0.2,2,2,2,1,3,Matches
60,Ryan Bertrand,eng ENG,DF,Southampton,31-154,1989,15.9,715,925,77.3,11848,4364,362,411,88.1,283,349,81.1,51,115,44.3,0,0.3,-0.3,6,40,12,3,50,Matches
61,Yves Bissouma,ml MLI,MF,Brighton,24-129,1996,15.3,669,777,86.1,14010,2490,225,259,86.9,307,338,90.8,127,163,77.9,0,0.3,-0.3,6,69,11,2,58,Matches
62,Jayden Bogle,eng ENG,"DF,MF",Sheffield Utd,20-163,2000,1.4,47,63,74.6,764,351,29,34,85.3,11,14,78.6,5,8,62.5,0,0.1,-0.1,1,4,2,1,5,Matches
63,Willy Boly,ci CIV,DF,Wolves,29-338,1991,12,454,558,81.4,9092,3059,145,169,85.8,232,264,87.9,71,113,62.8,0,0,0,1,33,1,0,27,Matches
64,Jarrod Bowen,eng ENG,"FW,MF",West Ham,24-017,1996,14.3,270,404,66.8,5535,1220,109,148,73.6,105,137,76.6,52,102,51,2,1.5,0.5,14,13,14,4,24,Matches
65,Robbie Brady,ie IRL,MF,Burnley,28-358,1992,6.8,153,213,71.8,2794,921,71,83,85.5,52,74,70.3,24,40,60,1,0.8,0.2,6,11,4,3,12,Matches
66,Rhian Brewster,eng ENG,FW,Sheffield Utd,20-280,2000,6.7,86,120,71.7,1316,302,54,66,81.8,23,29,79.3,7,16,43.8,0,1.1,-1.1,4,6,1,0,6,Matches
67,Josh Brownhill,eng ENG,MF,Burnley,25-018,1995,14,458,564,81.2,7301,1475,242,274,88.3,155,188,82.4,41,70,58.6,0,0.6,-0.6,9,29,5,0,19,Matches
68,Joe Bryan,eng ENG,"DF,FW",Fulham,27-111,1993,3.8,143,200,71.5,2501,1163,74,85,87.1,51,64,79.7,17,42,40.5,0,0.2,-0.2,3,10,3,2,14,Matches
69,Kean Bryan,eng ENG,DF,Sheffield Utd,24-066,1996,1.7,37,59,62.7,674,365,17,22,77.3,14,22,63.6,5,14,35.7,0,0,0,1,2,1,0,1,Matches
70,Oliver Burke,sco SCO,FW,Sheffield Utd,23-274,1997,6.8,83,121,68.6,1144,126,47,59,79.7,26,34,76.5,3,4,75,1,1.6,-0.6,9,2,3,1,3,Matches
71,Dan Burn,eng ENG,DF,Brighton,28-242,1992,8.1,388,494,78.5,7036,1951,158,196,80.6,198,226,87.6,30,62,48.4,0,0.2,-0.2,2,29,5,2,33,Matches
72,Oskar Buur,dk DEN,DF,Wolves,22-281,1998,0.2,14,15,93.3,201,47,9,9,100,5,5,100,0,1,0,0,0,0,0,0,0,0,0,Matches
73,Willy Caballero,ar ARG,GK,Chelsea,39-100,1981,1,24,26,92.3,496,302,8,8,100,13,13,100,3,5,60,0,0,0,0,0,0,0,0,Matches
74,Gary Cahill,eng ENG,DF,Crystal Palace,35-018,1985,5,192,222,86.5,4200,1383,60,70,85.7,99,106,93.4,33,44,75,0,0.4,-0.4,3,17,1,0,13,Matches
75,Tom Cairney,sco SCO,MF,Fulham,29-352,1991,8.4,551,621,88.7,11165,2009,214,227,94.3,227,248,91.5,100,128,78.1,1,1.4,-0.4,20,61,10,5,32,Matches
76,Dominic Calvert-Lewin,eng ENG,FW,Everton,23-296,1997,15.6,239,325,73.5,3689,513,133,169,78.7,74,104,71.2,22,27,81.5,0,0.6,-0.6,9,16,4,0,15,Matches
77,João Cancelo,pt POR,"DF,MF",Manchester City,26-224,1994,11,746,875,85.3,13020,3771,368,399,92.2,288,327,88.1,80,115,69.6,1,2.2,-1.2,23,59,36,6,70,Matches
78,Ian Carlo Poveda,eng ENG,"MF,DF",Leeds United,20-332,2000,2.6,55,80,68.8,815,346,30,39,76.9,19,25,76,4,9,44.4,0,0.4,-0.4,2,4,7,1,15,Matches
79,Andy Carroll,eng ENG,FW,Newcastle Utd,32-000,1989,2.4,46,73,63,656,242,31,44,70.5,10,19,52.6,3,7,42.9,0,0,0,1,4,2,0,5,Matches
80,Matty Cash,eng ENG,DF,Aston Villa,23-152,1997,13.6,496,677,73.3,9453,3171,210,241,87.1,207,268,77.2,70,148,47.3,2,1.4,0.6,14,35,14,10,31,Matches
81,Timothy Castagne,be BEL,DF,Leicester City,25-032,1995,8.7,396,495,80,6231,2248,204,231,88.3,167,204,81.9,21,46,45.7,2,0.6,1.4,7,23,10,2,30,Matches
82,Ivan Cavaleiro,pt POR,FW,Fulham,27-080,1993,10.8,251,343,73.2,4140,924,132,161,82,84,102,82.4,26,53,49.1,0,1.3,-1.3,15,6,8,1,16,Matches
83,Edinson Cavani,uy URU,FW,Manchester Utd,33-327,1987,3.4,57,79,72.2,903,126,30,40,75,24,34,70.6,3,4,75,2,0.9,1.1,3,2,3,1,3,Matches
84,Dani Ceballos,es ESP,MF,Arsenal,24-152,1996,10.6,634,740,85.7,12678,3199,228,254,89.8,296,327,90.5,105,140,75,1,2,-1,16,86,13,2,74,Matches
85,Ben Chilwell,eng ENG,DF,Chelsea,24-016,1996,13,800,1021,78.4,13908,4906,387,425,91.1,315,389,81,79,158,50,4,1.1,2.9,16,62,13,4,81,Matches
86,Hamza Choudhury,eng ENG,MF,Leicester City,23-097,1997,0.8,50,69,72.5,884,231,24,31,77.4,21,27,77.8,5,10,50,0,0,0,0,6,0,0,2,Matches
87,Andreas Christensen,dk DEN,DF,Chelsea,24-271,1996,4.5,302,329,91.8,6605,1751,73,80,91.3,182,193,94.3,46,55,83.6,0,0,0,0,13,0,0,19,Matches
88,Ciaran Clark,ie IRL,DF,Newcastle Utd,31-102,1989,8,233,291,80.1,4678,1713,83,97,85.6,106,123,86.2,39,60,65,0,0.1,-0.1,2,17,2,0,21,Matches
89,Nathaniel Clyne,eng ENG,DF,Crystal Palace,29-276,1991,8.8,319,418,76.3,4911,1905,177,195,90.8,118,154,76.6,19,47,40.4,1,0.3,0.7,2,15,8,4,18,Matches
90,Conor Coady,eng ENG,DF,Wolves,27-316,1993,16,655,765,85.6,17221,6453,122,129,94.6,331,350,94.6,201,278,72.3,0,0.1,-0.1,2,34,0,0,25,Matches
91,Séamus Coleman,ie IRL,DF,Everton,32-087,1988,6.3,306,364,84.1,5287,2039,153,169,90.5,119,133,89.5,31,53,58.5,1,0.6,0.4,4,15,3,1,17,Matches
92,Aaron Connolly,ie IRL,FW,Brighton,20-344,2000,6.5,57,73,78.1,871,136,29,37,78.4,21,24,87.5,4,5,80,1,0.2,0.8,4,2,1,0,3,Matches
93,Liam Cooper,sco SCO,DF,Leeds United,29-129,1991,10.8,657,739,88.9,15421,4219,138,148,93.2,373,392,95.2,145,196,74,0,0,0,0,35,1,0,28,Matches
94,Hélder Costa,pt POR,MF,Leeds United,26-360,1994,7.5,172,224,76.8,2339,598,106,118,89.8,54,69,78.3,4,14,28.6,2,0.8,1.2,8,3,10,4,11,Matches
95,Vladimír Coufal,cz CZE,DF,West Ham,28-137,1992,12.9,430,606,71,7564,3771,196,224,87.5,183,251,72.9,44,98,44.9,2,1.6,0.4,20,37,19,11,48,Matches
96,Aaron Cresswell,eng ENG,DF,West Ham,31-022,1989,17,742,991,74.9,15527,7526,295,331,89.1,308,363,84.8,131,261,50.2,4,2.2,1.8,26,70,12,8,60,Matches
97,Stuart Dallas,nir NIR,"DF,MF",Leeds United,29-262,1991,16.9,941,1150,81.8,16139,5405,480,536,89.6,372,449,82.9,83,134,61.9,1,0.7,0.3,10,70,17,5,92,Matches
98,Scott Dann,eng ENG,DF,Crystal Palace,33-327,1987,8,304,360,84.4,6018,2722,105,120,87.5,159,172,92.4,38,62,61.3,0,0,0,1,11,0,0,16,Matches
99,Karl Darlow,eng ENG,GK,Newcastle Utd,30-090,1990,16,224,462,48.5,9792,7299,14,14,100,63,64,98.4,147,384,38.3,0,0,0,0,5,0,0,0,Matches
100,Ben Davies,wal WAL,DF,Tottenham,27-257,1993,7.6,305,399,76.4,5624,2312,123,137,89.8,144,177,81.4,31,68,45.6,1,0.6,0.4,6,26,8,4,24,Matches
101,Tom Davies,eng ENG,"MF,DF",Everton,22-190,1998,4.7,205,252,81.3,3810,928,88,100,88,91,106,85.8,24,38,63.2,0,0.5,-0.5,3,14,6,2,16,Matches
102,Keinan Davis,eng ENG,FW,Aston Villa,22-328,1998,0.6,16,22,72.7,214,54,9,10,90,6,10,60,0,0,,0,0,0,1,0,2,0,2,Matches
103,Leif Davis,eng ENG,DF,Leeds United,20-360,2000,0.4,17,20,85,381,158,5,5,100,10,11,90.9,2,4,50,0,0,0,0,0,1,0,1,Matches
104,Craig Dawson,eng ENG,DF,West Ham,30-245,1990,2,38,53,71.7,909,218,5,5,100,25,28,89.3,8,20,40,0,0,0,0,0,0,0,0,Matches
105,Kevin De Bruyne,be BEL,MF,Manchester City,29-192,1991,13.2,593,791,75,11377,3552,262,313,83.7,231,286,80.8,86,144,59.7,8,6.1,1.9,46,62,45,5,99,Matches
106,Liam Delap,eng ENG,FW,Manchester City,17-333,2003,0.4,5,7,71.4,45,0,4,6,66.7,0,0,,0,0,,0,0,0,0,0,0,0,0,Matches
107,Fabian Delph,eng ENG,"MF,DF",Everton,31-046,1989,2.4,174,197,88.3,3031,830,81,87,93.1,75,80,93.8,16,26,61.5,0,0,0,1,14,1,0,15,Matches
108,Leander Dendoncker,be BEL,MF,Wolves,25-266,1995,10.5,310,363,85.4,5137,986,146,166,88,129,151,85.4,25,29,86.2,0,0.4,-0.4,10,22,1,1,23,Matches
109,Ibrahima Diallo,fr FRA,MF,Southampton,21-304,1999,2.3,97,119,81.5,1775,351,35,41,85.4,50,54,92.6,9,20,45,0,0,0,1,2,1,0,7,Matches
110,Grady Diangana,eng ENG,"MF,FW",West Brom,22-262,1998,11.9,223,302,73.8,3066,767,129,160,80.6,81,99,81.8,5,21,23.8,0,0.1,-0.1,4,14,6,0,23,Matches
111,Raphael Dias Belloli,br BRA,MF,Leeds United,24-023,1996,9.3,269,387,69.5,5280,1914,113,135,83.7,115,149,77.2,38,80,47.5,2,2.4,-0.4,22,29,19,5,56,Matches
112,Rúben Dias,pt POR,DF,Manchester City,23-237,1997,12.8,969,1047,92.6,20779,5339,239,253,94.5,559,586,95.4,165,198,83.3,0,0,0,1,64,1,0,43,Matches
113,Eric Dier,eng ENG,DF,Tottenham,26-357,1994,15,659,796,82.8,15674,5078,164,185,88.6,329,359,91.6,163,240,67.9,0,0,0,1,41,5,0,39,Matches
114,Lucas Digne,fr FRA,DF,Everton,27-170,1993,7.8,420,554,75.8,7782,2924,185,215,86,171,208,82.2,54,100,54,4,1.7,2.3,13,31,10,8,41,Matches
115,Virgil van Dijk,nl NED,DF,Liverpool,29-182,1991,4.1,295,327,90.2,7035,2127,61,65,93.8,176,186,94.6,58,75,77.3,0,0,0,0,26,0,0,20,Matches
116,Issa Diop,fr FRA,DF,West Ham,23-363,1997,3.3,151,169,89.3,3170,883,48,49,98,70,73,95.9,31,43,72.1,0,0,0,0,6,0,0,5,Matches
117,Moussa Djenepo,ml MLI,MF,Southampton,22-205,1998,7.7,173,235,73.6,2634,528,96,118,81.4,63,76,82.9,10,18,55.6,0,0.5,-0.5,6,12,7,0,14,Matches
118,Matt Doherty,ie IRL,DF,Tottenham,28-356,1992,7.8,347,446,77.8,5430,2164,204,233,87.6,116,153,75.8,22,47,46.8,1,0.5,0.5,6,14,6,2,26,Matches
119,Gabriel Dos Santos,br BRA,DF,Arsenal,23-018,1997,11.7,772,886,87.1,16528,4338,196,216,90.7,430,462,93.1,139,194,71.6,0,0,0,1,50,1,0,25,Matches
120,Abdoulaye Doucouré,fr FRA,MF,Everton,28-005,1993,15.1,711,814,87.3,11998,2542,337,373,90.3,286,316,90.5,67,85,78.8,2,1.4,0.6,11,45,12,1,36,Matches
121,Paul Dummett,wal WAL,DF,Newcastle Utd,29-102,1991,0.9,17,23,73.9,241,95,10,10,100,7,9,77.8,0,4,0,0,0,0,0,3,0,0,2,Matches
122,Lewis Dunk,eng ENG,DF,Brighton,29-046,1991,14,868,965,89.9,19939,5123,207,219,94.5,460,483,95.2,194,252,77,0,0.1,-0.1,2,51,0,0,34,Matches
123,Jimmy Dunne,ie IRL,DF,Burnley,23-079,1997,2,60,89,67.4,1301,256,18,24,75,29,40,72.5,12,24,50,0,0.1,-0.1,2,0,1,0,1,Matches
124,Ederson,br BRA,GK,Manchester City,27-142,1993,14,348,420,82.9,9708,5852,46,47,97.9,190,192,99,108,176,61.4,0,0,0,0,1,1,0,0,Matches
125,Kyle Edwards,eng ENG,"MF,FW",West Brom,22-324,1998,1.3,30,35,85.7,420,91,18,18,100,12,13,92.3,0,2,0,0,0,0,0,3,0,0,3,Matches
126,John Egan,ie IRL,DF,Sheffield Utd,28-078,1992,15.1,451,551,81.9,10791,3660,110,121,90.9,241,270,89.3,98,150,65.3,0,0.1,-0.1,1,50,4,0,40,Matches
127,Ahmed Elmohamady,eg EGY,DF,Aston Villa,33-119,1987,1.5,86,115,74.8,1548,658,35,39,89.7,41,55,74.5,9,18,50,0,0.3,-0.3,5,6,9,3,10,Matches
128,Mohamed Elneny,eg EGY,MF,Arsenal,28-179,1992,9.7,509,554,91.9,10114,2024,189,201,94,244,255,95.7,73,90,81.1,0,0.1,-0.1,3,41,5,0,29,Matches
129,Jonny Evans,nir NIR,DF,Leicester City,33-003,1988,12.9,704,821,85.7,15467,4044,177,200,88.5,394,423,93.1,130,191,68.1,1,0.1,0.9,5,34,0,0,22,Matches
130,Eberechi Eze,eng ENG,MF,Crystal Palace,22-191,1998,10.7,372,479,77.7,5687,1841,219,248,88.3,108,136,79.4,30,67,44.8,2,0.7,1.3,16,32,10,1,51,Matches
131,?ukasz Fabia?ski,pl POL,GK,West Ham,35-263,1985,16,291,453,64.2,11731,8531,29,30,96.7,89,90,98.9,172,332,51.8,0,0,0,0,12,0,0,0,Matches
132,Fabinho,br BRA,"DF,MF",Liverpool,27-075,1993,14.4,1048,1136,92.3,22112,5546,278,297,93.6,599,628,95.4,163,199,81.9,0,0.4,-0.4,3,45,2,1,44,Matches
133,Bruno Fernandes,pt POR,MF,Manchester Utd,26-120,1994,14.4,700,962,72.8,13736,4716,323,386,83.7,237,299,79.3,123,214,57.5,7,5.9,1.1,50,96,45,3,116,Matches
134,Federico Fernández,ar ARG,DF,Newcastle Utd,31-320,1989,14.5,430,546,78.8,9661,2802,126,146,86.3,204,237,86.1,98,153,64.1,0,0.1,-0.1,2,12,1,0,13,Matches
135,Fernandinho,br BRA,MF,Manchester City,35-247,1985,3.8,283,324,87.3,5502,1299,124,132,93.9,118,135,87.4,40,55,72.7,0,0,0,0,44,2,0,31,Matches
136,Sam Field,eng ENG,MF,West Brom,22-243,1998,0.7,15,23,65.2,223,41,10,14,71.4,4,5,80,1,3,33.3,0,0,0,0,1,0,0,2,Matches
137,Roberto Firmino,br BRA,"FW,MF",Liverpool,29-096,1991,15.5,472,598,78.9,7143,1632,268,322,83.2,154,194,79.4,31,42,73.8,3,2.5,0.5,17,34,11,0,50,Matches
138,John Fleck,sco SCO,MF,Sheffield Utd,29-135,1991,8.7,280,369,75.9,4583,1510,147,168,87.5,97,122,79.5,27,65,41.5,0,0.5,-0.5,10,40,10,0,37,Matches
139,Phil Foden,eng ENG,"FW,DF",Manchester City,20-223,2000,6.6,235,278,84.5,3656,635,133,144,92.4,83,99,83.8,14,23,60.9,2,1,1,10,16,7,0,23,Matches
140,Wesley Fofana,fr FRA,DF,Leicester City,20-020,2000,12,646,738,87.5,13610,3859,202,221,91.4,323,350,92.3,113,154,73.4,0,0.1,-0.1,2,49,0,0,35,Matches
141,Pablo Fornals,es ESP,"MF,FW",West Ham,24-319,1996,14,343,448,76.6,5834,1606,175,198,88.4,128,170,75.3,35,56,62.5,2,0.8,1.2,9,33,13,1,48,Matches
142,Fraser Forster,eng ENG,GK,Southampton,32-295,1988,1,9,43,20.9,425,331,1,1,100,1,3,33.3,7,38,18.4,0,0,0,0,1,0,0,0,Matches
143,Timothy Fosu-Mensah,nl NED,DF,Manchester Utd,23-004,1998,0.9,65,75,86.7,1070,258,30,34,88.2,32,34,94.1,3,6,50,0,0.3,-0.3,2,4,1,1,1,Matches
144,Ryan Fraser,sco SCO,MF,Newcastle Utd,26-317,1994,3.1,78,116,67.2,1313,386,34,40,85,32,43,74.4,8,24,33.3,1,0.2,0.8,3,3,1,1,4,Matches
145,Fred,br BRA,MF,Manchester Utd,27-307,1993,10.1,550,628,87.6,10618,2858,223,241,92.5,227,251,90.4,90,114,78.9,0,1.2,-1.2,9,55,7,0,57,Matches
146,Ryan Fredericks,eng ENG,DF,West Ham,28-088,1992,3.5,130,177,73.4,2005,722,73,84,86.9,50,71,70.4,5,15,33.3,1,1.1,-0.1,10,7,8,4,11,Matches
147,Christian Fuchs,at AUT,DF,Leicester City,34-274,1986,7.8,478,589,81.2,9077,3504,206,231,89.2,215,253,85,55,93,59.1,0,0,0,1,42,2,1,32,Matches
148,Darnell Furlong,eng ENG,DF,West Brom,25-067,1995,15.8,381,617,61.8,6835,2922,189,232,81.5,139,224,62.1,45,130,34.6,2,1.4,0.6,11,32,8,7,40,Matches
149,Conor Gallagher,eng ENG,MF,West Brom,20-335,2000,12.9,389,474,82.1,6881,1517,184,214,86,150,165,90.9,45,71,63.4,0,0.2,-0.2,5,44,8,1,27,Matches
150,Eric García,es ESP,DF,Manchester City,19-363,2001,2.2,208,221,94.1,4185,1213,68,72,94.4,111,114,97.4,28,34,82.4,0,0.1,-0.1,2,20,0,0,12,Matches
151,Dwight Gayle,eng ENG,FW,Newcastle Utd,30-081,1990,0.7,22,25,88,314,42,11,12,91.7,10,11,90.9,0,0,,0,0,0,1,0,0,0,1,Matches
152,David de Gea,es ESP,GK,Manchester Utd,30-060,1990,13.5,222,292,76,5651,3515,69,70,98.6,92,94,97.9,60,126,47.6,0,0,0,0,2,0,0,0,Matches
153,Anwar El Ghazi,nl NED,FW,Aston Villa,25-248,1995,5.4,119,182,65.4,1690,446,77,96,80.2,30,44,68.2,8,26,30.8,0,0.8,-0.8,9,5,8,3,14,Matches
154,Kieran Gibbs,eng ENG,DF,West Brom,31-102,1989,5,119,161,73.9,1960,712,63,67,94,48,66,72.7,7,24,29.2,0,0,0,0,5,0,0,10,Matches
155,Billy Gilmour,sco SCO,MF,Chelsea,19-209,2001,0.4,30,36,83.3,672,59,8,9,88.9,13,18,72.2,8,8,100,0,0,0,0,2,0,0,0,Matches
156,Olivier Giroud,fr FRA,FW,Chelsea,34-098,1986,4,70,97,72.2,824,83,48,63,76.2,12,17,70.6,2,2,100,0,0.4,-0.4,4,2,0,0,1,Matches
157,Ben Godfrey,eng ENG,DF,Everton,22-357,1998,9.7,334,409,81.7,5996,1738,134,152,88.2,150,172,87.2,36,57,63.2,0,0,0,0,21,3,1,15,Matches
158,André Gomes,pt POR,MF,Everton,27-160,1993,6.1,269,321,83.8,5184,957,115,133,86.5,104,115,90.4,43,60,71.7,0,0.2,-0.2,5,21,3,0,20,Matches
159,Joe Gomez,eng ENG,DF,Liverpool,23-228,1997,6.6,481,533,90.2,11374,3066,99,106,93.4,280,298,94,98,122,80.3,0,0,0,1,30,0,0,38,Matches
160,Anthony Gordon,eng ENG,"FW,MF",Everton,19-317,2001,1,22,26,84.6,364,95,12,13,92.3,8,8,100,2,4,50,0,0,0,1,1,2,0,3,Matches
161,Karlan Grant,eng ENG,FW,West Brom,23-110,1997,9.5,121,172,70.3,1657,256,72,92,78.3,40,49,81.6,4,10,40,0,0,0,0,4,4,0,7,Matches
162,Demarai Gray,eng ENG,FW,Leicester City,24-192,1996,0.2,7,12,58.3,87,14,5,5,100,2,2,100,0,1,0,0,0,0,0,1,0,0,1,Matches
163,Jack Grealish,eng ENG,"FW,MF",Aston Villa,25-118,1995,15,538,689,78.1,9433,3188,274,325,84.3,183,209,87.6,63,106,59.4,7,6.4,0.6,55,53,43,1,111,Matches
164,Mason Greenwood,eng ENG,FW,Manchester Utd,19-097,2001,6.9,186,224,83,2702,520,121,137,88.3,49,60,81.7,12,21,57.1,0,0.6,-0.6,6,10,5,1,11,Matches
165,Pascal Groß,de GER,MF,Brighton,29-205,1991,8,380,494,76.9,8028,2282,144,168,85.7,160,194,82.5,72,122,59,2,1.5,0.5,21,40,17,7,42,Matches
166,Kamil Grosicki,pl POL,"FW,MF",West Brom,32-212,1988,0.1,2,4,50,26,3,1,1,100,1,2,50,0,1,0,0,0,0,0,0,0,0,0,Matches
167,Vicente Guaita,es ESP,GK,Crystal Palace,33-362,1987,17,254,469,54.2,9818,6983,31,31,100,83,84,98.8,140,354,39.5,0,0,0,0,7,0,0,0,Matches
168,?lkay Gündo?an,de GER,MF,Manchester City,30-074,1990,8.2,625,693,90.2,10469,2272,308,324,95.1,262,288,91,46,65,70.8,0,0.8,-0.8,14,73,10,0,61,Matches
169,Antwoine Hackford,eng ENG,"DF,FW",Sheffield Utd,16-292,2004,0.1,1,1,100,4,0,0,0,,0,0,,0,0,,0,0,0,0,0,0,0,0,Matches
170,Sébastien Haller,ci CIV,FW,West Ham,26-198,1994,10.4,170,251,67.7,2729,525,99,137,72.3,46,63,73,17,28,60.7,0,1.2,-1.2,9,13,5,1,19,Matches
171,Rekeem Harper,eng ENG,MF,West Brom,20-304,2000,0.4,13,16,81.3,242,33,5,6,83.3,7,7,100,1,3,33.3,0,0,0,0,2,0,0,1,Matches
172,Jack Harrison,eng ENG,MF,Leeds United,24-047,1996,14.5,389,574,67.8,6560,2072,196,253,77.5,153,198,77.3,34,85,40,4,4.1,-0.1,34,19,32,10,59,Matches
173,Kortney Hause,eng ENG,DF,Aston Villa,25-174,1995,4,104,141,73.8,2277,592,22,29,75.9,62,74,83.8,18,34,52.9,0,0,0,0,7,0,0,5,Matches
174,Kai Havertz,de GER,"MF,FW",Chelsea,21-209,1999,9.1,372,433,85.9,5494,993,213,231,92.2,117,135,86.7,25,32,78.1,2,0.9,1.1,11,27,13,2,30,Matches
175,Isaac Hayden,eng ENG,"MF,DF",Newcastle Utd,25-290,1995,10.1,294,359,81.9,5888,1146,112,130,86.2,139,159,87.4,42,54,77.8,0,0.3,-0.3,3,13,0,0,11,Matches
176,Michael Hector,jm JAM,DF,Fulham,28-171,1992,2.9,139,175,79.4,3485,1313,21,25,84,78,83,94,39,64,60.9,0,0,0,1,10,1,0,11,Matches
177,Ahmed Hegazi,eg EGY,DF,West Brom,29-347,1991,1,37,52,71.2,829,381,11,13,84.6,18,25,72,8,13,61.5,0,0,0,0,1,0,0,2,Matches
178,Dean Henderson,eng ENG,GK,Manchester Utd,23-300,1997,2.5,49,63,77.8,1188,609,9,9,100,26,26,100,14,27,51.9,0,0,0,0,0,0,0,0,Matches
179,Jordan Henderson,eng ENG,"MF,DF",Liverpool,30-203,1990,12.6,1077,1255,85.8,21846,5796,385,418,92.1,505,538,93.9,173,266,65,1,1.2,-0.2,9,161,23,1,112,Matches
180,Jeff Hendrick,ie IRL,MF,Newcastle Utd,28-341,1992,9.1,235,288,81.6,4391,1123,95,114,83.3,101,108,93.5,32,47,68.1,1,0.6,0.4,1,16,3,0,23,Matches
181,Pablo Hernández,es ESP,MF,Leeds United,35-270,1985,2.7,171,231,74,3352,1094,71,92,77.2,73,90,81.1,25,36,69.4,2,0.6,1.4,5,26,5,1,36,Matches
182,Son Heung-min,kr KOR,FW,Tottenham,28-182,1992,14.9,376,487,77.2,5935,1708,212,245,86.5,109,140,77.9,39,73,53.4,5,3.7,1.3,33,18,11,1,32,Matches
183,Ki-Jana Hoever,nl NED,DF,Wolves,18-354,2002,1.3,70,88,79.5,1221,451,36,41,87.8,27,36,75,5,6,83.3,0,0.1,-0.1,2,3,1,1,5,Matches
184,Rob Holding,eng ENG,DF,Arsenal,25-108,1995,13.5,717,814,88.1,16719,4353,165,176,93.8,390,423,92.2,161,210,76.7,1,0,1,1,37,3,0,38,Matches
185,Mason Holgate,eng ENG,DF,Everton,24-076,1996,6.9,319,389,82,7182,2549,76,89,85.4,183,205,89.3,58,85,68.2,0,0.1,-0.1,3,19,4,1,22,Matches
186,Conor Hourihane,ie IRL,MF,Aston Villa,29-339,1991,2.5,116,155,74.8,2503,557,31,35,88.6,52,64,81.3,27,46,58.7,1,0.8,0.2,4,18,2,1,9,Matches
187,Callum Hudson-Odoi,eng ENG,FW,Chelsea,20-060,2000,3.7,169,206,82,2981,699,93,102,91.2,53,63,84.1,21,36,58.3,1,1.1,-0.1,11,7,15,4,21,Matches
188,Pierre Højbjerg,dk DEN,MF,Tottenham,25-154,1995,16,942,1074,87.7,17941,4864,369,410,90,418,465,89.9,137,177,77.4,1,0.7,0.3,7,93,5,1,67,Matches
189,Odion Ighalo,ng NGA,FW,Manchester Utd,31-204,1989,0.1,1,1,100,7,0,1,1,100,0,0,,0,0,,0,0,0,0,0,0,0,0,Matches
190,Kelechi Iheanacho,ng NGA,"FW,MF",Leicester City,24-095,1996,2.6,55,65,84.6,743,139,36,40,90,13,13,100,3,6,50,0,0.6,-0.6,4,4,2,0,3,Matches
191,Danny Ings,eng ENG,FW,Southampton,28-167,1992,11.7,163,256,63.7,2434,589,91,121,75.2,51,77,66.2,13,33,39.4,3,1,2,11,9,9,2,22,Matches
192,Branislav Ivanovi?,rs SRB,DF,West Brom,36-319,1984,8.2,263,308,85.4,5932,1411,65,72,90.3,146,162,90.1,52,71,73.2,0,0.1,-0.1,1,11,3,0,10,Matches
193,Alex Iwobi,ng NGA,"FW,DF",Everton,24-248,1996,8.7,293,400,73.3,5280,1672,117,139,84.2,131,171,76.6,33,62,53.2,2,1.5,0.5,10,17,18,8,34,Matches
194,Phil Jagielka,eng ENG,"DF,MF",Sheffield Utd,38-142,1982,1.6,41,59,69.5,879,198,16,18,88.9,18,25,72,7,14,50,0,0,0,0,2,0,0,4,Matches
195,Alireza Jahanbakhsh,ir IRN,"FW,MF",Brighton,27-148,1993,2.8,79,109,72.5,1246,305,37,44,84.1,27,36,75,9,15,60,1,1.8,-0.8,7,3,8,3,8,Matches
196,Daniel James,wal WAL,FW,Manchester Utd,23-057,1997,3.6,100,126,79.4,1374,363,66,77,85.7,28,35,80,2,3,66.7,0,0.2,-0.2,4,1,5,1,12,Matches
197,Reece James,eng ENG,DF,Chelsea,21-029,1999,12,762,916,83.2,15120,3702,291,321,90.7,350,395,88.6,114,175,65.1,2,1.8,0.2,17,43,21,16,55,Matches
198,Gabriel Jesus,br BRA,FW,Manchester City,23-278,1997,7,140,175,80,1851,209,90,103,87.4,35,43,81.4,7,11,63.6,1,1.4,-0.4,8,4,3,0,7,Matches
199,Raúl Jiménez,mx MEX,FW,Wolves,29-246,1991,9.1,207,263,78.7,3241,561,126,150,84,52,64,81.3,22,32,68.8,0,0.8,-0.8,8,16,9,0,19,Matches
200,Joelinton,br BRA,"FW,MF",Newcastle Utd,24-145,1996,10.6,245,332,73.8,3553,657,149,183,81.4,75,99,75.8,12,23,52.2,2,1.1,0.9,7,12,4,1,11,Matches
201,Ben Johnson,eng ENG,DF,West Ham,20-348,2000,1.6,44,61,72.1,664,367,27,31,87.1,10,14,71.4,4,11,36.4,0,0,0,0,6,0,0,3,Matches
202,Sam Johnstone,eng ENG,GK,West Brom,27-287,1993,17,315,562,56,12884,8615,31,31,100,94,97,96.9,190,432,44,0,0,0,0,13,0,0,0,Matches
203,Curtis Jones,eng ENG,MF,Liverpool,19-342,2001,7.5,576,631,91.3,10005,2195,267,287,93,234,243,96.3,64,79,81,0,0.5,-0.5,8,69,12,0,49,Matches
204,Jorginho,it ITA,MF,Chelsea,29-017,1991,7.1,393,454,86.6,7710,1852,170,188,90.4,158,178,88.8,61,80,76.3,1,0.9,0.1,7,35,6,0,31,Matches
205,Diogo Jota,pt POR,FW,Liverpool,24-033,1996,5.6,173,215,80.5,2764,645,102,114,89.5,53,70,75.7,15,21,71.4,0,1.2,-1.2,6,18,4,0,20,Matches
206,James Justin,eng ENG,DF,Leicester City,22-318,1998,17,738,950,77.7,12285,4127,362,413,87.7,319,382,83.5,47,106,44.3,1,1.3,-0.3,16,43,23,6,71,Matches
207,Aboubakar Kamara,fr FRA,"FW,DF",Fulham,25-305,1995,3.1,83,114,72.8,1370,363,41,50,82,33,38,86.8,6,19,31.6,0,0.2,-0.2,3,4,3,1,10,Matches
208,Harry Kane,eng ENG,FW,Tottenham,27-162,1993,15.9,296,408,72.5,5928,2205,122,159,76.7,113,144,78.5,52,78,66.7,11,4.3,6.7,24,57,22,5,75,Matches
209,N'Golo Kanté,fr FRA,MF,Chelsea,29-283,1991,16.4,902,1035,87.1,17167,3617,346,388,89.2,429,471,91.1,108,145,74.5,1,0.8,0.2,13,70,7,1,62,Matches
210,Moise Kean,it ITA,FW,Everton,20-313,2000,0.2,7,9,77.8,124,0,2,3,66.7,4,4,100,1,1,100,0,0,0,0,0,0,0,0,Matches
211,Michael Keane,eng ENG,DF,Everton,27-361,1993,14.7,831,937,88.7,18501,5671,188,205,91.7,492,519,94.8,142,198,71.7,0,0.5,-0.5,4,45,2,0,38,Matches
212,Neeskens Kebano,cd COD,"FW,MF",Fulham,28-302,1992,1.3,33,42,78.6,409,99,25,25,100,6,11,54.5,1,3,33.3,0,0,0,0,1,0,0,2,Matches
213,Naby Keïta,gn GUI,MF,Liverpool,25-331,1995,4.4,229,259,88.4,3959,869,104,120,86.7,100,105,95.2,20,24,83.3,0,0.6,-0.6,3,23,8,0,25,Matches
214,Caoimhin Kelleher,ie IRL,GK,Liverpool,22-044,1998,1,22,28,78.6,613,349,3,3,100,12,12,100,7,13,53.8,0,0,0,0,0,0,0,0,Matches
215,Jonjoe Kenny,eng ENG,DF,Everton,23-297,1997,0.9,47,61,77,783,221,28,29,96.6,13,20,65,6,8,75,0,0,0,0,3,1,0,4,Matches
216,Max Kilman,eng ENG,DF,Wolves,23-228,1997,8.4,350,399,87.7,6727,2254,127,134,94.8,186,201,92.5,35,59,59.3,1,0.4,0.6,2,34,1,0,23,Matches
217,Mateusz Klich,pl POL,MF,Leeds United,30-207,1990,15.6,773,964,80.2,13446,3585,378,426,88.7,275,331,83.1,94,148,63.5,5,3.1,1.9,36,74,29,6,97,Matches
218,Robin Koch,de GER,DF,Leeds United,24-173,1996,10.1,578,673,85.9,12381,3748,121,141,85.8,367,387,94.8,83,133,62.4,0,0.2,-0.2,4,32,2,0,38,Matches
219,Sead Kolašinac,ba BIH,DF,Arsenal,27-200,1993,1,54,64,84.4,801,177,30,35,85.7,22,24,91.7,1,3,33.3,0,0,0,0,3,1,0,4,Matches
220,Ezri Konsa,eng ENG,DF,Aston Villa,23-075,1997,12.5,331,385,86,7632,1552,75,90,83.3,190,201,94.5,64,88,72.7,0,0,0,0,13,1,0,10,Matches
221,Cheikhou Kouyaté,sn SEN,DF,Crystal Palace,31-016,1989,16.7,496,639,77.6,10025,3023,181,216,83.8,215,253,85,91,152,59.9,0,0.1,-0.1,2,16,2,1,16,Matches
222,Mateo Kova?i?,hr CRO,MF,Chelsea,26-245,1994,7.2,452,499,90.6,8568,1783,189,207,91.3,195,207,94.2,60,72,83.3,1,0.9,0.1,7,48,5,0,43,Matches
223,Emil Krafth,se SWE,DF,Newcastle Utd,26-157,1994,3.2,119,161,73.9,1804,757,66,77,85.7,39,55,70.9,8,18,44.4,0,0.1,-0.1,2,4,1,1,8,Matches
224,Filip Krovinovi?,hr CRO,MF,West Brom,25-130,1995,6.1,308,365,84.4,5338,1511,140,156,89.7,127,147,86.4,31,44,70.5,0,0.3,-0.3,5,37,7,0,40,Matches
225,Alexandre Lacazette,fr FRA,FW,Arsenal,29-223,1991,9.6,169,225,75.1,2447,439,98,124,79,55,66,83.3,9,20,45,0,0.6,-0.6,9,7,9,0,18,Matches
226,Adam Lallana,eng ENG,"MF,FW",Brighton,32-241,1988,8.5,305,375,81.3,4829,1049,150,168,89.3,113,138,81.9,28,43,65.1,1,2,-1,16,25,10,3,26,Matches
227,Érik Lamela,ar ARG,FW,Tottenham,28-308,1992,2.2,62,83,74.7,1115,299,35,42,83.3,11,14,78.6,13,18,72.2,0,0.1,-0.1,2,7,2,0,6,Matches
228,Tariq Lamptey,eng ENG,DF,Brighton,20-098,2000,9.8,390,500,78,6346,1711,209,234,89.3,141,188,75,32,56,57.1,1,1.1,-0.1,11,12,12,7,27,Matches
229,Manuel Lanzini,ar ARG,"MF,FW",West Ham,27-326,1993,2.6,115,136,84.6,1864,351,60,69,87,47,52,90.4,6,12,50,1,0.4,0.6,4,11,3,0,9,Matches
230,Aymeric Laporte,fr FRA,DF,Manchester City,26-224,1994,4,250,278,89.9,5362,1608,70,75,93.3,132,141,93.6,47,58,81,0,0.2,-0.2,2,21,1,0,18,Matches
231,Jamaal Lascelles,eng ENG,DF,Newcastle Utd,27-056,1993,7.5,229,275,83.3,4992,1377,56,61,91.8,137,152,90.1,35,60,58.3,0,0,0,0,12,1,0,13,Matches
232,Maxime Le Marchand,fr FRA,DF,Fulham,31-087,1989,1.4,78,82,95.1,1841,642,18,18,100,43,45,95.6,16,18,88.9,0,0,0,0,3,1,0,6,Matches
233,Mario Lemina,ga GAB,MF,Fulham,27-127,1993,5.1,199,238,83.6,3988,1037,64,78,82.1,101,111,91,28,42,66.7,0,0.4,-0.4,3,20,2,0,16,Matches
234,Bernd Leno,de GER,GK,Arsenal,28-308,1992,17,486,597,81.4,11530,5572,127,127,100,257,258,99.6,98,208,47.1,0,0,0,0,4,0,0,2,Matches
235,Jamal Lewis,nir NIR,DF,Newcastle Utd,22-347,1998,11.3,327,428,76.4,6066,2421,141,157,89.8,136,167,81.4,43,80,53.8,0,0.9,-0.9,9,21,13,8,19,Matches
236,Victor Lindelöf,se SWE,DF,Manchester Utd,26-173,1994,12.7,712,795,89.6,13655,4381,248,265,93.6,382,405,94.3,75,106,70.8,1,0.5,0.5,4,40,1,0,38,Matches
237,Jake Livermore,eng ENG,MF,West Brom,31-053,1989,8.5,188,243,77.4,3199,845,88,109,80.7,74,91,81.3,20,29,69,0,0.2,-0.2,4,19,2,1,20,Matches
238,Diego Llorente,es ESP,DF,Leeds United,27-143,1993,0.9,61,79,77.2,1380,260,6,8,75,47,55,85.5,7,14,50,0,0,0,0,2,0,0,2,Matches
239,Hugo Lloris,fr FRA,GK,Tottenham,34-011,1986,16,300,433,69.3,8766,5806,79,79,100,112,114,98.2,109,240,45.4,0,0,0,0,1,0,0,0,Matches
240,Giovani Lo Celso,ar ARG,"MF,FW",Tottenham,24-272,1996,4.9,178,241,73.9,3344,849,84,98,85.7,60,79,75.9,31,51,60.8,1,1,0,9,18,5,0,21,Matches
241,Ruben Loftus-Cheek,eng ENG,"FW,MF",Fulham,24-349,1996,6.7,196,232,84.5,2981,665,109,123,88.6,69,78,88.5,13,16,81.3,0,0.3,-0.3,3,17,4,2,21,Matches
242,Ruben Loftus-Cheek,eng ENG,FW,Chelsea,24-349,1996,0.7,11,16,68.8,166,22,6,6,100,4,5,80,1,3,33.3,0,0,0,0,1,0,0,1,Matches
243,Kevin Long,ie IRL,DF,Burnley,30-141,1990,6,151,211,71.6,3457,1237,38,45,84.4,79,98,80.6,31,61,50.8,0,0,0,0,8,1,0,13,Matches
244,Shane Long,ie IRL,"FW,MF",Southampton,33-350,1987,2.1,35,56,62.5,453,145,25,31,80.6,7,15,46.7,2,3,66.7,0,0,0,0,2,0,0,4,Matches
245,Matthew Longstaff,eng ENG,MF,Newcastle Utd,20-291,2000,3.3,91,119,76.5,1637,279,44,54,81.5,29,34,85.3,17,27,63,0,0.1,-0.1,2,2,1,1,2,Matches
246,Sean Longstaff,eng ENG,MF,Newcastle Utd,23-068,1997,8.2,273,336,81.3,6047,1352,94,106,88.7,109,120,90.8,61,93,65.6,0,0.2,-0.2,4,30,1,0,28,Matches
247,Ademola Lookman,eng ENG,FW,Fulham,23-078,1997,11.2,329,411,80,5260,1312,163,187,87.2,134,160,83.8,20,36,55.6,2,1.5,0.5,17,16,10,1,33,Matches
248,Max Lowe,eng ENG,DF,Sheffield Utd,23-240,1997,4.6,105,160,65.6,1715,592,55,69,79.7,39,57,68.4,9,24,37.5,0,0,0,1,11,3,0,12,Matches
249,Matthew Lowton,eng ENG,DF,Burnley,31-211,1989,11,332,474,70,6673,2973,137,151,90.7,128,173,74,62,137,45.3,0,0.3,-0.3,3,41,8,1,39,Matches
250,David Luiz,br BRA,DF,Arsenal,33-259,1987,5.3,322,380,84.7,7928,1940,53,57,93,184,193,95.3,85,125,68,0,0,0,1,28,4,0,21,Matches
251,Douglas Luiz,br BRA,MF,Aston Villa,22-242,1998,13.6,545,640,85.2,11482,2641,178,197,90.4,244,272,89.7,107,137,78.1,1,0.6,0.4,11,61,11,2,52,Matches
252,John Lundstram,eng ENG,MF,Sheffield Utd,26-323,1994,8.5,301,393,76.6,5281,1514,148,165,89.7,109,130,83.8,34,78,43.6,1,0.7,0.3,12,31,5,1,33,Matches
253,Alexis Mac Allister,ar ARG,"FW,MF",Brighton,22-013,1998,1.5,29,36,80.6,358,59,17,20,85,8,9,88.9,1,3,33.3,0,0,0,1,0,0,0,2,Matches
254,James Maddison,eng ENG,"MF,FW",Leicester City,24-044,1996,10.7,417,540,77.2,7253,1903,216,249,86.7,134,155,86.5,55,108,50.9,2,2,0,28,36,18,1,49,Matches
255,Harry Maguire,eng ENG,DF,Manchester Utd,27-307,1993,16,844,964,87.6,18875,5595,215,242,88.8,455,493,92.3,168,218,77.1,0,0.1,-0.1,2,76,2,0,40,Matches
256,Riyad Mahrez,dz ALG,"FW,DF",Manchester City,29-320,1991,8.6,340,415,81.9,5602,1245,172,189,91,133,154,86.4,25,46,54.3,1,2.9,-1.9,21,17,20,3,34,Matches
257,Ainsley Maitland-Niles,eng ENG,DF,Arsenal,23-130,1997,4.7,191,243,78.6,3538,979,81,96,84.4,90,103,87.4,19,36,52.8,0,0.1,-0.1,2,13,2,1,11,Matches
258,Sadio Mané,sn SEN,FW,Liverpool,28-271,1992,14.8,378,514,73.5,6149,1277,197,247,79.8,134,174,77,35,54,64.8,2,2.2,-0.2,23,17,24,2,44,Matches
259,Javier Manquillo,es ESP,DF,Newcastle Utd,26-246,1994,5.1,158,214,73.8,2567,1096,90,96,93.8,50,69,72.5,14,36,38.9,0,0.2,-0.2,3,5,2,1,12,Matches
260,Fernando Marçal,br BRA,DF,Wolves,31-322,1989,6.3,285,338,84.3,5089,1895,144,153,94.1,109,127,85.8,31,52,59.6,0,0.1,-0.1,3,15,2,1,23,Matches
261,Solly March,eng ENG,DF,Brighton,26-170,1994,14.6,572,807,70.9,10747,3579,267,308,86.7,222,290,76.6,79,171,46.2,1,1.4,-0.4,22,36,29,10,68,Matches
262,Pablo Marí,es ESP,DF,Arsenal,27-128,1993,3,154,174,88.5,3279,721,38,40,95,91,95,95.8,22,34,64.7,0,0,0,0,5,0,0,7,Matches
263,Anthony Martial,fr FRA,FW,Manchester Utd,25-032,1995,9.2,200,249,80.3,2806,568,123,139,88.5,61,75,81.3,7,9,77.8,3,1.6,1.4,9,14,10,0,23,Matches
264,Martinelli,br BRA,FW,Arsenal,19-202,2001,1.7,22,30,73.3,335,120,13,17,76.5,7,9,77.8,2,3,66.7,0,0,0,0,1,1,0,3,Matches
265,Emiliano Martínez,ar ARG,GK,Aston Villa,28-126,1992,15,299,484,61.8,10788,7167,28,28,100,137,138,99.3,132,316,41.8,0,0,0,0,9,0,0,0,Matches
266,Arthur Masuaku,cd COD,DF,West Ham,27-060,1993,9.4,389,486,80,6552,2246,218,241,90.5,129,166,77.7,37,60,61.7,1,1.6,-0.6,11,22,15,10,32,Matches
267,Juan Mata,es ESP,FW,Manchester Utd,32-253,1988,3.7,154,186,82.8,2343,588,96,105,91.4,42,51,82.4,14,24,58.3,2,0.8,1.2,8,13,3,1,15,Matches
268,Nemanja Mati?,rs SRB,MF,Manchester Utd,32-158,1988,6.1,414,453,91.4,7427,2168,177,189,93.7,188,199,94.5,41,51,80.4,0,0.2,-0.2,4,36,5,2,30,Matches
269,Joël Matip,cm CMR,DF,Liverpool,29-151,1991,6.2,383,432,88.7,8471,2177,96,101,95,215,229,93.9,70,97,72.2,2,1,1,2,26,1,0,11,Matches
270,Neal Maupay,fr FRA,"FW,MF",Brighton,24-145,1996,12.4,233,290,80.3,3557,605,119,142,83.8,86,97,88.7,13,23,56.5,1,1,0,9,16,13,1,22,Matches
271,James McArthur,sco SCO,MF,Crystal Palace,33-091,1987,13.3,511,631,81,9564,2751,199,231,86.1,231,263,87.8,65,104,62.5,2,0.9,1.1,11,53,5,0,51,Matches
272,Oliver McBurnie,sco SCO,FW,Sheffield Utd,24-216,1996,9.2,168,254,66.1,2186,693,105,145,72.4,50,77,64.9,3,7,42.9,0,0.7,-0.7,8,15,10,0,27,Matches
273,Alex McCarthy,eng ENG,GK,Southampton,31-034,1989,16,371,575,64.5,9829,6043,98,98,100,165,167,98.8,107,308,34.7,0,0,0,0,6,1,0,0,Matches
274,James McCarthy,ie IRL,MF,Crystal Palace,30-055,1990,3.7,87,123,70.7,1835,436,29,36,80.6,38,51,74.5,17,28,60.7,0,0,0,2,6,2,1,10,Matches
275,John McGinn,sco SCO,MF,Aston Villa,26-080,1994,15,409,531,77,8853,2808,125,144,86.8,191,231,82.7,79,122,64.8,4,1.6,2.4,18,63,15,3,70,Matches
276,David McGoldrick,ie IRL,"FW,MF",Sheffield Utd,33-038,1987,10.3,265,365,72.6,4483,726,139,186,74.7,95,122,77.9,26,39,66.7,1,0.9,0.1,5,18,7,2,17,Matches
277,Dwight McNeil,eng ENG,MF,Burnley,21-045,1999,13,354,495,71.5,7310,1765,144,164,87.8,136,168,81,69,140,49.3,1,1.8,-0.8,15,25,15,10,24,Matches
278,Scott McTominay,sco SCO,MF,Manchester Utd,24-029,1996,10.2,434,504,86.1,8676,2129,154,174,88.5,213,239,89.1,59,79,74.7,1,0.7,0.3,9,36,4,0,36,Matches
279,Ben Mee,eng ENG,DF,Burnley,31-105,1989,9,236,314,75.2,5635,2364,71,84,84.5,99,117,84.6,63,106,59.4,0,0,0,1,9,0,0,11,Matches
280,Benjamin Mendy,fr FRA,DF,Manchester City,26-173,1994,5.6,310,381,81.4,5582,1556,122,141,86.5,158,177,89.3,28,49,57.1,0,0,0,1,15,3,1,26,Matches
281,Edouard Mendy,sn SEN,GK,Chelsea,28-311,1992,13,362,438,82.6,9664,5098,85,86,98.8,165,167,98.8,112,185,60.5,0,0,0,0,4,0,0,0,Matches
282,Nampalys Mendy,fr FRA,MF,Leicester City,28-197,1992,12.3,707,771,91.7,12093,2465,326,346,94.2,303,324,93.5,64,81,79,1,0.3,0.7,3,57,0,0,37,Matches
283,Illan Meslier,fr FRA,GK,Leeds United,20-310,2000,17,533,622,85.7,13263,6394,138,139,99.3,249,253,98.4,144,228,63.2,0,0.1,-0.1,1,2,0,0,0,Matches
284,Luka Milivojevi?,rs SRB,MF,Crystal Palace,29-274,1991,9.1,405,499,81.2,8362,2546,139,156,89.1,190,218,87.2,71,109,65.1,0,0.5,-0.5,10,37,4,0,42,Matches
285,James Milner,eng ENG,"MF,DF",Liverpool,35-002,1986,3.9,289,345,83.8,5800,1617,121,131,92.4,111,127,87.4,56,74,75.7,1,0.9,0.1,6,29,13,4,32,Matches
286,Yerry Mina,co COL,DF,Everton,26-105,1994,14,783,863,90.7,16409,4275,201,217,92.6,442,463,95.5,123,157,78.3,0,0,0,0,34,0,0,30,Matches
287,Takumi Minamino,jp JPN,"MF,FW",Liverpool,25-356,1995,3.2,107,133,80.5,1526,307,64,70,91.4,38,47,80.9,3,11,27.3,0,0,0,0,10,2,0,4,Matches
288,Tyrone Mings,eng ENG,DF,Aston Villa,27-299,1993,13.5,510,643,79.3,12113,4870,123,141,87.2,266,293,90.8,116,196,59.2,1,0.2,0.8,5,50,1,0,45,Matches
289,Tyrick Mitchell,eng ENG,DF,Crystal Palace,21-127,1999,8,231,333,69.4,4091,2775,107,128,83.6,100,145,69,23,46,50,0,0,0,0,24,3,2,30,Matches
290,Aleksandar Mitrovi?,rs SRB,FW,Fulham,26-112,1994,8.8,157,206,76.2,2091,351,97,118,82.2,41,59,69.5,8,13,61.5,2,1.4,0.6,11,6,5,1,9,Matches
291,Jayson Molumby,ie IRL,MF,Brighton,21-153,1999,0,0,1,0,0,0,0,0,,0,0,,0,1,0,0,0,0,0,0,0,0,0,Matches
292,Wes Morgan,jm JAM,DF,Leicester City,36-351,1984,0.2,5,5,100,93,78,2,2,100,3,3,100,0,0,,0,0,0,0,0,0,0,2,Matches
293,Mason Mount,eng ENG,"MF,FW",Chelsea,21-362,1999,15,736,882,83.4,13294,3607,352,385,91.4,263,303,86.8,98,143,68.5,3,2.7,0.3,38,73,19,4,77,Matches
294,Lucas Moura,br BRA,"FW,MF",Tottenham,28-146,1992,5.1,136,189,72,1962,510,85,104,81.7,39,50,78,8,19,42.1,0,0.2,-0.2,2,4,3,1,13,Matches
295,Lys Mousset,fr FRA,FW,Sheffield Utd,24-333,1996,2.3,29,36,80.6,463,80,16,22,72.7,11,12,91.7,1,1,100,0,0.3,-0.3,3,4,0,0,2,Matches
296,João Moutinho,pt POR,MF,Wolves,34-120,1986,11.9,602,713,84.4,12431,3188,205,224,91.5,279,305,91.5,109,164,66.5,0,1.2,-1.2,18,48,9,2,51,Matches
297,Jacob Murphy,eng ENG,"DF,FW",Newcastle Utd,25-317,1995,7.2,134,210,63.8,2251,954,63,78,80.8,51,71,71.8,15,44,34.1,1,0.5,0.5,7,9,15,3,18,Matches
298,Shkodran Mustafi,de GER,DF,Arsenal,28-264,1992,0.5,41,48,85.4,1100,210,2,2,100,31,34,91.2,8,12,66.7,0,0,0,0,2,0,0,4,Matches
299,Marvelous Nakamba,zw ZIM,MF,Aston Villa,26-353,1994,1.2,30,34,88.2,510,110,16,17,94.1,10,12,83.3,3,4,75,0,0,0,1,2,0,0,1,Matches
300,Wilfred Ndidi,ng NGA,"MF,DF",Leicester City,24-021,1996,7.1,396,439,90.2,7727,1805,152,165,92.1,164,176,93.2,66,80,82.5,0,0.1,-0.1,2,22,0,0,12,Matches
301,Tanguy Ndombele,fr FRA,MF,Tottenham,24-009,1996,8.9,326,404,80.7,4950,1271,182,212,85.8,102,128,79.7,23,33,69.7,1,1.2,-0.2,9,37,6,0,29,Matches
302,Reiss Nelson,eng ENG,FW,Arsenal,21-027,1999,0.8,17,30,56.7,319,94,9,9,100,6,9,66.7,2,9,22.2,0,0,0,0,2,1,0,2,Matches
303,Pedro Neto,pt POR,"FW,MF",Wolves,20-303,2000,15,519,649,80,8131,1532,289,316,91.5,174,210,82.9,38,83,45.8,3,2.6,0.4,27,21,19,12,26,Matches
304,Rúben Neves,pt POR,MF,Wolves,23-299,1997,12.8,735,867,84.8,17912,3893,171,200,85.5,356,391,91,203,258,78.7,0,0.8,-0.8,16,88,11,2,58,Matches
305,Eddie Nketiah,eng ENG,FW,Arsenal,21-221,1999,3.5,52,66,78.8,667,64,38,47,80.9,12,16,75,1,1,100,1,0.6,0.4,3,0,1,0,1,Matches
306,Niels Nkounkou,fr FRA,DF,Everton,20-066,2000,0.8,24,29,82.8,441,89,13,13,100,7,9,77.8,4,6,66.7,0,0,0,0,2,0,0,1,Matches
307,Dan Nlundulu,eng ENG,FW,Southampton,21-336,1999,0.4,10,12,83.3,199,41,3,4,75,7,8,87.5,0,0,,0,0,0,0,2,0,0,1,Matches
308,Mark Noble,eng ENG,MF,West Ham,33-243,1987,2.5,119,139,85.6,2360,552,43,48,89.6,56,63,88.9,17,20,85,0,0.1,-0.1,2,13,2,1,8,Matches
309,Oliver Norwood,nir NIR,MF,Sheffield Utd,29-269,1991,6.3,351,442,79.4,8230,2160,100,112,89.3,160,183,87.4,89,144,61.8,0,0.6,-0.6,10,44,7,2,41,Matches
310,Jack O'Connell,eng ENG,DF,Sheffield Utd,26-283,1994,2,60,77,77.9,1225,531,23,24,95.8,24,30,80,12,20,60,0,0,0,0,4,2,0,6,Matches
311,Dara O'Shea,ie IRL,DF,West Brom,21-308,1999,11.1,297,429,69.2,6259,2991,124,143,86.7,110,153,71.9,58,118,49.2,0,0.1,-0.1,4,35,0,0,29,Matches
312,Michael Obafemi,ie IRL,FW,Southampton,20-184,2000,0.2,3,3,100,22,12,3,3,100,0,0,,0,0,,0,0,0,0,0,0,0,0,Matches
313,Denis Odoi,be BEL,DF,Fulham,32-224,1988,3,153,185,82.7,3165,1036,54,60,90,72,82,87.8,25,36,69.4,0,0.1,-0.1,1,11,2,1,10,Matches
314,Angelo Ogbonna,it ITA,DF,West Ham,32-228,1988,16.7,464,559,83,10439,2714,103,119,86.6,259,292,88.7,94,135,69.6,0,1,-1,3,16,0,0,20,Matches
315,Robin Olsen,se SWE,GK,Everton,30-364,1990,2,36,52,69.2,1355,911,2,2,100,16,16,100,18,34,52.9,0,0,0,0,1,0,0,0,Matches
316,Josh Onomah,eng ENG,MF,Fulham,23-254,1997,1.5,38,46,82.6,540,103,19,24,79.2,16,17,94.1,0,2,0,0,0,0,0,3,2,0,3,Matches
317,Divock Origi,be BEL,FW,Liverpool,25-263,1995,0.1,2,3,66.7,36,3,0,0,,2,2,100,0,0,,0,0,0,0,0,0,0,0,Matches
318,Ben Osborn,eng ENG,"MF,DF",Sheffield Utd,26-154,1994,7.5,283,367,77.1,4636,1894,152,172,88.4,97,117,82.9,27,61,44.3,0,1,-1,8,27,7,3,26,Matches
319,Owen Otasowie,us USA,MF,Wolves,19-261,2001,1.3,35,47,74.5,566,88,17,24,70.8,14,18,77.8,3,4,75,1,0.1,0.9,2,0,0,0,1,Matches
320,Alex Oxlade-Chamberlain,eng ENG,"MF,FW",Liverpool,27-144,1993,0.9,33,50,66,691,147,10,17,58.8,19,23,82.6,4,6,66.7,1,0.2,0.8,2,3,1,0,6,Matches
321,Emerson Palmieri,it ITA,DF,Chelsea,26-156,1994,1,51,63,81,927,203,27,28,96.4,15,19,78.9,8,11,72.7,0,0,0,0,1,1,1,0,Matches
322,Thomas Partey,gh GHA,MF,Arsenal,27-207,1993,3.1,162,186,87.1,3264,778,54,58,93.1,80,88,90.9,24,32,75,0,0.1,-0.1,1,22,3,0,24,Matches
323,Rui Patrício,pt POR,GK,Wolves,32-326,1988,17,243,367,66.2,9053,5973,43,43,100,61,62,98.4,139,262,53.1,0,0,0,0,1,0,0,0,Matches
324,Bailey Peacock-Farrell,nir NIR,GK,Burnley,24-069,1996,1,14,32,43.8,798,717,0,0,,3,3,100,11,28,39.3,0,0,0,0,0,0,0,0,Matches
325,Lee Peltier,eng ENG,DF,West Brom,34-026,1986,1,16,24,66.7,301,95,7,7,100,7,11,63.6,2,5,40,0,0,0,1,2,0,0,0,Matches
326,Nicolas Pépé,ci CIV,"FW,MF",Arsenal,25-222,1995,5.1,99,148,66.9,1529,309,57,72,79.2,33,41,80.5,7,22,31.8,0,0.3,-0.3,2,5,4,1,8,Matches
327,Matheus Pereira,br BRA,"MF,FW",West Brom,24-246,1996,10.2,292,400,73,5202,1810,147,172,85.5,87,110,79.1,47,93,50.5,3,1.8,1.2,25,27,17,3,40,Matches
328,Ayoze Pérez,es ESP,"MF,FW",Leicester City,27-167,1993,6,160,206,77.7,2260,765,103,117,88,45,58,77.6,8,17,47.1,0,0.7,-0.7,11,11,14,2,29,Matches
329,Kalvin Phillips,eng ENG,MF,Leeds United,25-035,1995,13.5,703,852,82.5,16664,4194,186,203,91.6,321,350,91.7,187,273,68.5,2,1.5,0.5,15,91,11,2,66,Matches
330,Matt Phillips,sco SCO,"MF,DF",West Brom,29-299,1991,7.2,171,250,68.4,2870,985,87,106,82.1,58,83,69.9,19,43,44.2,1,0.8,0.2,12,11,7,5,16,Matches
331,Nathaniel Phillips,eng ENG,DF,Liverpool,23-291,1997,3,190,225,84.4,4257,1296,44,50,88,110,117,94,34,54,63,0,0,0,1,19,0,0,14,Matches
332,Jordan Pickford,eng ENG,GK,Everton,26-305,1994,14,324,511,63.4,10987,7865,79,81,97.5,109,110,99.1,133,315,42.2,0,0,0,1,13,0,0,0,Matches
333,Erik Pieters,nl NED,"DF,MF",Burnley,32-152,1988,4,95,132,72,1605,611,44,53,83,34,46,73.9,11,23,47.8,0,0,0,1,6,0,0,6,Matches
334,Daniel Podence,pt POR,"FW,MF",Wolves,25-077,1995,12.4,323,428,75.5,5887,1532,163,190,85.8,109,143,76.2,44,68,64.7,2,0.9,1.1,14,34,11,1,47,Matches
335,Paul Pogba,fr FRA,"MF,FW",Manchester Utd,27-297,1993,9.6,478,587,81.4,8813,2297,228,261,87.4,173,191,90.6,64,105,61,0,0.7,-0.7,8,50,10,0,55,Matches
336,Nick Pope,eng ENG,GK,Burnley,28-262,1992,14,225,446,50.4,10216,8027,15,15,100,49,52,94.2,161,378,42.6,0,0.2,-0.2,1,17,1,0,0,Matches
337,Dennis Praet,be BEL,"MF,FW",Leicester City,26-237,1994,7.3,215,272,79,3376,766,116,131,88.5,78,100,78,14,28,50,1,0.8,0.2,7,9,7,2,18,Matches
338,Davy Pröpper,nl NED,MF,Brighton,29-126,1991,1.2,49,60,81.7,880,234,20,23,87,23,28,82.1,5,6,83.3,0,0,0,0,5,2,1,9,Matches
339,Christian Pulisic,us USA,"FW,MF",Chelsea,22-110,1998,7.7,198,257,77,3166,897,110,129,85.3,69,95,72.6,14,20,70,0,1,-1,8,12,19,1,31,Matches
340,Aaron Ramsdale,eng ENG,GK,Sheffield Utd,22-237,1998,17,234,512,45.7,11106,9032,24,24,100,59,60,98.3,151,427,35.4,0,0.1,-0.1,1,29,0,0,0,Matches
341,Jacob Ramsey,eng ENG,"MF,FW",Aston Villa,19-223,2001,1.4,27,36,75,361,87,18,21,85.7,8,9,88.9,0,1,0,0,0,0,1,1,0,0,3,Matches
342,Darren Randolph,ie IRL,GK,West Ham,33-239,1987,1,13,22,59.1,496,411,3,3,100,3,3,100,7,16,43.8,0,0,0,0,0,0,0,0,Matches
343,Marcus Rashford,eng ENG,FW,Manchester Utd,23-067,1997,15.1,400,499,80.2,6219,1197,219,256,85.5,143,173,82.7,26,41,63.4,4,1.6,2.4,19,10,22,1,37,Matches
344,Tim Ream,us USA,DF,Fulham,33-093,1987,5,267,292,91.4,5879,1834,74,76,97.4,139,146,95.2,53,67,79.1,0,0,0,0,15,0,0,13,Matches
345,Nathan Redmond,eng ENG,MF,Southampton,26-306,1994,4.5,150,192,78.1,2457,612,80,90,88.9,51,69,73.9,15,21,71.4,0,0.1,-0.1,1,9,12,1,24,Matches
346,Harrison Reed,eng ENG,MF,Fulham,25-345,1995,7.9,425,480,88.5,7571,1990,173,183,94.5,206,227,90.7,37,57,64.9,1,0.6,0.4,8,38,1,0,27,Matches
347,Sergio Reguilón,es ESP,DF,Tottenham,24-021,1996,9.8,384,510,75.3,6676,2334,188,218,86.2,162,202,80.2,27,70,38.6,2,0.8,1.2,6,18,7,3,28,Matches
348,Bobby Reid,jm JAM,"DF,FW",Fulham,27-339,1993,10.3,229,329,69.6,3695,1156,121,146,82.9,77,109,70.6,20,53,37.7,0,0.1,-0.1,2,12,9,1,22,Matches
349,Declan Rice,eng ENG,MF,West Ham,21-358,1999,17,701,818,85.7,13785,3249,279,313,89.1,299,333,89.8,115,150,76.7,1,1.2,-0.2,11,69,14,6,61,Matches
350,Richarlison,br BRA,FW,Everton,23-241,1997,11.1,239,329,72.6,3643,777,144,175,82.3,76,100,76,15,25,60,3,1.9,1.1,10,8,6,1,14,Matches
351,Jaïro Riedewald,nl NED,MF,Crystal Palace,24-119,1996,6.7,192,217,88.5,3612,935,76,79,96.2,87,99,87.9,26,34,76.5,0,0.3,-0.3,6,17,4,0,19,Matches
352,Matt Ritchie,sco SCO,"DF,MF",Newcastle Utd,31-118,1989,5.7,154,249,61.8,3036,1359,64,79,81,58,84,69,30,76,39.5,0,0.7,-0.7,11,10,6,5,15,Matches
353,Tyler Roberts,wal WAL,"MF,FW",Leeds United,21-360,1999,2.7,53,79,67.1,872,177,27,37,73,19,26,73.1,5,9,55.6,0,0.3,-0.3,2,2,5,0,10,Matches
354,Andrew Robertson,sco SCO,DF,Liverpool,26-301,1994,17,1218,1537,79.2,23012,7439,495,565,87.6,575,670,85.8,136,256,53.1,5,3.2,1.8,32,86,34,14,129,Matches
355,Antonee Robinson,us USA,DF,Fulham,23-151,1997,12,498,683,72.9,8897,3750,232,265,87.5,208,262,79.4,55,129,42.6,0,1,-1,16,18,23,14,42,Matches
356,Callum Robinson,ie IRL,"FW,MF",West Brom,25-339,1995,9.4,187,272,68.8,2858,479,101,126,80.2,57,79,72.2,18,36,50,0,0.6,-0.6,10,6,7,6,5,Matches
357,Jack Robinson,eng ENG,DF,Sheffield Utd,27-127,1993,6.7,251,321,78.2,4971,1727,99,111,89.2,104,126,82.5,44,74,59.5,0,0,0,0,21,1,0,17,Matches
358,Hal Robson-Kanu,wal WAL,"FW,MF",West Brom,31-230,1989,1.6,12,18,66.7,230,63,4,7,57.1,5,6,83.3,2,4,50,0,0,0,1,2,1,0,3,Matches
359,Marek Rodák,sk SVK,GK,Fulham,24-024,1996,1,19,26,73.1,596,359,3,3,100,8,8,100,8,15,53.3,0,0,0,0,0,0,0,0,Matches
360,Joe Rodon,wal WAL,DF,Tottenham,23-076,1997,1.1,43,53,81.1,973,181,11,12,91.7,24,27,88.9,8,13,61.5,0,0,0,0,2,0,0,2,Matches
361,Rodri,es ESP,MF,Manchester City,24-198,1996,14.1,1128,1235,91.3,23193,4942,398,423,94.1,504,541,93.2,210,241,87.1,0,0.3,-0.3,9,114,9,1,81,Matches
362,Rodrigo,es ESP,MF,Leeds United,29-306,1991,9.1,302,399,75.7,5390,1314,142,170,83.5,117,146,80.1,36,58,62.1,0,1.5,-1.5,18,31,14,3,43,Matches
363,James Rodríguez,co COL,"FW,MF",Everton,29-178,1991,9.6,424,545,77.8,9298,2852,173,200,86.5,130,161,80.7,111,161,68.9,3,3.1,-0.1,27,53,23,3,75,Matches
364,Jay Rodriguez,eng ENG,"FW,MF",Burnley,31-161,1989,6.2,99,127,78,1155,274,66,82,80.5,22,29,75.9,2,4,50,0,0.5,-0.5,4,5,3,0,10,Matches
365,Oriol Romeu,es ESP,MF,Southampton,29-104,1991,14.5,784,944,83.1,13447,2669,378,434,87.1,323,365,88.5,68,113,60.2,1,1.1,-0.1,13,48,9,1,60,Matches
366,Antonio Rüdiger,de GER,DF,Chelsea,27-309,1993,2,156,175,89.1,3375,757,37,38,97.4,88,93,94.6,29,40,72.5,0,0,0,0,4,0,0,3,Matches
367,Mathew Ryan,au AUS,GK,Brighton,28-273,1992,11,314,399,78.7,8454,4146,62,62,100,160,160,100,92,177,52,0,0,0,0,1,0,0,0,Matches
368,Allan Saint-Maximin,fr FRA,"FW,MF",Newcastle Utd,23-300,1997,6.5,130,159,81.8,2129,427,64,73,87.7,54,62,87.1,10,16,62.5,1,1.2,-0.2,7,10,3,1,15,Matches
369,Romain Saïss,ma MAR,DF,Wolves,30-286,1990,11.7,489,592,82.6,10454,4115,150,160,93.8,245,282,86.9,89,136,65.4,0,0.1,-0.1,1,36,2,1,43,Matches
370,Bukayo Saka,eng ENG,"FW,DF",Arsenal,19-123,2001,13.7,390,541,72.1,6214,1631,207,252,82.1,146,182,80.2,27,74,36.5,1,1.7,-0.7,15,29,12,4,35,Matches
371,Mamadou Sakho,fr FRA,DF,Crystal Palace,30-328,1990,3.1,72,82,87.8,1518,639,22,26,84.6,33,33,100,16,22,72.7,0,0,0,0,2,0,0,3,Matches
372,Mohamed Salah,eg EGY,FW,Liverpool,28-205,1992,15,489,588,83.2,7493,1669,289,317,91.2,150,175,85.7,34,57,59.6,3,2.8,0.2,26,34,29,4,62,Matches
373,Davinson Sánchez,co COL,DF,Tottenham,24-208,1996,5,254,295,86.1,5768,1438,61,69,88.4,139,153,90.8,52,65,80,0,0,0,0,4,0,0,10,Matches
374,Robert Sánchez,es ESP,GK,Brighton,23-049,1997,6,165,233,70.8,5098,2710,24,24,100,80,81,98.8,61,127,48,0,0,0,0,4,0,0,0,Matches
375,Romaine Sawyers,kn SKN,MF,West Brom,29-065,1991,12.7,478,561,85.2,9247,2360,193,216,89.4,207,234,88.5,70,92,76.1,0,0.4,-0.4,4,40,4,2,33,Matches
376,Fabian Schär,ch SUI,DF,Newcastle Utd,29-017,1991,7.6,256,326,78.5,6300,2691,69,74,93.2,117,130,90,69,118,58.5,0,0,0,1,22,4,0,15,Matches
377,Jeffrey Schlupp,gh GHA,MF,Crystal Palace,28-014,1992,10.8,198,285,69.5,3034,807,106,137,77.4,73,103,70.9,11,20,55,1,0.9,0.1,11,19,6,1,23,Matches
378,Kasper Schmeichel,dk DEN,GK,Leicester City,34-062,1986,17,395,554,71.3,12734,7207,50,51,98,167,167,100,177,335,52.8,0,0,0,0,3,0,0,0,Matches
379,Nélson Semedo,pt POR,DF,Wolves,27-051,1993,13.7,641,798,80.3,10355,3107,385,425,90.6,190,233,81.5,59,105,56.2,1,0.5,0.5,8,37,11,6,40,Matches
380,Jamie Shackleton,eng ENG,"MF,DF",Leeds United,21-090,1999,3.4,116,135,85.9,1855,444,60,68,88.2,47,52,90.4,6,8,75,0,0.3,-0.3,2,6,1,1,5,Matches
381,Xherdan Shaqiri,ch SUI,"MF,FW",Liverpool,29-088,1991,1,43,56,76.8,638,137,25,28,89.3,15,20,75,2,5,40,1,0.6,0.4,3,1,2,1,2,Matches
382,Billy Sharp,eng ENG,"FW,MF",Sheffield Utd,34-336,1986,2.1,25,35,71.4,324,41,14,19,73.7,8,10,80,0,0,,0,0,0,0,0,1,0,1,Matches
383,Luke Shaw,eng ENG,DF,Manchester Utd,25-178,1995,10.9,542,680,79.7,8443,3713,306,332,92.2,189,241,78.4,33,74,44.6,1,1.6,-0.6,20,33,10,2,59,Matches
384,Jonjo Shelvey,eng ENG,MF,Newcastle Utd,28-314,1992,8.1,336,469,71.6,8507,2268,89,112,79.5,153,184,83.2,90,162,55.6,0,0.7,-0.7,12,45,11,2,35,Matches
385,Gylfi Sigurðsson,is ISL,MF,Everton,31-120,1989,9.2,318,410,77.6,5813,1436,139,166,83.7,129,145,89,42,80,52.5,2,1.7,0.3,20,20,7,2,24,Matches
386,Bernardo Silva,pt POR,"FW,MF",Manchester City,26-149,1994,7.2,392,446,87.9,6848,1202,181,200,90.5,166,180,92.2,38,48,79.2,0,0.6,-0.6,7,28,11,0,26,Matches
387,Fábio Silva,pt POR,FW,Wolves,18-171,2002,5.9,89,118,75.4,1245,176,56,65,86.2,24,31,77.4,5,11,45.5,0,0.3,-0.3,5,3,3,0,6,Matches
388,Thiago Silva,br BRA,DF,Chelsea,36-106,1984,11.8,920,989,93,21031,6290,208,222,93.7,524,543,96.5,186,218,85.3,0,0.1,-0.1,2,59,2,0,43,Matches
389,Moussa Sissoko,fr FRA,MF,Tottenham,31-143,1989,11.8,411,480,85.6,7569,1555,165,191,86.4,189,207,91.3,49,70,70,0,0.1,-0.1,2,31,3,0,22,Matches
390,Islam Slimani,dz ALG,FW,Leicester City,32-202,1988,0.2,8,11,72.7,108,16,5,6,83.3,3,5,60,0,0,,0,0,0,1,0,0,0,1,Matches
391,William Smallbone,ie IRL,MF,Southampton,20-320,2000,1.2,38,47,80.9,706,106,16,17,94.1,18,20,90,4,9,44.4,0,0,0,0,2,0,0,1,Matches
392,Emile Smith-Rowe,eng ENG,MF,Arsenal,20-162,2000,2.5,81,102,79.4,1195,230,45,52,86.5,29,34,85.3,3,5,60,2,1,1,5,1,1,0,4,Matches
393,Robert Snodgrass,sco SCO,"FW,DF",West Ham,33-121,1987,0.1,3,3,100,35,13,3,3,100,0,0,,0,0,,0,0,0,0,0,0,0,0,Matches
394,Cédric Soares,pt POR,MF,Arsenal,29-128,1991,0.1,0,0,,0,0,0,0,,0,0,,0,0,,0,0,0,0,0,0,0,0,Matches
395,Tomáš Sou?ek,cz CZE,MF,West Ham,25-314,1995,17,444,602,73.8,8470,2195,186,251,74.1,177,239,74.1,75,92,81.5,0,0.5,-0.5,6,40,4,0,50,Matches
396,Ça?lar Söyüncü,tr TUR,DF,Leicester City,24-228,1996,4.1,235,267,88,4670,1637,82,92,89.1,118,127,92.9,32,45,71.1,0,0.1,-0.1,1,17,0,0,14,Matches
397,Zack Steffen,us USA,GK,Manchester City,25-279,1995,1,23,28,82.1,512,236,8,8,100,8,8,100,7,12,58.3,0,0,0,0,0,0,0,0,Matches
398,Dale Stephens,eng ENG,MF,Burnley,31-208,1989,2.6,93,112,83,1710,475,41,46,89.1,35,41,85.4,15,20,75,0,0,0,0,7,3,0,12,Matches
399,Jack Stephens,eng ENG,DF,Southampton,26-345,1994,6.5,349,447,78.1,7418,2627,94,112,83.9,199,229,86.9,52,96,54.2,0,0.3,-0.3,4,27,5,0,22,Matches
400,Raheem Sterling,eng ENG,FW,Manchester City,26-029,1994,13.1,406,486,83.5,5367,1061,258,292,88.4,125,141,88.7,8,15,53.3,3,1.9,1.1,16,25,9,2,28,Matches
401,Enda Stevens,ie IRL,DF,Sheffield Utd,30-181,1990,14,541,691,78.3,9507,4068,262,285,91.9,217,272,79.8,55,115,47.8,0,0.3,-0.3,4,44,14,1,59,Matches
402,John Stones,eng ENG,DF,Manchester City,26-223,1994,7,579,614,94.3,11512,2970,197,204,96.6,299,310,96.5,77,89,86.5,0,0.1,-0.1,1,33,0,0,20,Matches
403,Pascal Struijk,nl NED,"DF,MF",Leeds United,21-148,1999,6.3,389,431,90.3,8701,2400,99,108,91.7,213,223,95.5,75,94,79.8,0,0.1,-0.1,1,19,1,0,16,Matches
404,Matt Targett,eng ENG,DF,Aston Villa,25-110,1995,15,621,819,75.8,11180,5370,287,332,86.4,247,318,77.7,69,132,52.3,0,0.7,-0.7,15,56,24,3,96,Matches
405,James Tarkowski,eng ENG,DF,Burnley,28-048,1992,13,273,394,69.3,6713,2081,75,102,73.5,118,153,77.1,78,128,60.9,0,0.2,-0.2,3,17,1,0,19,Matches
406,Charlie Taylor,eng ENG,DF,Burnley,27-110,1993,14.1,470,677,69.4,8790,3731,223,261,85.4,181,247,73.3,63,145,43.4,1,0.7,0.3,8,42,11,8,34,Matches
407,Nathan Tella,eng ENG,"FW,MF",Southampton,21-185,1999,1.8,21,28,75,289,40,10,12,83.3,8,11,72.7,1,3,33.3,0,0,0,0,2,0,0,0,Matches
408,Alex Telles,br BRA,DF,Manchester Utd,28-022,1992,4.8,301,379,79.4,4997,2137,158,167,94.6,111,133,83.5,25,68,36.8,1,0.6,0.4,8,26,9,1,34,Matches
409,Kenny Tete,nl NED,DF,Fulham,25-089,1995,1.4,57,71,80.3,1019,517,26,30,86.7,24,29,82.8,7,9,77.8,1,0.5,0.5,4,0,7,6,5,Matches
410,Luke Thomas,eng ENG,DF,Leicester City,,,3,77,116,66.4,1071,363,49,64,76.6,24,35,68.6,2,12,16.7,0,0,0,1,4,1,1,5,Matches
411,Youri Tielemans,be BEL,MF,Leicester City,23-244,1997,16.4,896,1112,80.6,17695,4388,342,379,90.2,396,456,86.8,144,246,58.5,0,0.2,-0.2,5,98,17,1,76,Matches
412,Kieran Tierney,sco SCO,DF,Arsenal,23-215,1997,15.9,762,996,76.5,14315,4112,295,337,87.5,372,439,84.7,88,191,46.1,1,2.6,-1.6,23,38,21,7,73,Matches
413,James Tomkins,eng ENG,DF,Crystal Palace,31-283,1989,2.3,53,70,75.7,1350,580,10,11,90.9,29,32,90.6,14,26,53.8,0,0,0,0,7,0,0,2,Matches
414,Fikayo Tomori,eng ENG,DF,Chelsea,23-018,1997,0.5,27,29,93.1,574,161,6,6,100,17,18,94.4,4,5,80,0,0,0,0,0,0,0,0,Matches
415,Ferrán Torres,es ESP,FW,Manchester City,20-312,2000,6.3,129,157,82.2,2103,520,71,80,88.8,48,58,82.8,8,14,57.1,1,0.5,0.5,4,10,9,1,17,Matches
416,Cenk Tosun,tr TUR,FW,Everton,29-213,1991,0.5,8,10,80,151,14,4,4,100,3,3,100,1,2,50,0,0.1,-0.1,1,0,0,0,0,Matches
417,Andros Townsend,eng ENG,MF,Crystal Palace,29-174,1991,12.4,296,447,66.2,5365,2009,142,172,82.6,100,131,76.3,44,109,40.4,3,2,1,20,19,24,9,41,Matches
418,Conor Townsend,eng ENG,DF,West Brom,27-308,1993,7.8,348,450,77.3,6248,2582,157,176,89.2,162,196,82.7,28,68,41.2,0,0.2,-0.2,4,25,7,3,51,Matches
419,Adama Traoré,es ESP,"FW,DF",Wolves,24-347,1996,11.5,228,368,62,3688,1150,128,171,74.9,71,124,57.3,22,40,55,0,2.3,-2.3,24,17,12,9,21,Matches
420,Bertrand Traoré,bf BFA,"FW,MF",Aston Villa,25-122,1995,6.8,195,274,71.2,3790,966,86,104,82.7,69,86,80.2,36,72,50,2,1,1,10,10,6,2,15,Matches
421,Trézéguet,eg EGY,FW,Aston Villa,26-097,1994,8,134,200,67,2219,784,62,82,75.6,51,73,69.9,13,28,46.4,1,1.9,-0.9,8,13,6,3,18,Matches
422,Leandro Trossard,be BEL,"FW,MF",Brighton,26-033,1994,11.4,321,449,71.5,6761,1773,131,173,75.7,125,152,82.2,61,99,61.6,3,2.5,0.5,24,32,24,8,43,Matches
423,Axel Tuanzebe,eng ENG,DF,Manchester Utd,23-053,1997,0.6,22,26,84.6,373,71,11,12,91.7,9,10,90,2,4,50,0,0,0,0,0,0,0,0,Matches
424,Cengiz Ünder,tr TUR,"MF,FW",Leicester City,23-176,1997,2.3,65,90,72.2,1048,300,37,42,88.1,21,29,72.4,6,11,54.5,2,1.7,0.3,4,3,7,3,5,Matches
425,Yan Valery,fr FRA,MF,Southampton,21-319,1999,0.1,3,4,75,44,0,2,2,100,1,1,100,0,0,,0,0,0,0,0,0,0,0,Matches
426,Jamie Vardy,eng ENG,FW,Leicester City,33-361,1987,14.5,124,200,62,1761,286,81,111,73,32,53,60.4,7,14,50,5,2.1,2.9,14,6,5,0,12,Matches
427,Joël Veltman,nl NED,DF,Brighton,28-357,1992,9.6,464,606,76.6,9373,3373,174,202,86.1,216,269,80.3,71,124,57.3,0,0.3,-0.3,6,40,12,3,47,Matches
428,Jannik Vestergaard,dk DEN,DF,Southampton,28-156,1992,12.5,694,823,84.3,14395,4971,231,249,92.8,363,415,87.5,95,145,65.5,0,0.4,-0.4,3,55,5,0,32,Matches
429,Rúben Vinagre,pt POR,DF,Wolves,21-272,1999,1.9,82,98,83.7,1310,324,44,48,91.7,31,40,77.5,7,9,77.8,0,0,0,0,2,1,1,2,Matches
430,Carlos Vinícius,br BRA,FW,Tottenham,25-287,1995,0.2,4,4,100,61,7,2,2,100,2,2,100,0,0,,0,0,0,1,0,0,0,0,Matches
431,Vitinha,pt POR,MF,Wolves,20-328,2000,1.9,108,122,88.5,1720,160,53,61,86.9,40,40,100,11,16,68.8,1,0.2,0.8,3,7,0,0,2,Matches
432,Mat?j Vydra,cz CZE,FW,Burnley,28-250,1992,1.9,25,32,78.1,299,56,18,20,90,5,6,83.3,1,2,50,0,0.4,-0.4,2,0,2,1,1,Matches
433,Theo Walcott,eng ENG,"MF,FW",Southampton,31-296,1989,11.2,186,261,71.3,2537,478,118,139,84.9,53,81,65.4,6,20,30,2,0.7,1.3,9,13,6,1,16,Matches
434,Theo Walcott,eng ENG,FW,Everton,31-296,1989,0.1,1,1,100,18,10,0,0,,1,1,100,0,0,,0,0,0,0,0,0,0,0,Matches
435,Kyle Walker,eng ENG,DF,Manchester City,30-223,1990,11,778,892,87.2,15521,4288,286,316,90.5,375,409,91.7,109,146,74.7,1,0.3,0.7,5,81,5,0,55,Matches
436,Kyle Walker-Peters,eng ENG,DF,Southampton,23-268,1997,17,822,1010,81.4,13878,4398,404,439,92,317,381,83.2,81,134,60.4,1,0.3,0.7,9,32,8,0,48,Matches
437,Aaron Wan-Bissaka,eng ENG,DF,Manchester Utd,23-041,1997,14,635,751,84.6,9244,3520,373,407,91.6,238,273,87.2,17,39,43.6,1,0.4,0.6,6,29,7,3,50,Matches
438,Joel Ward,eng ENG,DF,Crystal Palace,31-069,1989,8,227,331,68.6,3623,1787,117,139,84.2,82,119,68.9,19,53,35.8,1,0.3,0.7,3,20,3,2,20,Matches
439,James Ward-Prowse,eng ENG,MF,Southampton,26-066,1994,17,1004,1214,82.7,18124,4641,433,479,90.4,433,468,92.5,114,231,49.4,4,1.6,2.4,24,79,9,0,74,Matches
440,Ollie Watkins,eng ENG,FW,Aston Villa,25-007,1995,15,228,323,70.6,3163,569,142,186,76.3,67,91,73.6,7,15,46.7,2,1.6,0.4,18,16,11,2,16,Matches
441,Adam Webster,eng ENG,DF,Brighton,26-002,1995,16,916,1106,82.8,20145,6725,246,287,85.7,499,552,90.4,165,243,67.9,0,0.2,-0.2,5,86,5,1,71,Matches
442,Danny Welbeck,eng ENG,FW,Brighton,30-041,1990,6.9,68,89,76.4,941,229,46,60,76.7,15,17,88.2,6,7,85.7,0,0.6,-0.6,7,5,1,0,9,Matches
443,Timo Werner,de GER,FW,Chelsea,24-306,1996,15.1,383,490,78.2,5785,1279,206,248,83.1,151,172,87.8,14,31,45.2,4,2.3,1.7,12,24,12,4,40,Matches
444,Ashley Westwood,eng ENG,MF,Burnley,30-280,1990,15,625,855,73.1,12847,4067,224,257,87.2,258,309,83.5,122,255,47.8,1,2.5,-1.5,22,60,28,4,70,Matches
445,Ben White,eng ENG,"DF,MF",Brighton,23-090,1997,15.5,657,804,81.7,13483,3964,218,246,88.6,343,381,90,89,160,55.6,0,0.2,-0.2,5,48,13,1,48,Matches
446,Georginio Wijnaldum,nl NED,MF,Liverpool,30-056,1990,15,749,803,93.3,13149,2523,359,380,94.5,301,320,94.1,76,82,92.7,0,1,-1,11,68,13,1,41,Matches
447,Brandon Williams,eng ENG,DF,Manchester Utd,20-125,2000,0.1,6,7,85.7,115,9,3,3,100,1,2,50,2,2,100,0,0,0,0,1,0,0,0,Matches
448,Neco Williams,wal WAL,DF,Liverpool,19-268,2001,1.9,117,151,77.5,1940,634,59,65,90.8,42,51,82.4,11,23,47.8,0,0.1,-0.1,1,8,0,0,11,Matches
449,Rhys Williams,eng ENG,DF,Liverpool,19-338,2001,1.3,89,101,88.1,2001,614,22,28,78.6,44,47,93.6,23,26,88.5,0,0.2,-0.2,1,7,1,0,5,Matches
450,Willian,br BRA,"FW,MF",Arsenal,32-150,1988,10,389,502,77.5,7103,1339,180,206,87.4,162,197,82.2,45,90,50,3,1.3,1.7,14,22,18,6,32,Matches
451,Joe Willock,eng ENG,MF,Arsenal,21-139,1999,2.6,69,91,75.8,1078,279,35,42,83.3,28,34,82.4,3,9,33.3,0,0,0,2,9,4,1,6,Matches
452,Callum Wilson,eng ENG,FW,Newcastle Utd,28-314,1992,13.7,139,209,66.5,1855,370,82,114,71.9,41,57,71.9,4,7,57.1,3,1.2,1.8,10,4,7,0,10,Matches
453,Harry Winks,eng ENG,MF,Tottenham,24-339,1996,5,255,306,83.3,4782,1417,107,117,91.5,110,124,88.7,35,53,66,0,0.1,-0.1,3,37,2,0,25,Matches
454,Chris Wood,nz NZL,FW,Burnley,29-030,1991,14.3,189,276,68.5,2439,331,123,167,73.7,49,71,69,5,10,50,0,0.8,-0.8,12,10,4,0,13,Matches
455,Granit Xhaka,ch SUI,MF,Arsenal,28-101,1992,11.1,684,774,88.4,14013,3169,229,259,88.4,339,360,94.2,109,139,78.4,0,0.1,-0.1,1,106,9,0,73,Matches
456,Andriy Yarmolenko,ua UKR,"FW,MF",West Ham,31-075,1989,2.7,83,109,76.1,1548,432,44,52,84.6,26,37,70.3,12,17,70.6,0,0.8,-0.8,4,9,4,1,9,Matches
457,DeAndre Yedlin,us USA,DF,Newcastle Utd,27-181,1993,3.9,93,142,65.5,1497,677,52,62,83.9,29,45,64.4,10,26,38.5,0,0.1,-0.1,3,5,5,1,11,Matches
458,Wilfried Zaha,ci CIV,FW,Crystal Palace,28-057,1992,14.9,277,370,74.9,4063,879,169,216,78.2,79,96,82.3,17,27,63,2,2,0,14,11,15,2,31,Matches
459,Andre-Frank Zambo Anguissa,cm CMR,MF,Fulham,25-051,1995,13.3,597,698,85.5,10033,2592,280,317,88.3,269,300,89.7,36,56,64.3,2,1.2,0.8,14,77,11,4,55,Matches
460,Andi Zeqiri,ch SUI,"FW,DF",Brighton,21-198,1999,0.7,5,11,45.5,89,34,4,5,80,0,3,0,1,1,100,0,0,0,0,1,1,1,1,Matches
461,Oleksandr Zinchenko,ua UKR,DF,Manchester City,24-022,1996,1.1,65,73,89,1039,316,37,37,100,21,25,84,5,7,71.4,0,0,0,0,1,1,0,7,Matches
462,Hakim Ziyech,ma MAR,FW,Chelsea,27-293,1993,5,222,298,74.5,3880,1169,108,130,83.1,78,95,82.1,29,62,46.8,3,2.1,0.9,13,19,14,4,31,Matches
463,Kurt Zouma,fr FRA,DF,Chelsea,26-071,1994,15,1005,1111,90.5,23055,5820,226,245,92.2,571,603,94.7,203,251,80.9,0,0,0,1,72,2,0,46,Matches
