,,,,,,,,Touches,,,,,,,Dribbles,,,,,Carries,,,Receiving,,,,,
Rk,Player,Nation,Pos,Squad,Age,Born,90s,Touches,Def Pen,Def 3rd,Mid 3rd,Att 3rd,Att Pen,Live,Succ,Att,Succ%,#Pl,Megs,Carries,TotDist,PrgDist,Targ,Rec,Rec%,Miscon,Dispos,Matches
1,Patrick van Aanholt,nl NED,DF,Crystal Palace,30-130,1990,9.2,641,27,170,328,179,21,562,2,8,25,2,0,376,1868,1041,435,403,92.6,4,5,Matches
2,Tammy Abraham,eng ENG,FW,Chelsea,23-096,1997,8.7,278,15,32,127,132,51,271,5,14,35.7,5,1,141,728,260,365,201,55.1,20,6,Matches
3,Che Adams,eng ENG,FW,Southampton,24-177,1996,15,499,12,38,219,262,51,492,11,19,57.9,11,0,312,1570,645,775,388,50.1,42,28,Matches
4,Tosin Adarabioyo,eng ENG,DF,Fulham,23-104,1997,11,584,126,337,237,22,14,566,1,1,100,1,0,305,1001,459,368,353,95.9,0,6,Matches
5,Adrián,es ESP,GK,Liverpool,34-003,1987,2,69,64,69,0,0,0,52,0,0,,0,0,29,110,65,28,27,96.4,0,0,Matches
6,Sergio Agüero,ar ARG,FW,Manchester City,32-218,1988,1.6,60,0,4,20,37,15,57,0,2,0,1,1,27,156,94,67,47,70.1,3,1,Matches
7,Ola Aina,ng NGA,DF,Fulham,24-090,1996,12,811,45,286,402,170,5,709,4,7,57.1,4,0,436,2250,1303,512,492,96.1,8,6,Matches
8,Rayan Aït Nouri,fr FRA,DF,Wolves,19-214,2001,5.9,357,16,91,159,120,12,318,11,21,52.4,11,2,242,1272,789,249,228,91.6,6,7,Matches
9,Semi Ajayi,ng NGA,DF,West Brom,27-058,1993,16,744,123,394,350,38,10,709,6,9,66.7,6,0,388,2279,1276,407,389,95.6,3,6,Matches
10,Nathan Aké,nl NED,DF,Manchester City,25-323,1995,5.2,492,16,110,362,47,4,472,0,0,,0,0,361,1696,952,396,388,98,1,2,Matches
11,Marc Albrighton,eng ENG,"DF,FW",Leicester City,31-049,1989,7.8,466,22,101,183,210,18,432,17,27,63,17,0,308,1790,993,370,301,81.4,10,14,Matches
12,Thiago Alcántara,es ESP,MF,Liverpool,29-270,1991,2.7,303,4,40,201,78,2,297,6,7,85.7,6,0,211,783,396,235,230,97.9,3,1,Matches
13,Toby Alderweireld,be BEL,DF,Tottenham,31-310,1989,10.9,600,119,352,268,15,5,582,1,1,100,1,0,313,1735,886,383,375,97.9,1,0,Matches
14,Trent Alexander-Arnold,eng ENG,DF,Liverpool,22-091,1998,13.5,1323,24,286,637,462,23,1111,12,24,50,14,2,825,3257,1969,944,887,94,7,5,Matches
15,Ezgjan Alioski,mk MKD,"DF,MF",Leeds United,28-329,1992,10.8,819,30,219,397,272,26,742,8,9,88.9,8,2,495,2926,1998,608,546,89.8,10,8,Matches
16,Alisson,br BRA,GK,Liverpool,28-096,1992,14,470,367,469,1,0,0,363,1,1,100,1,0,225,829,466,226,226,100,0,0,Matches
17,Allan,br BRA,MF,Everton,29-364,1991,11.4,654,32,195,426,84,1,633,17,22,77.3,17,1,426,2717,1641,440,422,95.9,7,13,Matches
18,Dele Alli,eng ENG,"MF,FW",Tottenham,24-270,1996,0.9,55,1,12,30,23,4,53,0,1,0,0,0,29,205,79,48,38,79.2,1,2,Matches
19,Miguel Almirón,py PAR,"MF,FW",Newcastle Utd,26-331,1994,9.4,440,14,95,209,172,21,432,12,18,66.7,12,0,312,2105,1220,370,293,79.2,10,17,Matches
20,Marcos Alonso,es ESP,DF,Chelsea,30-009,1990,2.5,197,11,83,91,43,2,177,1,2,50,1,0,125,767,529,140,125,89.3,2,3,Matches
21,Steven Alzate,co COL,MF,Brighton,22-120,1998,5.8,324,10,68,177,94,9,321,6,8,75,6,0,241,1255,598,269,246,91.4,10,8,Matches
22,Daniel Amartey,gh GHA,DF,Leicester City,26-016,1994,2.9,202,25,102,102,7,1,197,1,1,100,1,0,127,407,208,138,128,92.8,0,1,Matches
23,Ethan Ampadu,wal WAL,"MF,DF",Sheffield Utd,20-114,2000,9.8,513,43,163,275,106,2,490,7,7,100,7,0,281,1767,995,309,293,94.8,10,5,Matches
24,Joachim Andersen,dk DEN,DF,Fulham,24-220,1996,8.7,465,97,282,184,21,3,451,2,2,100,2,0,249,1402,622,268,260,97,0,1,Matches
25,Felipe Anderson,br BRA,"FW,MF",West Ham,27-266,1993,0,7,0,0,5,3,1,7,0,0,,0,0,6,68,50,7,6,85.7,0,0,Matches
26,Michail Antonio,eng ENG,FW,West Ham,30-284,1990,6.4,241,2,4,110,144,41,231,18,27,66.7,19,0,176,1228,778,303,192,63.4,29,20,Matches
27,Alphonse Areola,fr FRA,GK,Fulham,27-314,1993,14,407,364,406,1,0,0,271,0,0,,0,0,150,848,462,122,120,98.4,0,0,Matches
28,Stuart Armstrong,sco SCO,MF,Southampton,28-282,1992,12.5,675,19,103,393,239,29,654,16,38,42.1,16,0,439,3080,1767,579,461,79.6,30,27,Matches
29,Kepa Arrizabalaga,es ESP,GK,Chelsea,26-095,1994,3,117,116,117,0,0,0,90,0,0,,0,0,62,251,135,60,60,100,2,0,Matches
30,Pierre-Emerick Aubameyang,ga GAB,FW,Arsenal,31-202,1989,15,527,13,71,217,275,64,515,5,10,50,6,0,360,2337,1432,715,416,58.2,17,16,Matches
31,Serge Aurier,ci CIV,DF,Tottenham,28-013,1992,7.7,493,44,193,194,125,9,431,5,11,45.5,6,0,252,1038,577,281,254,90.4,4,7,Matches
32,Charlie Austin,eng ENG,FW,West Brom,31-185,1989,1.5,57,5,9,22,28,3,55,2,4,50,2,0,35,168,84,87,39,44.8,6,4,Matches
33,Jordan Ayew,gh GHA,"FW,MF",Crystal Palace,29-117,1991,8.4,322,4,46,173,131,22,311,14,26,53.8,16,0,232,1701,937,450,234,52,21,30,Matches
34,Luke Ayling,eng ENG,DF,Leeds United,29-134,1991,16.8,1461,141,701,676,233,30,1329,20,23,87,20,2,939,7119,4686,1014,968,95.5,12,13,Matches
35,César Azpilicueta,es ESP,DF,Chelsea,31-131,1989,6.6,608,29,218,281,127,7,538,1,3,33.3,1,0,332,1276,748,422,405,96,0,4,Matches
36,Eric Bailly,ci CIV,DF,Manchester Utd,26-269,1994,4.1,240,40,143,107,6,2,236,2,2,100,2,0,138,922,529,138,137,99.3,1,1,Matches
37,Fabián Balbuena,py PAR,DF,West Ham,29-136,1991,12,552,85,290,272,21,9,532,1,1,100,1,0,287,1433,686,304,290,95.4,2,0,Matches
38,George Baldock,eng ENG,DF,Sheffield Utd,27-303,1993,16,805,46,191,257,395,28,677,13,27,48.1,15,0,451,3073,1664,504,438,86.9,14,13,Matches
39,Gareth Bale,wal WAL,FW,Tottenham,31-174,1989,1.8,84,5,15,28,44,8,74,3,6,50,3,0,37,268,93,74,49,66.2,3,2,Matches
40,Patrick Bamford,eng ENG,FW,Leeds United,27-123,1993,16.2,386,20,35,161,198,91,336,9,18,50,12,4,172,983,495,606,245,40.4,23,12,Matches
41,Phil Bardsley,sco SCO,DF,Burnley,35-192,1985,3,192,12,61,99,43,2,156,2,2,100,2,1,87,446,207,99,94,94.9,1,2,Matches
42,Ross Barkley,eng ENG,MF,Chelsea,27-032,1993,0.5,33,0,8,19,8,1,33,4,5,80,4,0,25,157,104,32,24,75,1,0,Matches
43,Ross Barkley,eng ENG,MF,Aston Villa,27-032,1993,5,274,8,38,114,141,29,238,12,15,80,12,0,182,1223,696,189,165,87.3,13,15,Matches
44,Ashley Barnes,eng ENG,FW,Burnley,31-068,1989,8.7,291,7,30,123,152,41,289,1,5,20,2,0,180,697,297,404,213,52.7,25,17,Matches
45,Harvey Barnes,eng ENG,"FW,MF",Leicester City,23-028,1997,13.2,581,11,75,258,322,66,579,15,39,38.5,15,0,435,3891,2696,638,447,70.1,29,29,Matches
46,Kyle Bartley,eng ENG,DF,West Brom,29-229,1991,8.3,388,96,240,146,18,11,377,0,0,,0,0,184,1038,449,208,195,93.8,1,0,Matches
47,Chris Basham,eng ENG,"DF,MF",Sheffield Utd,32-170,1988,15.8,776,89,279,364,185,27,742,9,14,64.3,11,0,407,2590,1714,451,397,88,11,14,Matches
48,Michy Batshuayi,be BEL,FW,Crystal Palace,27-096,1993,4.8,136,6,19,74,50,16,128,3,5,60,3,0,69,438,303,171,90,52.6,9,16,Matches
49,Jan Bednarek,pl POL,DF,Southampton,24-269,1996,16,1205,151,682,580,20,8,1182,2,2,100,2,0,743,4225,2293,800,793,99.1,1,1,Matches
50,Donny van de Beek,nl NED,"MF,FW",Manchester Utd,23-263,1997,2.9,177,5,28,79,78,16,176,2,3,66.7,2,0,102,397,190,175,135,77.1,4,5,Matches
51,Héctor Bellerín,es ESP,DF,Arsenal,25-293,1995,14.2,911,37,261,411,287,28,807,12,24,50,14,2,551,2949,1859,632,572,90.5,11,5,Matches
52,Saïd Benrahma,dz ALG,"MF,FW",West Ham,25-149,1995,4.4,217,2,43,96,103,19,214,17,28,60.7,19,4,174,1269,736,202,144,71.3,17,20,Matches
53,Josh Benson,eng ENG,MF,Burnley,21-032,1999,2.8,109,4,17,52,43,3,105,5,8,62.5,5,1,72,326,128,80,64,80,3,6,Matches
54,Christian Benteke,be BEL,FW,Crystal Palace,30-034,1990,6,242,16,28,104,116,42,237,3,7,42.9,3,0,100,408,229,354,188,53.1,13,12,Matches
55,Jóhann Berg Guðmundsson,is ISL,MF,Burnley,30-071,1990,2.7,111,1,11,66,37,5,110,1,3,33.3,1,0,85,414,175,99,82,82.8,0,3,Matches
56,Sander Berge,no NOR,MF,Sheffield Utd,22-327,1998,11.3,548,29,120,281,206,32,536,18,28,64.3,18,3,371,3450,1911,424,376,88.7,23,15,Matches
57,Steven Bergwijn,nl NED,"FW,MF",Tottenham,23-090,1997,7.6,302,10,57,144,130,18,297,7,18,38.9,7,0,214,1307,656,335,217,64.8,12,12,Matches
58,Bernard,br BRA,"FW,MF",Everton,28-120,1992,3,205,5,24,92,98,11,203,7,12,58.3,7,4,151,962,492,170,146,85.9,6,8,Matches
59,Bernardo,br BRA,"MF,DF",Brighton,25-237,1995,1.3,73,0,15,26,35,4,68,0,2,0,0,0,43,210,89,63,53,84.1,1,4,Matches
60,Ryan Bertrand,eng ENG,DF,Southampton,31-154,1989,15.9,1068,36,261,551,314,22,869,4,6,66.7,4,0,549,2776,1552,687,605,88.1,8,6,Matches
61,Yves Bissouma,ml MLI,MF,Brighton,24-129,1996,15.3,958,44,255,542,228,5,943,26,39,66.7,28,2,682,4729,2128,693,650,93.8,16,16,Matches
62,Jayden Bogle,eng ENG,"DF,MF",Sheffield Utd,20-163,2000,1.4,87,2,17,26,50,3,76,2,5,40,3,0,47,222,120,58,47,81,3,2,Matches
63,Willy Boly,ci CIV,DF,Wolves,29-338,1991,12,679,76,331,355,22,5,668,3,3,100,3,0,397,1648,720,438,425,97,2,3,Matches
64,Jarrod Bowen,eng ENG,"FW,MF",West Ham,24-017,1996,14.3,565,6,82,235,310,69,523,22,33,66.7,22,1,400,3927,1961,542,369,68.1,25,32,Matches
65,Robbie Brady,ie IRL,MF,Burnley,28-358,1992,6.8,286,21,62,132,108,11,275,9,12,75,11,1,176,1162,552,208,163,78.4,7,9,Matches
66,Rhian Brewster,eng ENG,FW,Sheffield Utd,20-280,2000,6.7,181,5,17,67,105,11,175,6,9,66.7,6,0,107,452,235,252,123,48.8,11,13,Matches
67,Josh Brownhill,eng ENG,MF,Burnley,25-018,1995,14,711,35,154,417,170,23,698,8,9,88.9,8,1,352,1381,610,417,367,88,7,8,Matches
68,Joe Bryan,eng ENG,"DF,FW",Fulham,27-111,1993,3.8,245,12,72,106,82,5,206,6,6,100,6,0,117,748,472,147,129,87.8,3,3,Matches
69,Kean Bryan,eng ENG,DF,Sheffield Utd,24-066,1996,1.7,76,8,41,30,9,1,72,1,1,100,1,0,33,146,68,37,33,89.2,0,1,Matches
70,Oliver Burke,sco SCO,FW,Sheffield Utd,23-274,1997,6.8,206,2,20,83,117,33,197,5,7,71.4,5,1,119,944,563,294,134,45.6,24,14,Matches
71,Dan Burn,eng ENG,DF,Brighton,28-242,1992,8.1,572,40,164,313,130,19,526,5,8,62.5,5,0,342,2198,1290,405,377,93.1,4,2,Matches
72,Oskar Buur,dk DEN,DF,Wolves,22-281,1998,0.2,17,0,5,12,0,0,16,0,0,,0,0,11,27,21,14,13,92.9,0,1,Matches
73,Willy Caballero,ar ARG,GK,Chelsea,39-100,1981,1,26,21,26,1,0,0,19,0,0,,0,0,12,77,20,15,15,100,0,0,Matches
74,Gary Cahill,eng ENG,DF,Crystal Palace,35-018,1985,5,264,33,153,117,10,6,255,0,0,,0,0,128,732,386,170,165,97.1,1,1,Matches
75,Tom Cairney,sco SCO,MF,Fulham,29-352,1991,8.4,689,10,103,383,252,13,658,12,18,66.7,12,0,545,2949,1402,610,562,92.1,11,7,Matches
76,Dominic Calvert-Lewin,eng ENG,FW,Everton,23-296,1997,15.6,519,16,36,222,278,84,505,13,23,56.5,13,3,287,1895,741,765,410,53.6,56,24,Matches
77,João Cancelo,pt POR,"DF,MF",Manchester City,26-224,1994,11,1001,33,203,513,346,37,893,21,38,55.3,21,4,675,3539,2184,722,678,93.9,11,16,Matches
78,Ian Carlo Poveda,eng ENG,"MF,DF",Leeds United,20-332,2000,2.6,127,2,27,37,77,18,126,8,12,66.7,8,2,106,933,599,135,91,67.4,8,13,Matches
79,Andy Carroll,eng ENG,FW,Newcastle Utd,32-000,1989,2.4,105,11,14,51,41,15,105,2,4,50,2,0,45,242,132,130,71,54.6,3,4,Matches
80,Matty Cash,eng ENG,DF,Aston Villa,23-152,1997,13.6,834,68,267,403,214,18,708,5,8,62.5,5,0,434,2854,1458,450,426,94.7,7,8,Matches
81,Timothy Castagne,be BEL,DF,Leicester City,25-032,1995,8.7,584,21,182,260,164,19,521,6,12,50,6,0,333,1375,764,404,362,89.6,7,6,Matches
82,Ivan Cavaleiro,pt POR,FW,Fulham,27-080,1993,10.8,492,10,59,206,252,35,461,23,42,54.8,25,0,342,2490,1149,538,342,63.6,32,29,Matches
83,Edinson Cavani,uy URU,FW,Manchester Utd,33-327,1987,3.4,114,5,14,46,56,21,111,2,3,66.7,2,0,52,236,53,147,80,54.4,5,2,Matches
84,Dani Ceballos,es ESP,MF,Arsenal,24-152,1996,10.6,847,49,230,517,187,9,818,15,20,75,15,3,589,4446,2528,637,613,96.2,9,13,Matches
85,Ben Chilwell,eng ENG,DF,Chelsea,24-016,1996,13,1171,29,313,561,387,34,1020,10,15,66.7,10,0,720,4423,2848,854,784,91.8,17,14,Matches
86,Hamza Choudhury,eng ENG,MF,Leicester City,23-097,1997,0.8,75,2,15,52,8,0,75,0,0,,0,0,49,196,95,60,57,95,0,0,Matches
87,Andreas Christensen,dk DEN,DF,Chelsea,24-271,1996,4.5,370,55,208,169,7,2,366,0,0,,0,0,246,1128,556,277,275,99.3,1,2,Matches
88,Ciaran Clark,ie IRL,DF,Newcastle Utd,31-102,1989,8,375,48,202,147,37,9,358,4,6,66.7,4,0,158,811,468,213,199,93.4,3,2,Matches
89,Nathaniel Clyne,eng ENG,DF,Crystal Palace,29-276,1991,8.8,477,21,168,240,95,3,385,3,3,100,3,0,232,1167,598,266,250,94,3,3,Matches
90,Conor Coady,eng ENG,DF,Wolves,27-316,1993,16,889,179,575,350,8,6,864,5,7,71.4,5,1,559,2712,1167,617,612,99.2,0,3,Matches
91,Séamus Coleman,ie IRL,DF,Everton,32-087,1988,6.3,436,31,145,232,94,15,384,8,13,61.5,8,1,281,1940,927,299,270,90.3,5,12,Matches
92,Aaron Connolly,ie IRL,FW,Brighton,20-344,2000,6.5,142,0,6,58,85,28,133,6,9,66.7,6,1,87,624,362,254,100,39.4,21,12,Matches
93,Liam Cooper,sco SCO,DF,Leeds United,29-129,1991,10.8,866,107,508,390,19,8,847,2,2,100,2,0,525,2893,1535,578,569,98.4,1,4,Matches
94,Hélder Costa,pt POR,MF,Leeds United,26-360,1994,7.5,331,8,72,134,156,32,327,10,23,43.5,12,2,234,1930,1227,312,238,76.3,14,25,Matches
95,Vladimír Coufal,cz CZE,DF,West Ham,28-137,1992,12.9,752,60,241,334,213,13,636,7,10,70,7,0,362,2232,1129,423,373,88.2,4,8,Matches
96,Aaron Cresswell,eng ENG,DF,West Ham,31-022,1989,17,1115,85,379,525,261,7,907,2,9,22.2,4,2,604,2666,1295,658,641,97.4,2,6,Matches
97,Stuart Dallas,nir NIR,"DF,MF",Leeds United,29-262,1991,16.9,1327,45,412,664,351,32,1187,10,18,55.6,12,0,827,5084,2872,953,872,91.5,16,16,Matches
98,Scott Dann,eng ENG,DF,Crystal Palace,33-327,1987,8,415,55,233,181,13,10,399,4,4,100,4,0,203,860,438,256,247,96.5,0,0,Matches
99,Karl Darlow,eng ENG,GK,Newcastle Utd,30-090,1990,16,523,479,519,3,1,1,331,0,0,,0,0,162,986,598,152,150,98.7,0,0,Matches
100,Ben Davies,wal WAL,DF,Tottenham,27-257,1993,7.6,471,39,140,247,118,11,397,2,3,66.7,3,0,240,1174,720,286,266,93,1,1,Matches
101,Tom Davies,eng ENG,"MF,DF",Everton,22-190,1998,4.7,295,15,100,173,41,0,290,7,9,77.8,7,0,203,1085,579,224,200,89.3,1,3,Matches
102,Keinan Davis,eng ENG,FW,Aston Villa,22-328,1998,0.6,30,1,3,7,21,9,30,1,1,100,1,0,19,70,32,39,25,64.1,1,3,Matches
103,Leif Davis,eng ENG,DF,Leeds United,20-360,2000,0.4,24,5,15,8,3,0,24,1,1,100,1,0,16,144,64,19,16,84.2,0,0,Matches
104,Craig Dawson,eng ENG,DF,West Ham,30-245,1990,2,73,14,47,27,3,1,70,0,0,,0,0,41,186,66,48,46,95.8,0,0,Matches
105,Kevin De Bruyne,be BEL,MF,Manchester City,29-192,1991,13.2,951,11,79,415,541,66,862,22,39,56.4,25,1,654,4436,2945,825,710,86.1,20,18,Matches
106,Liam Delap,eng ENG,FW,Manchester City,17-333,2003,0.4,11,0,1,7,3,1,7,0,0,,0,0,6,7,1,16,7,43.8,2,1,Matches
107,Fabian Delph,eng ENG,"MF,DF",Everton,31-046,1989,2.4,221,7,68,131,41,0,212,6,9,66.7,6,0,164,881,482,178,174,97.8,1,2,Matches
108,Leander Dendoncker,be BEL,MF,Wolves,25-266,1995,10.5,460,23,110,250,116,32,456,5,8,62.5,5,0,214,940,410,377,298,79,8,4,Matches
109,Ibrahima Diallo,fr FRA,MF,Southampton,21-304,1999,2.3,145,9,38,99,14,2,142,3,4,75,3,0,84,427,223,101,91,90.1,2,5,Matches
110,Grady Diangana,eng ENG,"MF,FW",West Brom,22-262,1998,11.9,500,15,103,208,220,26,493,24,48,50,25,2,338,2245,1391,496,335,67.5,28,36,Matches
111,Raphael Dias Belloli,br BRA,MF,Leeds United,24-023,1996,9.3,508,12,69,219,248,50,469,13,30,43.3,14,2,336,2262,1547,475,355,74.7,22,9,Matches
112,Rúben Dias,pt POR,DF,Manchester City,23-237,1997,12.8,1145,117,468,734,27,14,1125,1,3,33.3,1,0,827,4452,2441,920,908,98.7,4,2,Matches
113,Eric Dier,eng ENG,DF,Tottenham,26-357,1994,15,948,184,574,403,27,8,920,2,2,100,2,0,553,3281,1982,634,625,98.6,0,2,Matches
114,Lucas Digne,fr FRA,DF,Everton,27-170,1993,7.8,638,34,176,298,196,14,539,2,6,33.3,2,0,324,1549,915,417,380,91.1,4,10,Matches
115,Virgil van Dijk,nl NED,DF,Liverpool,29-182,1991,4.1,353,26,146,213,9,5,350,0,0,,0,0,245,896,418,287,281,97.9,1,0,Matches
116,Issa Diop,fr FRA,DF,West Ham,23-363,1997,3.3,190,21,82,114,0,0,182,1,1,100,1,0,120,655,377,137,133,97.1,0,2,Matches
117,Moussa Djenepo,ml MLI,MF,Southampton,22-205,1998,7.7,361,5,60,174,156,30,361,22,39,56.4,26,2,264,1604,963,330,246,74.5,28,9,Matches
118,Matt Doherty,ie IRL,DF,Tottenham,28-356,1992,7.8,545,29,165,254,154,13,457,4,9,44.4,5,0,265,1237,696,356,320,89.9,8,7,Matches
119,Gabriel Dos Santos,br BRA,DF,Arsenal,23-018,1997,11.7,1008,138,535,511,27,16,993,1,4,25,2,0,726,4360,2520,794,781,98.4,1,2,Matches
120,Abdoulaye Doucouré,fr FRA,MF,Everton,28-005,1993,15.1,948,31,266,525,214,20,939,8,13,61.5,9,1,583,2961,1458,725,653,90.1,16,15,Matches
121,Paul Dummett,wal WAL,DF,Newcastle Utd,29-102,1991,0.9,28,0,6,18,4,0,28,1,1,100,1,0,17,43,22,19,18,94.7,0,0,Matches
122,Lewis Dunk,eng ENG,DF,Brighton,29-046,1991,14,1069,163,625,451,56,19,1038,2,2,100,2,0,682,3946,1925,763,752,98.6,3,1,Matches
123,Jimmy Dunne,ie IRL,DF,Burnley,23-079,1997,2,106,19,63,35,10,8,105,0,0,,0,0,43,232,22,56,52,92.9,0,0,Matches
124,Ederson,br BRA,GK,Manchester City,27-142,1993,14,446,398,446,0,0,0,347,0,0,,0,0,257,1308,840,242,241,99.6,0,0,Matches
125,Kyle Edwards,eng ENG,"MF,FW",West Brom,22-324,1998,1.3,50,0,11,23,20,6,50,1,4,25,1,0,38,278,205,49,36,73.5,2,2,Matches
126,John Egan,ie IRL,DF,Sheffield Utd,28-078,1992,15.1,698,124,371,338,31,14,686,0,0,,0,0,333,2478,1536,397,381,96,2,0,Matches
127,Ahmed Elmohamady,eg EGY,DF,Aston Villa,33-119,1987,1.5,126,4,29,57,45,4,101,2,2,100,2,0,57,216,102,72,65,90.3,1,2,Matches
128,Mohamed Elneny,eg EGY,MF,Arsenal,28-179,1992,9.7,608,41,197,380,65,3,596,5,7,71.4,5,1,458,2305,1215,478,454,95,2,5,Matches
129,Jonny Evans,nir NIR,DF,Leicester City,33-003,1988,12.9,909,133,512,413,18,6,889,3,3,100,3,0,559,2545,1140,601,589,98,2,2,Matches
130,Eberechi Eze,eng ENG,MF,Crystal Palace,22-191,1998,10.7,620,9,89,308,291,32,583,32,54,59.3,35,3,508,4143,2407,519,449,86.5,14,28,Matches
131,?ukasz Fabia?ski,pl POL,GK,West Ham,35-263,1985,16,478,430,478,0,0,0,319,0,0,,0,0,211,1254,698,161,161,100,0,0,Matches
132,Fabinho,br BRA,"DF,MF",Liverpool,27-075,1993,14.4,1266,107,523,746,58,3,1247,2,4,50,3,0,816,3929,2234,950,935,98.4,2,3,Matches
133,Bruno Fernandes,pt POR,MF,Manchester Utd,26-120,1994,14.4,1159,20,153,523,537,51,1063,8,29,27.6,12,0,690,3395,2035,1023,854,83.5,18,15,Matches
134,Federico Fernández,ar ARG,DF,Newcastle Utd,31-320,1989,14.5,714,145,444,231,60,6,671,0,0,,0,0,349,1396,484,390,374,95.9,2,4,Matches
135,Fernandinho,br BRA,MF,Manchester City,35-247,1985,3.8,352,13,48,280,48,3,343,2,3,66.7,3,0,269,1349,747,293,284,96.9,0,1,Matches
136,Sam Field,eng ENG,MF,West Brom,22-243,1998,0.7,44,5,17,28,2,0,44,1,2,50,2,0,14,52,19,12,12,100,0,1,Matches
137,Roberto Firmino,br BRA,"FW,MF",Liverpool,29-096,1991,15.5,767,6,55,361,392,113,741,22,32,68.8,23,3,512,2631,1327,840,584,69.5,31,19,Matches
138,John Fleck,sco SCO,MF,Sheffield Utd,29-135,1991,8.7,430,8,72,202,182,11,401,9,15,60,10,1,275,1441,867,325,288,88.6,3,7,Matches
139,Phil Foden,eng ENG,"FW,DF",Manchester City,20-223,2000,6.6,353,2,30,128,218,39,345,19,34,55.9,23,2,266,1483,853,367,292,79.6,6,12,Matches
140,Wesley Fofana,fr FRA,DF,Leicester City,20-020,2000,12,879,108,420,474,43,10,849,6,8,75,6,0,554,3894,2256,588,568,96.6,7,5,Matches
141,Pablo Fornals,es ESP,"MF,FW",West Ham,24-319,1996,14,574,8,96,297,219,35,560,6,21,28.6,7,0,375,2341,1248,546,402,73.6,12,17,Matches
142,Fraser Forster,eng ENG,GK,Southampton,32-295,1988,1,45,36,45,0,0,0,25,0,0,,0,0,14,34,9,13,13,100,0,0,Matches
143,Timothy Fosu-Mensah,nl NED,DF,Manchester Utd,23-004,1998,0.9,85,1,16,38,37,4,81,0,0,,0,0,61,313,177,66,64,97,1,2,Matches
144,Ryan Fraser,sco SCO,MF,Newcastle Utd,26-317,1994,3.1,138,8,34,43,68,8,124,1,1,100,1,0,90,569,352,111,89,80.2,1,4,Matches
145,Fred,br BRA,MF,Manchester Utd,27-307,1993,10.1,741,19,207,455,129,4,725,12,16,75,15,0,497,2528,1306,538,503,93.5,9,12,Matches
146,Ryan Fredericks,eng ENG,DF,West Ham,28-088,1992,3.5,212,23,59,97,65,6,184,1,3,33.3,1,0,101,495,299,119,107,89.9,0,0,Matches
147,Christian Fuchs,at AUT,DF,Leicester City,34-274,1986,7.8,662,54,231,373,87,2,592,0,2,0,0,0,376,1449,704,450,434,96.4,2,1,Matches
148,Darnell Furlong,eng ENG,DF,West Brom,25-067,1995,15.8,791,67,221,349,256,35,669,7,13,53.8,9,0,341,1806,972,512,432,84.4,21,8,Matches
149,Conor Gallagher,eng ENG,MF,West Brom,20-335,2000,12.9,646,35,150,348,190,15,626,19,31,61.3,19,2,415,2618,1188,450,384,85.3,16,16,Matches
150,Eric García,es ESP,DF,Manchester City,19-363,2001,2.2,241,20,65,179,11,0,237,0,0,,0,0,177,1113,721,200,194,97,0,0,Matches
151,Dwight Gayle,eng ENG,FW,Newcastle Utd,30-081,1990,0.7,32,0,4,13,16,5,30,0,0,,0,0,14,34,10,29,19,65.5,1,0,Matches
152,David de Gea,es ESP,GK,Manchester Utd,30-060,1990,13.5,318,297,316,2,0,0,210,0,0,,0,0,120,510,193,131,130,99.2,0,0,Matches
153,Anwar El Ghazi,nl NED,FW,Aston Villa,25-248,1995,5.4,262,2,15,92,178,37,252,15,20,75,15,1,177,1314,926,287,213,74.2,13,11,Matches
154,Kieran Gibbs,eng ENG,DF,West Brom,31-102,1989,5,203,31,87,97,32,1,185,1,1,100,1,0,99,667,352,119,102,85.7,2,2,Matches
155,Billy Gilmour,sco SCO,MF,Chelsea,19-209,2001,0.4,44,1,8,26,12,0,44,0,1,0,0,1,31,145,61,35,33,94.3,0,0,Matches
156,Olivier Giroud,fr FRA,FW,Chelsea,34-098,1986,4,141,7,19,58,69,23,137,1,2,50,1,0,67,146,54,206,103,50,5,7,Matches
157,Ben Godfrey,eng ENG,DF,Everton,22-357,1998,9.7,519,46,229,257,71,3,450,2,4,50,3,0,252,1857,1086,283,261,92.2,10,10,Matches
158,André Gomes,pt POR,MF,Everton,27-160,1993,6.1,387,9,70,244,101,6,380,8,13,61.5,9,0,300,1649,768,313,286,91.4,9,17,Matches
159,Joe Gomez,eng ENG,DF,Liverpool,23-228,1997,6.6,591,69,268,352,6,0,584,4,4,100,4,0,417,2043,1133,426,424,99.5,1,6,Matches
160,Anthony Gordon,eng ENG,"FW,MF",Everton,19-317,2001,1,45,2,14,15,18,3,44,3,7,42.9,3,0,37,306,159,39,28,71.8,3,4,Matches
161,Karlan Grant,eng ENG,FW,West Brom,23-110,1997,9.5,267,13,24,126,131,35,250,9,14,64.3,10,1,156,1220,471,364,176,48.4,24,13,Matches
162,Demarai Gray,eng ENG,FW,Leicester City,24-192,1996,0.2,16,0,2,3,11,1,15,0,0,,0,0,12,66,17,14,10,71.4,1,0,Matches
163,Jack Grealish,eng ENG,"FW,MF",Aston Villa,25-118,1995,15,885,11,82,362,536,132,822,43,63,68.3,45,0,695,6626,4313,852,649,76.2,23,26,Matches
164,Mason Greenwood,eng ENG,FW,Manchester Utd,19-097,2001,6.9,303,1,42,141,144,24,299,11,21,52.4,14,2,242,1372,729,325,238,73.2,13,12,Matches
165,Pascal Groß,de GER,MF,Brighton,29-205,1991,8,550,9,106,279,197,18,492,5,8,62.5,5,0,328,1624,664,435,386,88.7,4,4,Matches
166,Kamil Grosicki,pl POL,"FW,MF",West Brom,32-212,1988,0.1,5,0,0,1,4,1,4,0,0,,0,0,3,41,11,4,2,50,1,0,Matches
167,Vicente Guaita,es ESP,GK,Crystal Palace,33-362,1987,17,508,431,507,1,0,0,322,0,0,,0,0,178,875,522,164,163,99.4,0,0,Matches
168,?lkay Gündo?an,de GER,MF,Manchester City,30-074,1990,8.2,754,11,108,521,200,17,734,10,14,71.4,11,1,544,2799,1554,685,635,92.7,5,7,Matches
169,Antwoine Hackford,eng ENG,"DF,FW",Sheffield Utd,16-292,2004,0.1,3,0,0,2,1,1,3,0,0,,0,0,0,0,0,8,1,12.5,0,0,Matches
170,Sébastien Haller,ci CIV,FW,West Ham,26-198,1994,10.4,382,12,29,190,177,54,372,8,14,57.1,9,1,200,882,337,557,294,52.8,34,19,Matches
171,Rekeem Harper,eng ENG,MF,West Brom,20-304,2000,0.4,22,0,2,16,6,0,22,0,0,,0,0,11,42,19,14,12,85.7,1,0,Matches
172,Jack Harrison,eng ENG,MF,Leeds United,24-047,1996,14.5,755,17,133,256,418,52,730,26,38,68.4,28,3,553,3851,2176,706,551,78,42,30,Matches
173,Kortney Hause,eng ENG,DF,Aston Villa,25-174,1995,4,189,27,100,89,10,8,183,0,0,,0,0,87,432,165,99,91,91.9,2,0,Matches
174,Kai Havertz,de GER,"MF,FW",Chelsea,21-209,1999,9.1,563,16,92,287,225,27,554,9,25,36,10,1,415,2534,1246,539,434,80.5,23,22,Matches
175,Isaac Hayden,eng ENG,"MF,DF",Newcastle Utd,25-290,1995,10.1,464,37,180,229,71,6,442,3,7,42.9,3,0,247,933,333,271,244,90,4,10,Matches
176,Michael Hector,jm JAM,DF,Fulham,28-171,1992,2.9,199,31,118,89,5,1,190,2,2,100,2,0,132,674,449,141,140,99.3,1,0,Matches
177,Ahmed Hegazi,eg EGY,DF,West Brom,29-347,1991,1,68,17,48,24,0,0,68,0,0,,0,0,32,165,62,32,32,100,1,0,Matches
178,Dean Henderson,eng ENG,GK,Manchester Utd,23-300,1997,2.5,72,66,72,0,0,0,49,0,0,,0,0,21,83,18,25,25,100,0,0,Matches
179,Jordan Henderson,eng ENG,"MF,DF",Liverpool,30-203,1990,12.6,1346,35,273,922,245,12,1321,5,9,55.6,5,1,927,5629,3017,1108,1066,96.2,5,2,Matches
180,Jeff Hendrick,ie IRL,MF,Newcastle Utd,28-341,1992,9.1,364,24,112,201,70,10,355,5,7,71.4,6,0,209,989,484,272,232,85.3,6,11,Matches
181,Pablo Hernández,es ESP,MF,Leeds United,35-270,1985,2.7,253,4,36,138,102,15,244,6,8,75,6,0,185,1217,770,236,208,88.1,1,1,Matches
182,Son Heung-min,kr KOR,FW,Tottenham,28-182,1992,14.9,638,7,87,262,331,54,577,15,23,65.2,15,3,416,2543,1396,699,451,64.5,24,27,Matches
183,Ki-Jana Hoever,nl NED,DF,Wolves,18-354,2002,1.3,102,5,34,51,27,4,90,0,2,0,0,0,56,320,257,68,60,88.2,0,1,Matches
184,Rob Holding,eng ENG,DF,Arsenal,25-108,1995,13.5,952,157,538,454,26,11,928,4,6,66.7,4,1,634,3324,1984,686,663,96.6,1,2,Matches
185,Mason Holgate,eng ENG,DF,Everton,24-076,1996,6.9,467,60,227,216,60,4,424,3,4,75,3,0,267,1752,1186,291,279,95.9,1,4,Matches
186,Conor Hourihane,ie IRL,MF,Aston Villa,29-339,1991,2.5,170,3,20,66,85,5,133,0,0,,0,0,86,201,82,127,112,88.2,1,0,Matches
187,Callum Hudson-Odoi,eng ENG,FW,Chelsea,20-060,2000,3.7,234,1,20,92,146,25,229,5,8,62.5,5,0,198,1568,1076,229,195,85.2,4,4,Matches
188,Pierre Højbjerg,dk DEN,MF,Tottenham,25-154,1995,16,1233,64,339,820,133,13,1193,11,21,52.4,12,2,805,3622,1638,880,853,96.9,12,12,Matches
189,Odion Ighalo,ng NGA,FW,Manchester Utd,31-204,1989,0.1,5,0,0,1,4,2,5,0,0,,0,0,5,6,2,10,5,50,1,3,Matches
190,Kelechi Iheanacho,ng NGA,"FW,MF",Leicester City,24-095,1996,2.6,101,1,4,36,66,15,98,5,7,71.4,6,0,76,488,249,160,82,51.3,12,3,Matches
191,Danny Ings,eng ENG,FW,Southampton,28-167,1992,11.7,402,12,48,183,192,51,397,19,33,57.6,21,3,254,1302,657,488,278,57,21,12,Matches
192,Branislav Ivanovi?,rs SRB,DF,West Brom,36-319,1984,8.2,379,52,197,186,10,6,360,0,0,,0,0,172,790,399,215,207,96.3,1,1,Matches
193,Alex Iwobi,ng NGA,"FW,DF",Everton,24-248,1996,8.7,501,16,123,229,199,26,477,27,36,75,27,2,390,3060,1935,424,359,84.7,10,20,Matches
194,Phil Jagielka,eng ENG,"DF,MF",Sheffield Utd,38-142,1982,1.6,74,8,33,38,4,0,66,0,0,,0,0,25,70,29,30,27,90,0,0,Matches
195,Alireza Jahanbakhsh,ir IRN,"FW,MF",Brighton,27-148,1993,2.8,141,1,8,55,89,18,137,7,8,87.5,7,0,96,595,374,164,107,65.2,6,3,Matches
196,Daniel James,wal WAL,FW,Manchester Utd,23-057,1997,3.6,171,5,26,64,96,17,171,3,7,42.9,5,0,125,957,640,165,127,77,5,8,Matches
197,Reece James,eng ENG,DF,Chelsea,21-029,1999,12,1047,46,266,490,353,19,945,14,20,70,14,0,684,3187,1703,765,727,95,2,9,Matches
198,Gabriel Jesus,br BRA,FW,Manchester City,23-278,1997,7,256,3,15,111,143,36,248,12,22,54.5,12,1,191,1089,481,349,205,58.7,14,18,Matches
199,Raúl Jiménez,mx MEX,FW,Wolves,29-246,1991,9.1,384,15,36,213,164,41,377,11,23,47.8,14,0,253,1702,932,421,295,70.1,21,19,Matches
200,Joelinton,br BRA,"FW,MF",Newcastle Utd,24-145,1996,10.6,480,16,78,267,177,36,475,18,29,62.1,19,3,321,1966,1017,511,340,66.5,28,19,Matches
201,Ben Johnson,eng ENG,DF,West Ham,20-348,2000,1.6,72,1,19,35,23,1,67,2,3,66.7,2,0,46,281,165,52,49,94.2,0,1,Matches
202,Sam Johnstone,eng ENG,GK,West Brom,27-287,1993,17,627,534,621,6,0,0,418,0,0,,0,0,238,1495,895,213,212,99.5,0,0,Matches
203,Curtis Jones,eng ENG,MF,Liverpool,19-342,2001,7.5,700,10,87,446,228,15,695,10,18,55.6,10,0,564,3094,1638,628,583,92.8,5,12,Matches
204,Jorginho,it ITA,MF,Chelsea,29-017,1991,7.1,528,28,202,295,65,8,519,2,4,50,3,0,322,1327,680,374,365,97.6,3,5,Matches
205,Diogo Jota,pt POR,FW,Liverpool,24-033,1996,5.6,296,3,26,129,159,41,293,10,16,62.5,11,0,228,1561,1050,294,238,81,22,10,Matches
206,James Justin,eng ENG,DF,Leicester City,22-318,1998,17,1143,42,309,511,391,31,1020,16,24,66.7,16,1,705,3683,2268,814,726,89.2,19,21,Matches
207,Aboubakar Kamara,fr FRA,"FW,DF",Fulham,25-305,1995,3.1,154,2,17,70,80,5,149,3,5,60,3,1,112,706,449,141,110,78,9,8,Matches
208,Harry Kane,eng ENG,FW,Tottenham,27-162,1993,15.9,641,31,90,322,278,73,617,18,32,56.3,18,3,392,2671,1494,752,469,62.4,35,32,Matches
209,N'Golo Kanté,fr FRA,MF,Chelsea,29-283,1991,16.4,1223,39,335,740,228,9,1207,18,23,78.3,18,1,782,4052,2148,871,821,94.3,13,19,Matches
210,Moise Kean,it ITA,FW,Everton,20-313,2000,0.2,14,0,1,6,8,4,14,0,3,0,0,0,11,129,81,13,12,92.3,1,0,Matches
211,Michael Keane,eng ENG,DF,Everton,27-361,1993,14.7,1071,159,635,468,28,14,1052,0,1,0,0,0,662,3769,2200,800,793,99.1,3,6,Matches
212,Neeskens Kebano,cd COD,"FW,MF",Fulham,28-302,1992,1.3,67,1,7,22,43,4,65,3,6,50,3,0,47,367,189,64,49,76.6,4,4,Matches
213,Naby Keïta,gn GUI,MF,Liverpool,25-331,1995,4.4,313,1,35,210,88,18,303,8,10,80,8,0,221,1109,622,259,233,90,9,11,Matches
214,Caoimhin Kelleher,ie IRL,GK,Liverpool,22-044,1998,1,31,30,31,0,0,0,24,0,0,,0,0,14,42,14,16,16,100,0,0,Matches
215,Jonjoe Kenny,eng ENG,DF,Everton,23-297,1997,0.9,71,3,16,21,37,5,58,0,1,0,0,0,36,165,65,49,43,87.8,1,0,Matches
216,Max Kilman,eng ENG,DF,Wolves,23-228,1997,8.4,463,43,229,250,17,6,458,2,3,66.7,2,0,299,1685,852,333,329,98.8,1,2,Matches
217,Mateusz Klich,pl POL,MF,Leeds United,30-207,1990,15.6,1103,23,178,539,450,50,1056,6,12,50,9,1,670,3740,1849,942,799,84.8,17,17,Matches
218,Robin Koch,de GER,DF,Leeds United,24-173,1996,10.1,764,140,456,321,31,9,750,0,0,,0,0,491,2873,1889,530,523,98.7,0,5,Matches
219,Sead Kolašinac,ba BIH,DF,Arsenal,27-200,1993,1,66,1,14,36,18,1,62,0,0,,0,0,51,170,113,52,50,96.2,1,0,Matches
220,Ezri Konsa,eng ENG,DF,Aston Villa,23-075,1997,12.5,496,91,279,213,26,12,485,1,2,50,1,0,276,1249,516,293,276,94.2,0,2,Matches
221,Cheikhou Kouyaté,sn SEN,DF,Crystal Palace,31-016,1989,16.7,798,113,438,348,40,17,770,4,5,80,4,0,391,1791,727,447,426,95.3,2,9,Matches
222,Mateo Kova?i?,hr CRO,MF,Chelsea,26-245,1994,7.2,568,10,119,337,153,9,566,12,16,75,12,1,438,2555,1220,521,475,91.2,7,5,Matches
223,Emil Krafth,se SWE,DF,Newcastle Utd,26-157,1994,3.2,194,17,85,74,44,4,159,1,3,33.3,1,0,87,439,277,106,95,89.6,0,1,Matches
224,Filip Krovinovi?,hr CRO,MF,West Brom,25-130,1995,6.1,423,6,72,259,119,5,392,9,10,90,9,0,280,1813,992,325,288,88.6,7,8,Matches
225,Alexandre Lacazette,fr FRA,FW,Arsenal,29-223,1991,9.6,345,7,40,160,158,55,327,9,14,64.3,9,0,214,921,387,364,228,62.6,15,15,Matches
226,Adam Lallana,eng ENG,"MF,FW",Brighton,32-241,1988,8.5,445,16,88,194,186,38,434,10,14,71.4,10,0,305,1566,836,413,331,80.1,8,9,Matches
227,Érik Lamela,ar ARG,FW,Tottenham,28-308,1992,2.2,108,1,11,51,56,9,98,2,3,66.7,2,0,75,575,278,91,75,82.4,5,3,Matches
228,Tariq Lamptey,eng ENG,DF,Brighton,20-098,2000,9.8,635,18,169,278,249,33,544,17,34,50,18,2,417,3104,2087,466,384,82.4,15,16,Matches
229,Manuel Lanzini,ar ARG,"MF,FW",West Ham,27-326,1993,2.6,176,4,30,99,66,7,172,5,8,62.5,5,0,129,804,396,158,125,79.1,4,8,Matches
230,Aymeric Laporte,fr FRA,DF,Manchester City,26-224,1994,4,303,22,131,196,9,2,295,1,1,100,1,0,215,1404,916,228,227,99.6,0,0,Matches
231,Jamaal Lascelles,eng ENG,DF,Newcastle Utd,27-056,1993,7.5,359,77,253,104,7,3,351,2,2,100,2,0,183,691,203,201,199,99,2,0,Matches
232,Maxime Le Marchand,fr FRA,DF,Fulham,31-087,1989,1.4,92,18,59,33,4,0,90,0,0,,0,0,60,268,147,70,69,98.6,0,0,Matches
233,Mario Lemina,ga GAB,MF,Fulham,27-127,1993,5.1,319,16,106,183,56,0,318,9,11,81.8,10,0,173,1075,623,213,199,93.4,4,13,Matches
234,Bernd Leno,de GER,GK,Arsenal,28-308,1992,17,633,522,618,16,0,0,488,0,0,,0,0,342,1253,737,341,339,99.4,0,0,Matches
235,Jamal Lewis,nir NIR,DF,Newcastle Utd,22-347,1998,11.3,528,28,214,238,112,4,449,8,18,44.4,8,1,295,1771,918,310,280,90.3,6,8,Matches
236,Victor Lindelöf,se SWE,DF,Manchester Utd,26-173,1994,12.7,906,157,517,396,32,7,874,1,2,50,1,0,553,3710,1899,631,622,98.6,2,3,Matches
237,Jake Livermore,eng ENG,MF,West Brom,31-053,1989,8.5,328,26,92,202,43,6,325,1,4,25,1,0,171,698,296,183,161,88,6,6,Matches
238,Diego Llorente,es ESP,DF,Leeds United,27-143,1993,0.9,92,12,56,42,2,0,91,1,1,100,1,0,59,492,355,64,64,100,0,1,Matches
239,Hugo Lloris,fr FRA,GK,Tottenham,34-011,1986,16,452,410,452,0,0,0,279,0,0,,0,0,143,637,404,146,145,99.3,0,0,Matches
240,Giovani Lo Celso,ar ARG,"MF,FW",Tottenham,24-272,1996,4.9,305,8,55,147,124,13,282,7,10,70,7,1,206,1092,610,248,197,79.4,5,15,Matches
241,Ruben Loftus-Cheek,eng ENG,"FW,MF",Fulham,24-349,1996,6.7,322,10,45,189,112,13,321,9,16,56.3,10,1,224,1511,800,374,243,65,22,13,Matches
242,Ruben Loftus-Cheek,eng ENG,FW,Chelsea,24-349,1996,0.7,25,0,5,16,5,0,25,0,4,0,0,1,19,103,62,29,18,62.1,2,1,Matches
243,Kevin Long,ie IRL,DF,Burnley,30-141,1990,6,261,34,149,110,6,5,257,0,0,,0,0,116,397,134,134,127,94.8,1,0,Matches
244,Shane Long,ie IRL,"FW,MF",Southampton,33-350,1987,2.1,81,1,8,37,39,6,79,3,6,50,3,0,43,194,75,120,57,47.5,7,7,Matches
245,Matthew Longstaff,eng ENG,MF,Newcastle Utd,20-291,2000,3.3,147,6,47,74,29,1,145,1,1,100,1,0,81,241,81,95,78,82.1,1,1,Matches
246,Sean Longstaff,eng ENG,MF,Newcastle Utd,23-068,1997,8.2,414,21,94,226,108,11,387,3,5,60,4,0,220,1057,458,271,242,89.3,5,4,Matches
247,Ademola Lookman,eng ENG,FW,Fulham,23-078,1997,11.2,577,5,58,275,300,47,547,39,62,62.9,41,5,473,3665,2105,511,407,79.6,30,27,Matches
248,Max Lowe,eng ENG,DF,Sheffield Utd,23-240,1997,4.6,208,11,62,77,76,5,190,4,6,66.7,4,0,112,512,325,130,114,87.7,3,4,Matches
249,Matthew Lowton,eng ENG,DF,Burnley,31-211,1989,11,584,51,195,309,114,3,493,5,9,55.6,6,1,276,1515,969,291,280,96.2,6,9,Matches
250,David Luiz,br BRA,DF,Arsenal,33-259,1987,5.3,435,70,231,224,18,2,423,1,1,100,1,0,292,2155,1418,338,332,98.2,0,1,Matches
251,Douglas Luiz,br BRA,MF,Aston Villa,22-242,1998,13.6,752,47,190,443,178,8,727,13,16,81.3,13,1,472,3128,1806,489,456,93.3,8,8,Matches
252,John Lundstram,eng ENG,MF,Sheffield Utd,26-323,1994,8.5,466,12,68,225,201,16,428,5,7,71.4,5,0,290,1750,748,355,316,89,6,6,Matches
253,Alexis Mac Allister,ar ARG,"FW,MF",Brighton,22-013,1998,1.5,57,1,13,18,28,2,55,3,5,60,3,0,37,212,110,49,32,65.3,2,2,Matches
254,James Maddison,eng ENG,"MF,FW",Leicester City,24-044,1996,10.7,684,2,50,342,339,33,615,14,28,50,15,0,471,2769,1472,627,501,79.9,23,22,Matches
255,Harry Maguire,eng ENG,DF,Manchester Utd,27-307,1993,16,1120,174,599,531,64,23,1093,2,4,50,2,0,686,4350,2485,770,756,98.2,2,3,Matches
256,Riyad Mahrez,dz ALG,"FW,DF",Manchester City,29-320,1991,8.6,529,2,25,204,335,55,490,13,35,37.1,15,0,393,2250,1137,503,415,82.5,17,18,Matches
257,Ainsley Maitland-Niles,eng ENG,DF,Arsenal,23-130,1997,4.7,303,20,116,137,69,7,273,2,7,28.6,2,0,180,963,500,199,174,87.4,7,7,Matches
258,Sadio Mané,sn SEN,FW,Liverpool,28-271,1992,14.8,766,10,53,290,494,137,758,38,59,64.4,39,2,565,4172,2460,900,614,68.2,45,43,Matches
259,Javier Manquillo,es ESP,DF,Newcastle Utd,26-246,1994,5.1,262,17,78,113,90,4,223,2,5,40,2,0,144,963,570,170,147,86.5,7,5,Matches
260,Fernando Marçal,br BRA,DF,Wolves,31-322,1989,6.3,406,25,143,198,88,2,353,7,9,77.8,8,1,236,1213,699,249,238,95.6,3,8,Matches
261,Solly March,eng ENG,DF,Brighton,26-170,1994,14.6,973,39,218,388,449,47,825,31,45,68.9,32,2,631,5034,2918,667,567,85,12,21,Matches
262,Pablo Marí,es ESP,DF,Arsenal,27-128,1993,3,212,24,127,98,3,1,211,0,0,,0,0,145,789,400,154,152,98.7,1,0,Matches
263,Anthony Martial,fr FRA,FW,Manchester Utd,25-032,1995,9.2,370,7,19,154,217,69,362,22,31,71,22,0,297,1979,1070,464,301,64.9,21,30,Matches
264,Martinelli,br BRA,FW,Arsenal,19-202,2001,1.7,53,2,11,19,26,9,53,3,5,60,3,0,34,225,138,69,31,44.9,2,4,Matches
265,Emiliano Martínez,ar ARG,GK,Aston Villa,28-126,1992,15,506,432,503,5,0,0,361,0,0,,0,0,245,1126,708,211,209,99.1,0,0,Matches
266,Arthur Masuaku,cd COD,DF,West Ham,27-060,1993,9.4,590,29,151,287,204,10,549,24,39,61.5,24,1,413,3027,2064,432,397,91.9,5,14,Matches
267,Juan Mata,es ESP,FW,Manchester Utd,32-253,1988,3.7,212,4,21,98,103,15,203,2,3,66.7,2,0,147,846,429,209,176,84.2,4,9,Matches
268,Nemanja Mati?,rs SRB,MF,Manchester Utd,32-158,1988,6.1,515,15,145,326,102,6,498,8,10,80,8,0,341,2268,1303,382,367,96.1,3,7,Matches
269,Joël Matip,cm CMR,DF,Liverpool,29-151,1991,6.2,475,42,219,274,14,6,468,0,0,,0,0,293,1516,948,368,362,98.4,0,1,Matches
270,Neal Maupay,fr FRA,"FW,MF",Brighton,24-145,1996,12.4,431,5,39,186,240,75,404,6,12,50,6,0,287,1847,872,517,310,60,29,32,Matches
271,James McArthur,sco SCO,MF,Crystal Palace,33-091,1987,13.3,777,39,220,492,107,14,744,10,12,83.3,10,0,452,2503,1212,468,434,92.7,10,13,Matches
272,Oliver McBurnie,sco SCO,FW,Sheffield Utd,24-216,1996,9.2,365,20,33,148,196,45,359,8,16,50,9,2,142,777,407,417,274,65.7,15,14,Matches
273,Alex McCarthy,eng ENG,GK,Southampton,31-034,1989,16,614,474,609,6,0,0,487,1,1,100,1,0,311,1182,613,335,335,100,0,0,Matches
274,James McCarthy,ie IRL,MF,Crystal Palace,30-055,1990,3.7,157,11,49,92,24,0,149,3,3,100,3,0,67,277,101,69,66,95.7,1,1,Matches
275,John McGinn,sco SCO,MF,Aston Villa,26-080,1994,15,684,26,115,382,227,36,660,27,38,71.1,28,1,487,2504,1375,529,450,85.1,14,27,Matches
276,David McGoldrick,ie IRL,"FW,MF",Sheffield Utd,33-038,1987,10.3,490,8,49,201,272,33,478,17,29,58.6,21,1,317,1802,842,563,375,66.6,20,20,Matches
277,Dwight McNeil,eng ENG,MF,Burnley,21-045,1999,13,639,17,106,381,236,17,590,31,49,63.3,33,2,481,3772,1791,490,419,85.5,15,25,Matches
278,Scott McTominay,sco SCO,MF,Manchester Utd,24-029,1996,10.2,624,39,210,365,100,12,612,9,11,81.8,9,0,425,2504,1390,449,417,92.9,10,14,Matches
279,Ben Mee,eng ENG,DF,Burnley,31-105,1989,9,418,70,225,187,22,15,406,0,0,,0,0,186,764,320,206,204,99,4,1,Matches
280,Benjamin Mendy,fr FRA,DF,Manchester City,26-173,1994,5.6,427,14,93,220,136,5,375,8,10,80,8,1,255,1185,755,307,283,92.2,4,3,Matches
281,Edouard Mendy,sn SEN,GK,Chelsea,28-311,1992,13,461,365,457,5,0,0,363,0,0,,0,0,264,1097,480,271,270,99.6,0,0,Matches
282,Nampalys Mendy,fr FRA,MF,Leicester City,28-197,1992,12.3,874,17,189,580,158,0,867,5,11,45.5,6,1,673,2978,1402,691,667,96.5,14,11,Matches
283,Illan Meslier,fr FRA,GK,Leeds United,20-310,2000,17,684,625,682,2,0,0,526,0,0,,0,0,332,1399,717,334,333,99.7,0,1,Matches
284,Luka Milivojevi?,rs SRB,MF,Crystal Palace,29-274,1991,9.1,577,27,164,350,100,1,530,4,4,100,4,0,336,1517,722,368,353,95.9,0,5,Matches
285,James Milner,eng ENG,"MF,DF",Liverpool,35-002,1986,3.9,391,13,68,237,107,6,356,2,4,50,2,0,246,1034,536,279,266,95.3,1,4,Matches
286,Yerry Mina,co COL,DF,Everton,26-105,1994,14,1004,151,625,434,19,15,988,0,1,0,0,0,653,4064,2388,731,719,98.4,1,1,Matches
287,Takumi Minamino,jp JPN,"MF,FW",Liverpool,25-356,1995,3.2,164,5,20,90,63,10,161,8,9,88.9,8,0,124,563,216,172,128,74.4,5,6,Matches
288,Tyrone Mings,eng ENG,DF,Aston Villa,27-299,1993,13.5,769,123,424,365,40,18,743,5,5,100,5,0,427,2974,1402,467,451,96.6,3,5,Matches
289,Tyrick Mitchell,eng ENG,DF,Crystal Palace,21-127,1999,8,444,21,166,189,102,2,362,3,7,42.9,3,0,203,865,457,214,201,93.9,5,8,Matches
290,Aleksandar Mitrovi?,rs SRB,FW,Fulham,26-112,1994,8.8,333,7,24,146,174,69,312,10,15,66.7,10,1,170,860,369,440,246,55.9,33,14,Matches
291,Jayson Molumby,ie IRL,MF,Brighton,21-153,1999,0,1,0,0,1,0,0,1,0,0,,0,0,1,8,0,0,0,,0,0,Matches
292,Wes Morgan,jm JAM,DF,Leicester City,36-351,1984,0.2,6,2,2,4,0,0,6,0,0,,0,0,4,8,5,3,3,100,0,0,Matches
293,Mason Mount,eng ENG,"MF,FW",Chelsea,21-362,1999,15,1055,19,145,550,440,50,960,19,31,61.3,19,4,731,4198,2292,878,739,84.2,18,18,Matches
294,Lucas Moura,br BRA,"FW,MF",Tottenham,28-146,1992,5.1,262,6,35,133,113,13,258,9,18,50,10,2,167,1109,619,235,182,77.4,14,7,Matches
295,Lys Mousset,fr FRA,FW,Sheffield Utd,24-333,1996,2.3,63,0,1,30,34,7,57,4,11,36.4,5,1,42,239,91,124,47,37.9,6,7,Matches
296,João Moutinho,pt POR,MF,Wolves,34-120,1986,11.9,812,39,211,461,184,3,728,2,6,33.3,2,0,482,2216,1221,570,528,92.6,4,2,Matches
297,Jacob Murphy,eng ENG,"DF,FW",Newcastle Utd,25-317,1995,7.2,311,17,96,125,117,9,268,18,28,64.3,20,1,198,1449,896,211,160,75.8,10,20,Matches
298,Shkodran Mustafi,de GER,DF,Arsenal,28-264,1992,0.5,52,4,19,37,2,0,51,0,0,,0,0,40,325,210,42,42,100,0,0,Matches
299,Marvelous Nakamba,zw ZIM,MF,Aston Villa,26-353,1994,1.2,46,2,14,28,6,0,45,0,0,,0,0,28,95,25,28,27,96.4,1,1,Matches
300,Wilfred Ndidi,ng NGA,"MF,DF",Leicester City,24-021,1996,7.1,544,38,241,290,47,2,537,2,4,50,2,0,327,1637,676,351,332,94.6,5,4,Matches
301,Tanguy Ndombele,fr FRA,MF,Tottenham,24-009,1996,8.9,523,9,80,306,167,26,508,29,39,74.4,31,3,364,1794,991,446,378,84.8,10,21,Matches
302,Reiss Nelson,eng ENG,FW,Arsenal,21-027,1999,0.8,40,1,8,10,26,5,33,1,2,50,1,0,29,270,158,43,25,58.1,1,2,Matches
303,Pedro Neto,pt POR,"FW,MF",Wolves,20-303,2000,15,827,9,76,374,457,69,756,41,66,62.1,42,4,624,5549,3490,802,628,78.3,40,25,Matches
304,Rúben Neves,pt POR,MF,Wolves,23-299,1997,12.8,1031,56,239,674,167,7,994,4,6,66.7,5,0,632,2627,1257,730,695,95.2,6,5,Matches
305,Eddie Nketiah,eng ENG,FW,Arsenal,21-221,1999,3.5,112,5,17,47,51,18,106,6,12,50,7,0,71,379,166,159,83,52.2,8,4,Matches
306,Niels Nkounkou,fr FRA,DF,Everton,20-066,2000,0.8,49,3,13,21,18,0,45,1,3,33.3,1,0,23,124,71,34,29,85.3,4,1,Matches
307,Dan Nlundulu,eng ENG,FW,Southampton,21-336,1999,0.4,17,1,1,10,6,2,17,2,4,50,3,0,12,37,14,29,12,41.4,0,1,Matches
308,Mark Noble,eng ENG,MF,West Ham,33-243,1987,2.5,152,0,14,114,33,2,143,0,1,0,0,0,111,686,230,129,116,89.9,2,2,Matches
309,Oliver Norwood,nir NIR,MF,Sheffield Utd,29-269,1991,6.3,488,15,106,301,91,4,445,1,2,50,1,0,262,846,381,341,328,96.2,1,4,Matches
310,Jack O'Connell,eng ENG,DF,Sheffield Utd,26-283,1994,2,96,12,42,43,15,0,95,0,1,0,0,0,50,180,90,56,53,94.6,0,0,Matches
311,Dara O'Shea,ie IRL,DF,West Brom,21-308,1999,11.1,562,82,268,257,56,9,502,3,6,50,3,0,240,1175,634,286,268,93.7,4,4,Matches
312,Michael Obafemi,ie IRL,FW,Southampton,20-184,2000,0.2,6,1,3,4,0,0,6,0,0,,0,0,4,4,2,9,3,33.3,1,0,Matches
313,Denis Odoi,be BEL,DF,Fulham,32-224,1988,3,213,14,100,105,35,0,195,0,0,,0,0,138,987,642,140,136,97.1,0,1,Matches
314,Angelo Ogbonna,it ITA,DF,West Ham,32-228,1988,16.7,729,131,425,314,32,19,722,1,1,100,1,0,358,2598,1193,425,410,96.5,2,2,Matches
315,Robin Olsen,se SWE,GK,Everton,30-364,1990,2,55,51,55,0,0,0,40,0,0,,0,0,25,81,48,27,26,96.3,0,0,Matches
316,Josh Onomah,eng ENG,MF,Fulham,23-254,1997,1.5,58,2,6,33,24,2,57,0,0,,0,0,41,289,114,50,42,84,2,5,Matches
317,Divock Origi,be BEL,FW,Liverpool,25-263,1995,0.1,6,0,1,1,4,1,6,0,0,,0,0,3,1,1,8,4,50,1,1,Matches
318,Ben Osborn,eng ENG,"MF,DF",Sheffield Utd,26-154,1994,7.5,450,18,106,206,168,15,409,7,10,70,7,1,274,1564,849,327,287,87.8,13,11,Matches
319,Owen Otasowie,us USA,MF,Wolves,19-261,2001,1.3,72,3,18,43,16,4,72,1,2,50,1,0,41,289,159,65,43,66.2,5,3,Matches
320,Alex Oxlade-Chamberlain,eng ENG,"MF,FW",Liverpool,27-144,1993,0.9,60,0,5,32,28,0,58,0,0,,0,0,29,237,121,52,42,80.8,2,2,Matches
321,Emerson Palmieri,it ITA,DF,Chelsea,26-156,1994,1,82,6,26,36,24,1,71,0,1,0,0,0,43,242,151,47,44,93.6,2,2,Matches
322,Thomas Partey,gh GHA,MF,Arsenal,27-207,1993,3.1,216,4,39,149,43,2,211,7,9,77.8,7,1,167,982,578,150,147,98,2,5,Matches
323,Rui Patrício,pt POR,GK,Wolves,32-326,1988,17,386,362,386,0,0,0,219,0,0,,0,0,130,687,394,88,88,100,1,0,Matches
324,Bailey Peacock-Farrell,nir NIR,GK,Burnley,24-069,1996,1,33,26,33,0,0,0,21,0,0,,0,0,13,107,62,16,15,93.8,0,0,Matches
325,Lee Peltier,eng ENG,DF,West Brom,34-026,1986,1,33,10,18,7,9,0,29,0,0,,0,0,17,75,23,15,13,86.7,0,0,Matches
326,Nicolas Pépé,ci CIV,"FW,MF",Arsenal,25-222,1995,5.1,216,5,33,87,113,23,199,9,20,45,10,0,149,1116,732,215,146,67.9,6,13,Matches
327,Matheus Pereira,br BRA,"MF,FW",West Brom,24-246,1996,10.2,544,14,78,261,240,21,475,20,38,52.6,24,6,342,2116,1074,418,336,80.4,24,21,Matches
328,Ayoze Pérez,es ESP,"MF,FW",Leicester City,27-167,1993,6,307,2,35,136,155,33,301,10,23,43.5,10,1,217,1252,790,292,218,74.7,14,12,Matches
329,Kalvin Phillips,eng ENG,MF,Leeds United,25-035,1995,13.5,1006,64,354,509,195,6,940,7,11,63.6,7,1,609,3335,1399,666,640,96.1,12,13,Matches
330,Matt Phillips,sco SCO,"MF,DF",West Brom,29-299,1991,7.2,340,16,80,149,140,19,313,9,19,47.4,9,0,220,1284,758,302,210,69.5,15,14,Matches
331,Nathaniel Phillips,eng ENG,DF,Liverpool,23-291,1997,3,254,26,104,146,8,3,249,0,0,,0,0,158,745,294,178,176,98.9,3,0,Matches
332,Jordan Pickford,eng ENG,GK,Everton,26-305,1994,14,556,482,552,5,0,0,419,0,0,,0,0,256,1535,760,269,269,100,0,0,Matches
333,Erik Pieters,nl NED,"DF,MF",Burnley,32-152,1988,4,175,8,59,80,44,3,153,5,6,83.3,5,0,81,395,183,89,75,84.3,0,4,Matches
334,Daniel Podence,pt POR,"FW,MF",Wolves,25-077,1995,12.4,550,6,64,274,263,49,532,32,50,64,35,6,445,2857,1676,544,417,76.7,25,15,Matches
335,Paul Pogba,fr FRA,"MF,FW",Manchester Utd,27-297,1993,9.6,718,22,153,409,192,26,710,18,28,64.3,19,0,508,2549,1351,607,537,88.5,19,21,Matches
336,Nick Pope,eng ENG,GK,Burnley,28-262,1992,14,490,418,484,7,0,0,336,0,0,,0,0,190,1315,822,166,164,98.8,1,0,Matches
337,Dennis Praet,be BEL,"MF,FW",Leicester City,26-237,1994,7.3,347,6,53,153,157,22,342,9,15,60,10,1,219,1136,667,311,240,77.2,9,13,Matches
338,Davy Pröpper,nl NED,MF,Brighton,29-126,1991,1.2,71,1,9,42,25,3,71,0,0,,0,0,40,248,88,68,58,85.3,0,4,Matches
339,Christian Pulisic,us USA,"FW,MF",Chelsea,22-110,1998,7.7,393,6,49,171,218,50,387,26,51,51,28,1,309,2499,1714,406,293,72.2,23,16,Matches
340,Aaron Ramsdale,eng ENG,GK,Sheffield Utd,22-237,1998,17,573,496,568,3,2,2,383,1,1,100,1,0,226,1434,889,184,184,100,1,0,Matches
341,Jacob Ramsey,eng ENG,"MF,FW",Aston Villa,19-223,2001,1.4,50,5,10,20,21,5,50,1,1,100,1,0,31,196,52,36,25,69.4,0,3,Matches
342,Darren Randolph,ie IRL,GK,West Ham,33-239,1987,1,24,21,24,0,0,0,14,0,0,,0,0,8,37,13,9,9,100,0,0,Matches
343,Marcus Rashford,eng ENG,FW,Manchester Utd,23-067,1997,15.1,694,9,49,284,428,82,679,39,69,56.5,41,6,524,4159,2872,819,581,70.9,28,35,Matches
344,Tim Ream,us USA,DF,Fulham,33-093,1987,5,323,57,187,155,2,0,321,1,2,50,1,0,210,1213,651,239,237,99.2,0,0,Matches
345,Nathan Redmond,eng ENG,MF,Southampton,26-306,1994,4.5,250,0,20,123,131,17,250,12,22,54.5,13,0,181,1401,763,234,190,81.2,5,6,Matches
346,Harrison Reed,eng ENG,MF,Fulham,25-345,1995,7.9,540,22,142,312,118,1,516,2,3,66.7,2,0,328,1469,681,391,372,95.1,1,3,Matches
347,Sergio Reguilón,es ESP,DF,Tottenham,24-021,1996,9.8,635,41,207,275,193,17,565,7,16,43.8,9,2,391,2084,1329,421,380,90.3,7,17,Matches
348,Bobby Reid,jm JAM,"DF,FW",Fulham,27-339,1993,10.3,434,19,85,187,188,34,414,11,20,55,11,2,292,1333,657,390,293,75.1,18,8,Matches
349,Declan Rice,eng ENG,MF,West Ham,21-358,1999,17,967,45,248,635,166,18,955,18,21,85.7,18,0,645,4765,2524,669,634,94.8,13,12,Matches
350,Richarlison,br BRA,FW,Everton,23-241,1997,11.1,501,15,89,222,244,66,494,28,53,52.8,29,6,388,3326,2101,494,354,71.7,21,26,Matches
351,Jaïro Riedewald,nl NED,MF,Crystal Palace,24-119,1996,6.7,275,16,82,165,47,5,272,2,3,66.7,2,0,167,963,464,185,170,91.9,5,6,Matches
352,Matt Ritchie,sco SCO,"DF,MF",Newcastle Utd,31-118,1989,5.7,313,22,97,123,113,3,260,0,0,,0,0,138,854,484,179,157,87.7,5,6,Matches
353,Tyler Roberts,wal WAL,"MF,FW",Leeds United,21-360,1999,2.7,106,2,12,47,52,8,105,1,1,100,1,0,63,386,119,115,79,68.7,5,6,Matches
354,Andrew Robertson,sco SCO,DF,Liverpool,26-301,1994,17,1675,43,350,790,642,54,1434,16,28,57.1,19,1,1041,5282,3273,1235,1137,92.1,18,10,Matches
355,Antonee Robinson,us USA,DF,Fulham,23-151,1997,12,841,50,253,353,312,13,710,22,34,64.7,23,1,472,3462,2322,504,469,93.1,15,12,Matches
356,Callum Robinson,ie IRL,"FW,MF",West Brom,25-339,1995,9.4,364,10,41,114,227,22,351,12,21,57.1,13,0,247,1298,624,457,260,56.9,22,18,Matches
357,Jack Robinson,eng ENG,DF,Sheffield Utd,27-127,1993,6.7,389,32,153,196,58,4,353,1,2,50,2,1,208,918,400,222,214,96.4,3,2,Matches
358,Hal Robson-Kanu,wal WAL,"FW,MF",West Brom,31-230,1989,1.6,47,3,6,16,27,4,44,2,3,66.7,2,0,35,256,139,59,32,54.2,8,5,Matches
359,Marek Rodák,sk SVK,GK,Fulham,24-024,1996,1,28,26,28,0,0,0,22,0,0,,0,0,13,46,15,17,17,100,0,0,Matches
360,Joe Rodon,wal WAL,DF,Tottenham,23-076,1997,1.1,62,20,43,25,0,0,61,0,0,,0,0,35,214,89,42,42,100,0,0,Matches
361,Rodri,es ESP,MF,Manchester City,24-198,1996,14.1,1358,51,278,930,224,16,1350,12,14,85.7,12,0,985,5026,2583,1064,1040,97.7,9,8,Matches
362,Rodrigo,es ESP,MF,Leeds United,29-306,1991,9.1,513,6,60,239,245,54,510,11,19,57.9,11,0,361,2138,967,551,415,75.3,23,16,Matches
363,James Rodríguez,co COL,"FW,MF",Everton,29-178,1991,9.6,654,5,77,374,227,20,590,19,26,73.1,21,2,448,2237,875,559,482,86.2,11,20,Matches
364,Jay Rodriguez,eng ENG,"FW,MF",Burnley,31-161,1989,6.2,208,8,22,97,97,21,207,8,16,50,8,0,125,683,298,277,150,54.2,20,10,Matches
365,Oriol Romeu,es ESP,MF,Southampton,29-104,1991,14.5,1090,36,249,736,169,8,1081,7,9,77.8,7,0,639,3171,1514,776,738,95.1,6,14,Matches
366,Antonio Rüdiger,de GER,DF,Chelsea,27-309,1993,2,189,35,109,89,4,2,188,0,0,,0,0,146,667,342,159,159,100,0,0,Matches
367,Mathew Ryan,au AUS,GK,Brighton,28-273,1992,11,421,338,420,2,0,0,337,0,0,,0,0,253,1008,411,255,254,99.6,0,0,Matches
368,Allan Saint-Maximin,fr FRA,"FW,MF",Newcastle Utd,23-300,1997,6.5,251,0,35,148,115,13,248,26,41,63.4,27,0,247,2253,1418,243,193,79.4,15,20,Matches
369,Romain Saïss,ma MAR,DF,Wolves,30-286,1990,11.7,735,103,375,312,74,15,702,5,9,55.6,5,0,417,2007,1096,494,479,97,2,1,Matches
370,Bukayo Saka,eng ENG,"FW,DF",Arsenal,19-123,2001,13.7,723,31,122,306,359,70,673,23,38,60.5,24,1,514,3307,2180,642,509,79.3,21,30,Matches
371,Mamadou Sakho,fr FRA,DF,Crystal Palace,30-328,1990,3.1,108,26,61,48,4,2,98,0,0,,0,0,50,273,154,59,56,94.9,1,1,Matches
372,Mohamed Salah,eg EGY,FW,Liverpool,28-205,1992,15,798,4,29,310,512,127,782,28,53,52.8,32,1,612,3557,1889,971,669,68.9,49,49,Matches
373,Davinson Sánchez,co COL,DF,Tottenham,24-208,1996,5,344,49,198,162,7,4,335,0,0,,0,0,214,1120,548,238,235,98.7,2,1,Matches
374,Robert Sánchez,es ESP,GK,Brighton,23-049,1997,6,244,205,244,0,0,0,203,0,0,,0,0,140,575,297,150,149,99.3,0,0,Matches
375,Romaine Sawyers,kn SKN,MF,West Brom,29-065,1991,12.7,662,23,200,417,78,2,641,7,15,46.7,9,0,414,2212,946,458,433,94.5,9,14,Matches
376,Fabian Schär,ch SUI,DF,Newcastle Utd,29-017,1991,7.6,406,55,251,160,26,3,374,3,5,60,3,1,245,1218,638,238,230,96.6,4,5,Matches
377,Jeffrey Schlupp,gh GHA,MF,Crystal Palace,28-014,1992,10.8,445,14,69,226,185,39,436,23,41,56.1,25,0,288,2087,1207,404,304,75.2,21,36,Matches
378,Kasper Schmeichel,dk DEN,GK,Leicester City,34-062,1986,17,579,496,572,8,0,0,409,0,1,0,0,0,266,1143,614,266,265,99.6,0,0,Matches
379,Nélson Semedo,pt POR,DF,Wolves,27-051,1993,13.7,969,70,269,456,313,18,817,28,44,63.6,30,0,613,4058,2364,626,572,91.4,14,15,Matches
380,Jamie Shackleton,eng ENG,"MF,DF",Leeds United,21-090,1999,3.4,165,8,34,78,59,8,153,1,3,33.3,3,0,101,457,235,136,107,78.7,5,3,Matches
381,Xherdan Shaqiri,ch SUI,"MF,FW",Liverpool,29-088,1991,1,65,0,11,28,27,3,63,2,2,100,2,0,43,192,71,56,45,80.4,1,3,Matches
382,Billy Sharp,eng ENG,"FW,MF",Sheffield Utd,34-336,1986,2.1,57,0,4,14,41,15,53,2,5,40,2,0,39,324,171,74,44,59.5,4,6,Matches
383,Luke Shaw,eng ENG,DF,Manchester Utd,25-178,1995,10.9,780,31,190,363,289,13,658,15,22,68.2,16,3,459,3070,1941,506,461,91.1,6,9,Matches
384,Jonjo Shelvey,eng ENG,MF,Newcastle Utd,28-314,1992,8.1,529,17,142,311,110,10,477,6,7,85.7,7,0,306,1804,834,372,356,95.7,2,2,Matches
385,Gylfi Sigurðsson,is ISL,MF,Everton,31-120,1989,9.2,519,10,85,252,193,20,459,9,10,90,9,0,284,1150,471,365,320,87.7,16,14,Matches
386,Bernardo Silva,pt POR,"FW,MF",Manchester City,26-149,1994,7.2,497,7,68,274,196,32,482,13,17,76.5,13,0,388,2723,1496,459,407,88.7,6,4,Matches
387,Fábio Silva,pt POR,FW,Wolves,18-171,2002,5.9,189,5,26,102,76,26,182,7,11,63.6,7,0,110,579,288,268,142,53,16,10,Matches
388,Thiago Silva,br BRA,DF,Chelsea,36-106,1984,11.8,1098,136,541,613,30,9,1078,1,2,50,1,0,767,4059,2659,854,849,99.4,5,1,Matches
389,Moussa Sissoko,fr FRA,MF,Tottenham,31-143,1989,11.8,570,39,169,346,97,3,546,9,16,56.3,10,0,346,2073,966,395,361,91.4,6,11,Matches
390,Islam Slimani,dz ALG,FW,Leicester City,32-202,1988,0.2,13,0,0,7,7,2,12,0,0,,0,0,6,31,16,17,12,70.6,1,0,Matches
391,William Smallbone,ie IRL,MF,Southampton,20-320,2000,1.2,53,0,8,31,16,1,53,0,0,,0,0,39,128,51,45,42,93.3,1,2,Matches
392,Emile Smith-Rowe,eng ENG,MF,Arsenal,20-162,2000,2.5,127,6,27,55,56,9,126,1,5,20,1,1,92,484,250,115,94,81.7,3,3,Matches
393,Robert Snodgrass,sco SCO,"FW,DF",West Ham,33-121,1987,0.1,4,0,0,0,4,0,4,0,0,,0,0,4,11,0,5,3,60,0,0,Matches
394,Cédric Soares,pt POR,MF,Arsenal,29-128,1991,0.1,0,0,0,0,0,0,0,0,0,,0,0,0,0,0,0,0,,0,0,Matches
395,Tomáš Sou?ek,cz CZE,MF,West Ham,25-314,1995,17,790,55,218,438,166,50,779,5,9,55.6,5,0,331,1737,748,535,439,82.1,11,9,Matches
396,Ça?lar Söyüncü,tr TUR,DF,Leicester City,24-228,1996,4.1,304,34,162,161,7,4,292,0,0,,0,0,183,1261,801,209,205,98.1,0,0,Matches
397,Zack Steffen,us USA,GK,Manchester City,25-279,1995,1,29,27,29,0,0,0,21,0,0,,0,0,15,32,11,17,17,100,0,0,Matches
398,Dale Stephens,eng ENG,MF,Burnley,31-208,1989,2.6,137,4,30,84,28,5,136,1,1,100,1,0,74,307,148,79,73,92.4,0,5,Matches
399,Jack Stephens,eng ENG,DF,Southampton,26-345,1994,6.5,524,47,242,296,18,4,501,1,1,100,1,0,293,1617,909,343,336,98,2,2,Matches
400,Raheem Sterling,eng ENG,FW,Manchester City,26-029,1994,13.1,654,3,37,296,368,101,641,31,56,55.4,33,0,547,3518,2256,745,551,74,27,43,Matches
401,Enda Stevens,ie IRL,DF,Sheffield Utd,30-181,1990,14,848,60,268,388,232,19,764,10,16,62.5,11,0,479,2367,1287,511,477,93.3,10,12,Matches
402,John Stones,eng ENG,DF,Manchester City,26-223,1994,7,656,65,274,405,13,1,648,3,3,100,3,0,488,2792,1364,538,535,99.4,1,0,Matches
403,Pascal Struijk,nl NED,"DF,MF",Leeds United,21-148,1999,6.3,493,76,293,204,25,3,482,2,2,100,2,1,298,1823,1006,360,344,95.6,4,2,Matches
404,Matt Targett,eng ENG,DF,Aston Villa,25-110,1995,15,954,63,266,429,296,21,805,8,10,80,8,1,465,1716,873,539,502,93.1,6,1,Matches
405,James Tarkowski,eng ENG,DF,Burnley,28-048,1992,13,567,99,310,231,45,34,553,1,1,100,1,0,213,1018,468,282,270,95.7,5,3,Matches
406,Charlie Taylor,eng ENG,DF,Burnley,27-110,1993,14.1,812,69,276,406,198,7,684,12,21,57.1,13,0,427,3305,1528,460,427,92.8,10,3,Matches
407,Nathan Tella,eng ENG,"FW,MF",Southampton,21-185,1999,1.8,56,0,6,33,22,1,55,2,2,100,2,0,39,318,194,70,37,52.9,7,5,Matches
408,Alex Telles,br BRA,DF,Manchester Utd,28-022,1992,4.8,432,19,113,194,144,2,360,2,2,100,2,0,235,1191,722,294,272,92.5,4,8,Matches
409,Kenny Tete,nl NED,DF,Fulham,25-089,1995,1.4,85,5,19,35,33,2,75,0,1,0,0,0,52,269,128,62,47,75.8,0,1,Matches
410,Luke Thomas,eng ENG,DF,Leicester City,,,3,159,15,45,67,51,3,145,3,6,50,3,0,92,395,192,109,87,79.8,5,7,Matches
411,Youri Tielemans,be BEL,MF,Leicester City,23-244,1997,16.4,1261,26,281,747,303,12,1197,20,27,74.1,21,5,822,3338,1849,961,916,95.3,11,18,Matches
412,Kieran Tierney,sco SCO,DF,Arsenal,23-215,1997,15.9,1138,77,363,495,369,30,999,13,22,59.1,14,0,738,3975,2484,805,743,92.3,11,10,Matches
413,James Tomkins,eng ENG,DF,Crystal Palace,31-283,1989,2.3,92,20,66,26,1,1,89,0,0,,0,0,38,150,100,46,42,91.3,0,0,Matches
414,Fikayo Tomori,eng ENG,DF,Chelsea,23-018,1997,0.5,41,19,36,6,0,0,40,0,0,,0,0,21,90,38,21,21,100,0,0,Matches
415,Ferrán Torres,es ESP,FW,Manchester City,20-312,2000,6.3,230,2,23,81,148,25,226,7,19,36.8,8,0,181,1265,784,271,184,67.9,11,16,Matches
416,Cenk Tosun,tr TUR,FW,Everton,29-213,1991,0.5,14,0,1,5,10,2,13,0,0,,0,0,11,46,16,22,13,59.1,4,0,Matches
417,Andros Townsend,eng ENG,MF,Crystal Palace,29-174,1991,12.4,607,13,121,280,283,19,556,24,30,80,25,0,419,3293,1805,456,351,77,21,27,Matches
418,Conor Townsend,eng ENG,DF,West Brom,27-308,1993,7.8,529,30,152,276,124,8,457,6,10,60,6,0,309,1278,788,363,337,92.8,11,5,Matches
419,Adama Traoré,es ESP,"FW,DF",Wolves,24-347,1996,11.5,527,6,64,280,250,39,507,73,93,78.5,77,2,450,4786,3297,564,404,71.6,29,31,Matches
420,Bertrand Traoré,bf BFA,"FW,MF",Aston Villa,25-122,1995,6.8,358,10,47,138,193,28,318,14,21,66.7,17,4,238,1517,744,313,245,78.3,12,14,Matches
421,Trézéguet,eg EGY,FW,Aston Villa,26-097,1994,8,316,16,58,122,166,46,314,16,22,72.7,16,2,202,1384,900,297,193,65,16,7,Matches
422,Leandro Trossard,be BEL,"FW,MF",Brighton,26-033,1994,11.4,566,3,44,253,314,34,515,9,19,47.4,10,1,402,2746,1329,525,403,76.8,17,24,Matches
423,Axel Tuanzebe,eng ENG,DF,Manchester Utd,23-053,1997,0.6,35,5,12,15,9,0,30,0,1,0,0,0,16,65,50,18,17,94.4,2,1,Matches
424,Cengiz Ünder,tr TUR,"MF,FW",Leicester City,23-176,1997,2.3,126,1,9,45,82,8,116,9,14,64.3,10,1,102,811,328,117,88,75.2,8,8,Matches
425,Yan Valery,fr FRA,MF,Southampton,21-319,1999,0.1,6,0,2,1,3,1,6,0,0,,0,0,3,44,28,4,3,75,0,0,Matches
426,Jamie Vardy,eng ENG,FW,Leicester City,33-361,1987,14.5,324,19,28,122,194,84,294,15,21,71.4,16,2,178,1440,799,582,231,39.7,32,11,Matches
427,Joël Veltman,nl NED,DF,Brighton,28-357,1992,9.6,691,41,257,316,156,9,622,6,10,60,7,0,386,2226,1102,445,417,93.7,3,4,Matches
428,Jannik Vestergaard,dk DEN,DF,Southampton,28-156,1992,12.5,949,98,462,492,51,21,933,7,8,87.5,7,0,576,3365,1908,671,662,98.7,3,4,Matches
429,Rúben Vinagre,pt POR,DF,Wolves,21-272,1999,1.9,120,3,39,60,30,0,104,3,7,42.9,4,0,67,489,310,80,68,85,1,2,Matches
430,Carlos Vinícius,br BRA,FW,Tottenham,25-287,1995,0.2,10,0,0,4,6,4,10,2,2,100,2,0,8,53,17,12,7,58.3,1,1,Matches
431,Vitinha,pt POR,MF,Wolves,20-328,2000,1.9,139,1,17,88,44,1,137,3,3,100,3,0,100,548,296,136,116,85.3,4,3,Matches
432,Mat?j Vydra,cz CZE,FW,Burnley,28-250,1992,1.9,60,2,4,22,34,10,60,3,7,42.9,4,1,34,146,61,120,41,34.2,5,3,Matches
433,Theo Walcott,eng ENG,"MF,FW",Southampton,31-296,1989,11.2,426,7,57,203,205,41,423,14,32,43.8,15,0,298,2132,1333,439,289,65.8,34,23,Matches
434,Theo Walcott,eng ENG,FW,Everton,31-296,1989,0.1,2,0,1,1,1,0,2,0,0,,0,0,2,74,73,5,2,40,1,0,Matches
435,Kyle Walker,eng ENG,DF,Manchester City,30-223,1990,11,982,30,232,620,217,10,880,22,32,68.8,23,1,671,4243,2297,736,706,95.9,6,9,Matches
436,Kyle Walker-Peters,eng ENG,DF,Southampton,23-268,1997,17,1222,67,378,670,276,30,1026,32,46,69.6,33,0,752,4929,2791,769,700,91,9,27,Matches
437,Aaron Wan-Bissaka,eng ENG,DF,Manchester Utd,23-041,1997,14,943,47,346,426,230,12,837,15,21,71.4,15,0,550,2890,1577,591,548,92.7,8,12,Matches
438,Joel Ward,eng ENG,DF,Crystal Palace,31-069,1989,8,428,46,151,181,113,3,342,1,2,50,1,0,166,842,473,189,169,89.4,7,3,Matches
439,James Ward-Prowse,eng ENG,MF,Southampton,26-066,1994,17,1370,45,285,856,292,9,1230,4,9,44.4,5,0,704,3123,1580,932,861,92.4,5,6,Matches
440,Ollie Watkins,eng ENG,FW,Aston Villa,25-007,1995,15,498,8,22,190,311,102,474,23,30,76.7,25,1,314,2128,1305,788,383,48.6,46,26,Matches
441,Adam Webster,eng ENG,DF,Brighton,26-002,1995,16,1225,103,624,604,138,23,1188,7,9,77.8,9,0,820,6293,4171,900,884,98.2,8,8,Matches
442,Danny Welbeck,eng ENG,FW,Brighton,30-041,1990,6.9,177,11,17,70,103,39,175,9,17,52.9,9,0,121,800,493,294,120,40.8,20,11,Matches
443,Timo Werner,de GER,FW,Chelsea,24-306,1996,15.1,664,4,70,274,369,94,646,17,41,41.5,20,2,469,3542,2156,756,512,67.7,35,25,Matches
444,Ashley Westwood,eng ENG,MF,Burnley,30-280,1990,15,954,29,167,590,237,14,845,1,5,20,3,0,524,2046,969,650,609,93.7,9,7,Matches
445,Ben White,eng ENG,"DF,MF",Brighton,23-090,1997,15.5,928,91,407,448,123,7,897,10,18,55.6,13,0,588,2934,1397,637,615,96.5,5,8,Matches
446,Georginio Wijnaldum,nl NED,MF,Liverpool,30-056,1990,15,927,16,139,609,256,21,911,12,22,54.5,14,1,674,3965,1691,775,701,90.5,9,17,Matches
447,Brandon Williams,eng ENG,DF,Manchester Utd,20-125,2000,0.1,8,0,2,5,1,0,8,0,0,,0,0,6,30,3,5,5,100,0,0,Matches
448,Neco Williams,wal WAL,DF,Liverpool,19-268,2001,1.9,166,0,43,73,58,3,142,5,6,83.3,5,0,117,622,328,120,110,91.7,1,2,Matches
449,Rhys Williams,eng ENG,DF,Liverpool,19-338,2001,1.3,113,10,44,72,6,1,112,0,0,,0,0,67,375,191,73,73,100,0,0,Matches
450,Willian,br BRA,"FW,MF",Arsenal,32-150,1988,10,592,7,67,240,323,29,524,6,8,75,6,0,405,2701,1412,505,420,83.2,13,16,Matches
451,Joe Willock,eng ENG,MF,Arsenal,21-139,1999,2.6,134,7,22,68,61,14,134,3,7,42.9,3,0,101,784,402,117,93,79.5,5,10,Matches
452,Callum Wilson,eng ENG,FW,Newcastle Utd,28-314,1992,13.7,361,9,34,170,190,60,347,15,25,60,17,0,236,1754,1052,602,266,44.2,39,28,Matches
453,Harry Winks,eng ENG,MF,Tottenham,24-339,1996,5,347,20,96,230,36,1,341,1,3,33.3,2,0,219,975,488,266,254,95.5,1,4,Matches
454,Chris Wood,nz NZL,FW,Burnley,29-030,1991,14.3,407,8,22,185,213,54,400,4,9,44.4,4,0,210,805,324,704,333,47.3,37,24,Matches
455,Granit Xhaka,ch SUI,MF,Arsenal,28-101,1992,11.1,858,47,212,573,133,5,832,1,3,33.3,1,0,605,3282,1798,668,633,94.8,3,7,Matches
456,Andriy Yarmolenko,ua UKR,"FW,MF",West Ham,31-075,1989,2.7,142,2,32,57,69,11,137,7,7,100,7,1,114,1047,532,139,99,71.2,5,6,Matches
457,DeAndre Yedlin,us USA,DF,Newcastle Utd,27-181,1993,3.9,180,14,55,64,68,4,160,1,2,50,1,0,92,325,231,126,103,81.7,3,1,Matches
458,Wilfried Zaha,ci CIV,FW,Crystal Palace,28-057,1992,14.9,618,0,40,267,367,86,610,20,49,40.8,22,3,491,3602,2381,739,486,65.8,41,65,Matches
459,Andre-Frank Zambo Anguissa,cm CMR,MF,Fulham,25-051,1995,13.3,888,23,193,549,224,25,877,42,55,76.4,44,0,663,4328,2387,678,598,88.2,23,33,Matches
460,Andi Zeqiri,ch SUI,"FW,DF",Brighton,21-198,1999,0.7,20,0,0,4,17,9,20,0,0,,0,0,13,76,51,34,13,38.2,1,2,Matches
461,Oleksandr Zinchenko,ua UKR,DF,Manchester City,24-022,1996,1.1,82,4,23,44,17,0,72,0,1,0,0,0,41,149,81,63,60,95.2,0,0,Matches
462,Hakim Ziyech,ma MAR,FW,Chelsea,27-293,1993,5,353,3,26,146,193,11,335,4,13,30.8,5,1,266,1110,514,333,274,82.3,10,5,Matches
463,Kurt Zouma,fr FRA,DF,Chelsea,26-071,1994,15,1259,180,660,643,31,18,1239,3,4,75,3,0,827,4055,2239,963,946,98.2,3,2,Matches
