,,,,,,,,Standard,,,,,,,,,,,,Expected,,,,,
Rk,Player,Nation,Pos,Squad,Age,Born,90s,Gls,Sh,SoT,SoT%,Sh/90,SoT/90,G/Sh,G/SoT,Dist,FK,PK,PKatt,xG,npxG,npxG/Sh,G-xG,np:G-xG,Matches
1,Patrick van Aanholt,nl NED,DF,Crystal Palace,30-130,1990,9.2,0,12,5,41.7,1.3,0.54,0,0,19.5,3,0,0,0.7,0.7,0.06,-0.7,-0.7,Matches
2,Tammy Abraham,eng ENG,FW,Chelsea,23-096,1997,8.7,6,27,11,40.7,3.11,1.27,0.22,0.55,10,0,0,0,5.1,5.1,0.19,0.9,0.9,Matches
3,Che Adams,eng ENG,FW,Southampton,24-177,1996,15,4,28,14,50,1.87,0.94,0.14,0.29,13.7,0,0,0,3.6,3.6,0.13,0.4,0.4,Matches
4,Tosin Adarabioyo,eng ENG,DF,Fulham,23-104,1997,11,0,9,0,0,0.82,0,0,,9.1,0,0,0,0.5,0.5,0.05,-0.5,-0.5,Matches
5,Adrián,es ESP,GK,Liverpool,34-003,1987,2,0,0,0,,0,0,,,,0,0,0,0,0,,0,0,Matches
6,Sergio Agüero,ar ARG,FW,Manchester City,32-218,1988,1.6,0,4,1,25,2.52,0.63,0,0,8.4,0,0,0,0.7,0.7,0.17,-0.7,-0.7,Matches
7,Ola Aina,ng NGA,DF,Fulham,24-090,1996,12,1,5,1,20,0.42,0.08,0.2,1,27,0,0,0,0.3,0.3,0.07,0.7,0.7,Matches
8,Rayan Aït Nouri,fr FRA,DF,Wolves,19-214,2001,5.9,1,7,3,42.9,1.19,0.51,0.14,0.33,18.8,0,0,0,0.3,0.3,0.04,0.7,0.7,Matches
9,Semi Ajayi,ng NGA,DF,West Brom,27-058,1993,16,1,4,1,25,0.25,0.06,0.25,1,10,0,0,0,0.3,0.3,0.08,0.7,0.7,Matches
10,Nathan Aké,nl NED,DF,Manchester City,25-323,1995,5.2,1,1,1,100,0.19,0.19,1,1,7,0,0,0,0.1,0.1,0.07,0.9,0.9,Matches
11,Marc Albrighton,eng ENG,"DF,FW",Leicester City,31-049,1989,7.8,0,7,2,28.6,0.9,0.26,0,0,20.4,0,0,0,0.5,0.5,0.07,-0.5,-0.5,Matches
12,Thiago Alcántara,es ESP,MF,Liverpool,29-270,1991,2.7,0,7,0,0,2.59,0,0,,22,0,0,0,0.2,0.2,0.02,-0.2,-0.2,Matches
13,Toby Alderweireld,be BEL,DF,Tottenham,31-310,1989,10.9,1,5,2,40,0.46,0.18,0.2,0.5,7.9,0,0,0,0.3,0.3,0.07,0.7,0.7,Matches
14,Trent Alexander-Arnold,eng ENG,DF,Liverpool,22-091,1998,13.5,0,20,3,15,1.48,0.22,0,0,27.1,8,0,0,1,1,0.05,-1,-1,Matches
15,Ezgjan Alioski,mk MKD,"DF,MF",Leeds United,28-329,1992,10.8,2,13,5,38.5,1.2,0.46,0.15,0.4,19,0,0,0,1,1,0.08,1,1,Matches
16,Alisson,br BRA,GK,Liverpool,28-096,1992,14,0,0,0,,0,0,,,,0,0,0,0,0,,0,0,Matches
17,Allan,br BRA,MF,Everton,29-364,1991,11.4,0,4,1,25,0.35,0.09,0,0,23.8,0,0,0,0.1,0.1,0.03,-0.1,-0.1,Matches
18,Dele Alli,eng ENG,"MF,FW",Tottenham,24-270,1996,0.9,0,2,1,50,2.34,1.17,0,0,10.7,0,0,0,0.2,0.2,0.09,-0.2,-0.2,Matches
19,Miguel Almirón,py PAR,"MF,FW",Newcastle Utd,26-331,1994,9.4,1,10,5,50,1.07,0.53,0.1,0.2,17.3,0,0,0,1,1,0.1,0,0,Matches
20,Marcos Alonso,es ESP,DF,Chelsea,30-009,1990,2.5,0,2,0,0,0.8,0,0,,25.5,1,0,0,0.1,0.1,0.04,-0.1,-0.1,Matches
21,Steven Alzate,co COL,MF,Brighton,22-120,1998,5.8,0,3,1,33.3,0.52,0.17,0,0,17.2,0,0,0,0.2,0.2,0.08,-0.2,-0.2,Matches
22,Daniel Amartey,gh GHA,DF,Leicester City,26-016,1994,2.9,0,1,0,0,0.34,0,0,,10,0,0,0,0.1,0.1,0.06,-0.1,-0.1,Matches
23,Ethan Ampadu,wal WAL,"MF,DF",Sheffield Utd,20-114,2000,9.8,0,3,0,0,0.31,0,0,,24.7,0,0,0,0.1,0.1,0.04,-0.1,-0.1,Matches
24,Joachim Andersen,dk DEN,DF,Fulham,24-220,1996,8.7,0,1,0,0,0.12,0,0,,25,0,0,0,0,0,0.04,0,0,Matches
25,Felipe Anderson,br BRA,"FW,MF",West Ham,27-266,1993,0,0,0,0,,0,0,,,,0,0,0,0,0,,0,0,Matches
26,Michail Antonio,eng ENG,FW,West Ham,30-284,1990,6.4,3,20,10,50,3.15,1.57,0.15,0.3,14.2,0,0,0,2.8,2.8,0.14,0.2,0.2,Matches
27,Alphonse Areola,fr FRA,GK,Fulham,27-314,1993,14,0,0,0,,0,0,,,,0,0,0,0,0,,0,0,Matches
28,Stuart Armstrong,sco SCO,MF,Southampton,28-282,1992,12.5,2,16,3,18.8,1.28,0.24,0.13,0.67,19.8,0,0,0,1,1,0.06,1,1,Matches
29,Kepa Arrizabalaga,es ESP,GK,Chelsea,26-095,1994,3,0,0,0,,0,0,,,,0,0,0,0,0,,0,0,Matches
30,Pierre-Emerick Aubameyang,ga GAB,FW,Arsenal,31-202,1989,15,3,30,12,40,2.01,0.8,0.07,0.17,14,0,1,1,4.6,3.8,0.13,-1.6,-1.8,Matches
31,Serge Aurier,ci CIV,DF,Tottenham,28-013,1992,7.7,1,6,3,50,0.78,0.39,0.17,0.33,20,0,0,0,0.7,0.7,0.11,0.3,0.3,Matches
32,Charlie Austin,eng ENG,FW,West Brom,31-185,1989,1.5,0,3,0,0,1.96,0,0,,19.3,0,0,0,0.2,0.2,0.07,-0.2,-0.2,Matches
33,Jordan Ayew,gh GHA,"FW,MF",Crystal Palace,29-117,1991,8.4,1,10,6,60,1.19,0.71,0.1,0.17,14.5,0,0,0,1.2,1.2,0.12,-0.2,-0.2,Matches
34,Luke Ayling,eng ENG,DF,Leeds United,29-134,1991,16.8,0,12,3,25,0.72,0.18,0,0,18.1,0,0,0,0.6,0.6,0.05,-0.6,-0.6,Matches
35,César Azpilicueta,es ESP,DF,Chelsea,31-131,1989,6.6,0,3,2,66.7,0.46,0.3,0,0,17.3,0,0,0,0.2,0.2,0.08,-0.2,-0.2,Matches
36,Eric Bailly,ci CIV,DF,Manchester Utd,26-269,1994,4.1,0,1,0,0,0.24,0,0,,11,0,0,0,0,0,0.05,0,0,Matches
37,Fabián Balbuena,py PAR,DF,West Ham,29-136,1991,12,1,7,2,28.6,0.58,0.17,0.14,0.5,9.1,0,0,0,0.6,0.6,0.09,0.4,0.4,Matches
38,George Baldock,eng ENG,DF,Sheffield Utd,27-303,1993,16,0,10,2,20,0.62,0.12,0,0,16.5,0,0,0,1,1,0.1,-1,-1,Matches
39,Gareth Bale,wal WAL,FW,Tottenham,31-174,1989,1.8,1,7,2,28.6,3.89,1.11,0.14,0.5,17.4,2,0,0,0.6,0.6,0.09,0.4,0.4,Matches
40,Patrick Bamford,eng ENG,FW,Leeds United,27-123,1993,16.2,10,64,26,40.6,3.96,1.61,0.14,0.35,12.9,0,1,1,11.1,10.3,0.16,-1.1,-1.3,Matches
41,Phil Bardsley,sco SCO,DF,Burnley,35-192,1985,3,0,4,0,0,1.33,0,0,,25.8,0,0,0,0.1,0.1,0.03,-0.1,-0.1,Matches
42,Ross Barkley,eng ENG,MF,Chelsea,27-032,1993,0.5,0,1,1,100,2.14,2.14,0,0,28,0,0,0,0,0,0.03,0,0,Matches
43,Ross Barkley,eng ENG,MF,Aston Villa,27-032,1993,5,2,17,5,29.4,3.37,0.99,0.12,0.4,19,1,0,0,1.5,1.5,0.09,0.5,0.5,Matches
44,Ashley Barnes,eng ENG,FW,Burnley,31-068,1989,8.7,1,22,8,36.4,2.53,0.92,0.05,0.13,16.3,0,0,0,2.1,2.1,0.09,-1.1,-1.1,Matches
45,Harvey Barnes,eng ENG,"FW,MF",Leicester City,23-028,1997,13.2,5,34,16,47.1,2.57,1.21,0.15,0.31,16.8,0,0,0,3.5,3.5,0.1,1.5,1.5,Matches
46,Kyle Bartley,eng ENG,DF,West Brom,29-229,1991,8.3,1,6,3,50,0.72,0.36,0.17,0.33,6.6,0,0,0,1.1,1.1,0.18,-0.1,-0.1,Matches
47,Chris Basham,eng ENG,"DF,MF",Sheffield Utd,32-170,1988,15.8,0,7,0,0,0.44,0,0,,14.5,0,0,0,0.6,0.6,0.09,-0.6,-0.6,Matches
48,Michy Batshuayi,be BEL,FW,Crystal Palace,27-096,1993,4.8,0,7,3,42.9,1.47,0.63,0,0,17.7,0,0,0,0.6,0.6,0.09,-0.6,-0.6,Matches
49,Jan Bednarek,pl POL,DF,Southampton,24-269,1996,16,1,5,3,60,0.31,0.19,0.2,0.33,6.7,0,0,0,0.6,0.6,0.12,0.4,0.4,Matches
50,Donny van de Beek,nl NED,"MF,FW",Manchester Utd,23-263,1997,2.9,1,1,1,100,0.35,0.35,1,1,9.9,0,0,0,0.3,0.3,0.26,0.7,0.7,Matches
51,Héctor Bellerín,es ESP,DF,Arsenal,25-293,1995,14.2,0,5,2,40,0.35,0.14,0,0,20.2,0,0,0,0.2,0.2,0.03,-0.2,-0.2,Matches
52,Saïd Benrahma,dz ALG,"MF,FW",West Ham,25-149,1995,4.4,0,13,4,30.8,2.95,0.91,0,0,19.1,1,0,0,0.7,0.7,0.06,-0.7,-0.7,Matches
53,Josh Benson,eng ENG,MF,Burnley,21-032,1999,2.8,0,2,0,0,0.71,0,0,,23.5,1,0,0,0.2,0.2,0.09,-0.2,-0.2,Matches
54,Christian Benteke,be BEL,FW,Crystal Palace,30-034,1990,6,3,23,9,39.1,3.83,1.5,0.13,0.33,9.2,0,0,0,2.9,2.9,0.13,0.1,0.1,Matches
55,Jóhann Berg Guðmundsson,is ISL,MF,Burnley,30-071,1990,2.7,0,4,2,50,1.5,0.75,0,0,23.6,1,0,0,0.4,0.4,0.11,-0.4,-0.4,Matches
56,Sander Berge,no NOR,MF,Sheffield Utd,22-327,1998,11.3,1,9,1,11.1,0.8,0.09,0,0,17.8,0,1,1,1.2,0.5,0.05,-0.2,-0.5,Matches
57,Steven Bergwijn,nl NED,"FW,MF",Tottenham,23-090,1997,7.6,0,9,1,11.1,1.19,0.13,0,0,15.5,0,0,0,1.6,1.6,0.18,-1.6,-1.6,Matches
58,Bernard,br BRA,"FW,MF",Everton,28-120,1992,3,1,4,2,50,1.31,0.66,0.25,0.5,18.3,0,0,0,0.2,0.2,0.04,0.8,0.8,Matches
59,Bernardo,br BRA,"MF,DF",Brighton,25-237,1995,1.3,0,4,0,0,3.1,0,0,,6.9,0,0,0,0.3,0.3,0.08,-0.3,-0.3,Matches
60,Ryan Bertrand,eng ENG,DF,Southampton,31-154,1989,15.9,0,4,1,25,0.25,0.06,0,0,21.6,0,0,0,0.3,0.3,0.08,-0.3,-0.3,Matches
61,Yves Bissouma,ml MLI,MF,Brighton,24-129,1996,15.3,1,19,2,10.5,1.24,0.13,0.05,0.5,25.1,1,0,0,0.5,0.5,0.03,0.5,0.5,Matches
62,Jayden Bogle,eng ENG,"DF,MF",Sheffield Utd,20-163,2000,1.4,1,2,2,100,1.42,1.42,0.5,0.5,11.2,0,0,0,0.2,0.2,0.08,0.8,0.8,Matches
63,Willy Boly,ci CIV,DF,Wolves,29-338,1991,12,0,4,0,0,0.33,0,0,,10.5,0,0,0,0.3,0.3,0.06,-0.3,-0.3,Matches
64,Jarrod Bowen,eng ENG,"FW,MF",West Ham,24-017,1996,14.3,4,34,6,17.6,2.37,0.42,0.12,0.67,17.5,0,0,0,3.3,3.3,0.1,0.7,0.7,Matches
65,Robbie Brady,ie IRL,MF,Burnley,28-358,1992,6.8,1,7,4,57.1,1.04,0.59,0.14,0.25,20.4,2,0,0,0.4,0.4,0.05,0.6,0.6,Matches
66,Rhian Brewster,eng ENG,FW,Sheffield Utd,20-280,2000,6.7,0,9,3,33.3,1.35,0.45,0,0,16.2,1,0,0,1.1,1.1,0.13,-1.1,-1.1,Matches
67,Josh Brownhill,eng ENG,MF,Burnley,25-018,1995,14,0,14,1,7.1,1,0.07,0,0,20.5,4,0,0,0.7,0.7,0.05,-0.7,-0.7,Matches
68,Joe Bryan,eng ENG,"DF,FW",Fulham,27-111,1993,3.8,0,3,1,33.3,0.79,0.26,0,0,24.7,1,0,0,0.1,0.1,0.03,-0.1,-0.1,Matches
69,Kean Bryan,eng ENG,DF,Sheffield Utd,24-066,1996,1.7,0,0,0,,0,0,,,,0,0,0,0,0,,0,0,Matches
70,Oliver Burke,sco SCO,FW,Sheffield Utd,23-274,1997,6.8,0,9,3,33.3,1.32,0.44,0,0,13.1,0,0,0,1.2,1.2,0.14,-1.2,-1.2,Matches
71,Dan Burn,eng ENG,DF,Brighton,28-242,1992,8.1,0,5,0,0,0.61,0,0,,17.3,0,0,0,0.1,0.1,0.03,-0.1,-0.1,Matches
72,Oskar Buur,dk DEN,DF,Wolves,22-281,1998,0.2,0,0,0,,0,0,,,,0,0,0,0,0,,0,0,Matches
73,Willy Caballero,ar ARG,GK,Chelsea,39-100,1981,1,0,0,0,,0,0,,,,0,0,0,0,0,,0,0,Matches
74,Gary Cahill,eng ENG,DF,Crystal Palace,35-018,1985,5,0,1,0,0,0.2,0,0,,15,0,0,0,0.1,0.1,0.11,-0.1,-0.1,Matches
75,Tom Cairney,sco SCO,MF,Fulham,29-352,1991,8.4,1,12,4,33.3,1.42,0.47,0.08,0.25,20,0,0,0,0.7,0.7,0.06,0.3,0.3,Matches
76,Dominic Calvert-Lewin,eng ENG,FW,Everton,23-296,1997,15.6,11,44,24,54.5,2.82,1.54,0.25,0.46,11.7,0,0,0,8.3,8.3,0.19,2.7,2.7,Matches
77,João Cancelo,pt POR,"DF,MF",Manchester City,26-224,1994,11,0,9,2,22.2,0.82,0.18,0,0,23.4,0,0,0,0.3,0.3,0.03,-0.3,-0.3,Matches
78,Ian Carlo Poveda,eng ENG,"MF,DF",Leeds United,20-332,2000,2.6,0,5,3,60,1.9,1.14,0,0,17.6,0,0,0,0.4,0.4,0.07,-0.4,-0.4,Matches
79,Andy Carroll,eng ENG,FW,Newcastle Utd,32-000,1989,2.4,1,9,1,11.1,3.77,0.42,0.11,1,14.6,0,0,0,0.6,0.6,0.07,0.4,0.4,Matches
80,Matty Cash,eng ENG,DF,Aston Villa,23-152,1997,13.6,0,5,1,20,0.37,0.07,0,0,20.6,0,0,0,0.2,0.2,0.05,-0.2,-0.2,Matches
81,Timothy Castagne,be BEL,DF,Leicester City,25-032,1995,8.7,1,2,2,100,0.23,0.23,0.5,0.5,7.2,0,0,0,0.3,0.3,0.14,0.7,0.7,Matches
82,Ivan Cavaleiro,pt POR,FW,Fulham,27-080,1993,10.8,1,18,8,44.4,1.67,0.74,0,0,19.4,0,1,2,2.5,1.8,0.1,-1.5,-1.8,Matches
83,Edinson Cavani,uy URU,FW,Manchester Utd,33-327,1987,3.4,3,13,5,38.5,3.87,1.49,0.23,0.6,9.9,0,0,0,2.4,2.4,0.19,0.6,0.6,Matches
84,Dani Ceballos,es ESP,MF,Arsenal,24-152,1996,10.6,0,6,0,0,0.57,0,0,,29,1,0,0,0.1,0.1,0.02,-0.1,-0.1,Matches
85,Ben Chilwell,eng ENG,DF,Chelsea,24-016,1996,13,2,11,6,54.5,0.85,0.46,0.18,0.33,12.9,0,0,0,1,1,0.09,1,1,Matches
86,Hamza Choudhury,eng ENG,MF,Leicester City,23-097,1997,0.8,0,0,0,,0,0,,,,0,0,0,0,0,,0,0,Matches
87,Andreas Christensen,dk DEN,DF,Chelsea,24-271,1996,4.5,0,1,0,0,0.22,0,0,,8.3,0,0,0,0,0,0.04,0,0,Matches
88,Ciaran Clark,ie IRL,DF,Newcastle Utd,31-102,1989,8,1,5,2,40,0.62,0.25,0.2,0.5,11.3,0,0,0,0.2,0.2,0.04,0.8,0.8,Matches
89,Nathaniel Clyne,eng ENG,DF,Crystal Palace,29-276,1991,8.8,0,2,1,50,0.23,0.11,0,0,23.6,0,0,0,0,0,0.02,0,0,Matches
90,Conor Coady,eng ENG,DF,Wolves,27-316,1993,16,0,2,0,0,0.12,0,0,,21.6,0,0,0,0,0,0.02,0,0,Matches
91,Séamus Coleman,ie IRL,DF,Everton,32-087,1988,6.3,0,3,3,100,0.47,0.47,0,0,22.3,0,0,0,0.2,0.2,0.05,-0.2,-0.2,Matches
92,Aaron Connolly,ie IRL,FW,Brighton,20-344,2000,6.5,2,14,6,42.9,2.17,0.93,0.14,0.33,13.1,0,0,0,2.1,2.1,0.15,-0.1,-0.1,Matches
93,Liam Cooper,sco SCO,DF,Leeds United,29-129,1991,10.8,1,6,2,33.3,0.56,0.19,0.17,0.5,8.4,0,0,0,0.4,0.4,0.07,0.6,0.6,Matches
94,Hélder Costa,pt POR,MF,Leeds United,26-360,1994,7.5,2,9,4,44.4,1.19,0.53,0.22,0.5,14.7,0,0,0,1,1,0.11,1,1,Matches
95,Vladimír Coufal,cz CZE,DF,West Ham,28-137,1992,12.9,0,4,1,25,0.31,0.08,0,0,16.4,0,0,0,0.3,0.3,0.07,-0.3,-0.3,Matches
96,Aaron Cresswell,eng ENG,DF,West Ham,31-022,1989,17,0,10,3,30,0.59,0.18,0,0,23.7,5,0,0,0.5,0.5,0.05,-0.5,-0.5,Matches
97,Stuart Dallas,nir NIR,"DF,MF",Leeds United,29-262,1991,16.9,3,20,8,40,1.18,0.47,0.15,0.38,20.8,0,0,0,1.9,1.9,0.1,1.1,1.1,Matches
98,Scott Dann,eng ENG,DF,Crystal Palace,33-327,1987,8,1,5,2,40,0.62,0.25,0.2,0.5,9.2,0,0,0,0.3,0.3,0.07,0.7,0.7,Matches
99,Karl Darlow,eng ENG,GK,Newcastle Utd,30-090,1990,16,0,0,0,,0,0,,,,0,0,0,0,0,,0,0,Matches
100,Ben Davies,wal WAL,DF,Tottenham,27-257,1993,7.6,0,2,0,0,0.26,0,0,,10.4,0,0,0,0.2,0.2,0.09,-0.2,-0.2,Matches
101,Tom Davies,eng ENG,"MF,DF",Everton,22-190,1998,4.7,0,1,0,0,0.21,0,0,,35,0,0,0,0,0,0.01,0,0,Matches
102,Keinan Davis,eng ENG,FW,Aston Villa,22-328,1998,0.6,0,3,0,0,5.29,0,0,,10,0,0,0,0.3,0.3,0.1,-0.3,-0.3,Matches
103,Leif Davis,eng ENG,DF,Leeds United,20-360,2000,0.4,0,0,0,,0,0,,,,0,0,0,0,0,,0,0,Matches
104,Craig Dawson,eng ENG,DF,West Ham,30-245,1990,2,0,0,0,,0,0,,,,0,0,0,0,0,,0,0,Matches
105,Kevin De Bruyne,be BEL,MF,Manchester City,29-192,1991,13.2,3,47,13,27.7,3.56,0.98,0.02,0.08,20.8,8,2,3,7,4.7,0.1,-4,-3.7,Matches
106,Liam Delap,eng ENG,FW,Manchester City,17-333,2003,0.4,0,1,0,0,2.25,0,0,,12,0,0,0,0,0,0.03,0,0,Matches
107,Fabian Delph,eng ENG,"MF,DF",Everton,31-046,1989,2.4,0,1,0,0,0.42,0,0,,30.4,0,0,0,0,0,0.03,0,0,Matches
108,Leander Dendoncker,be BEL,MF,Wolves,25-266,1995,10.5,0,15,6,40,1.43,0.57,0,0,13.6,0,0,0,2,2,0.13,-2,-2,Matches
109,Ibrahima Diallo,fr FRA,MF,Southampton,21-304,1999,2.3,0,0,0,,0,0,,,,0,0,0,0,0,,0,0,Matches
110,Grady Diangana,eng ENG,"MF,FW",West Brom,22-262,1998,11.9,1,12,5,41.7,1.01,0.42,0.08,0.2,16.1,0,0,0,1,1,0.08,0,0,Matches
111,Raphael Dias Belloli,br BRA,MF,Leeds United,24-023,1996,9.3,2,30,11,36.7,3.23,1.19,0.07,0.18,17.8,1,0,0,2.3,2.3,0.08,-0.3,-0.3,Matches
112,Rúben Dias,pt POR,DF,Manchester City,23-237,1997,12.8,0,7,3,42.9,0.55,0.23,0,0,7.8,0,0,0,0.8,0.8,0.12,-0.8,-0.8,Matches
113,Eric Dier,eng ENG,DF,Tottenham,26-357,1994,15,0,8,2,25,0.53,0.13,0,0,22.9,5,0,0,0.4,0.4,0.05,-0.4,-0.4,Matches
114,Lucas Digne,fr FRA,DF,Everton,27-170,1993,7.8,0,3,0,0,0.39,0,0,,22.9,1,0,0,0.2,0.2,0.06,-0.2,-0.2,Matches
115,Virgil van Dijk,nl NED,DF,Liverpool,29-182,1991,4.1,1,4,2,50,0.97,0.49,0.25,0.5,13.5,0,0,0,0.3,0.3,0.08,0.7,0.7,Matches
116,Issa Diop,fr FRA,DF,West Ham,23-363,1997,3.3,0,0,0,,0,0,,,,0,0,0,0,0,,0,0,Matches
117,Moussa Djenepo,ml MLI,MF,Southampton,22-205,1998,7.7,1,9,2,22.2,1.16,0.26,0.11,0.5,20.2,0,0,0,0.5,0.5,0.05,0.5,0.5,Matches
118,Matt Doherty,ie IRL,DF,Tottenham,28-356,1992,7.8,0,1,1,100,0.13,0.13,0,0,5.8,0,0,0,0.3,0.3,0.34,-0.3,-0.3,Matches
119,Gabriel Dos Santos,br BRA,DF,Arsenal,23-018,1997,11.7,2,10,3,30,0.86,0.26,0.2,0.67,11,0,0,0,0.7,0.7,0.07,1.3,1.3,Matches
120,Abdoulaye Doucouré,fr FRA,MF,Everton,28-005,1993,15.1,1,13,4,30.8,0.86,0.27,0.08,0.25,17.9,0,0,0,1.4,1.4,0.11,-0.4,-0.4,Matches
121,Paul Dummett,wal WAL,DF,Newcastle Utd,29-102,1991,0.9,0,0,0,,0,0,,,,0,0,0,0,0,,0,0,Matches
122,Lewis Dunk,eng ENG,DF,Brighton,29-046,1991,14,2,13,4,30.8,0.93,0.29,0.15,0.5,11.9,1,0,0,1.6,1.6,0.13,0.4,0.4,Matches
123,Jimmy Dunne,ie IRL,DF,Burnley,23-079,1997,2,1,3,1,33.3,1.5,0.5,0.33,1,8.4,0,0,0,0.3,0.3,0.09,0.7,0.7,Matches
124,Ederson,br BRA,GK,Manchester City,27-142,1993,14,0,0,0,,0,0,,,,0,0,0,0,0,,0,0,Matches
125,Kyle Edwards,eng ENG,"MF,FW",West Brom,22-324,1998,1.3,0,2,1,50,1.53,0.76,0,0,15.2,0,0,0,0.1,0.1,0.07,-0.1,-0.1,Matches
126,John Egan,ie IRL,DF,Sheffield Utd,28-078,1992,15.1,0,7,0,0,0.46,0,0,,10.3,0,0,0,0.4,0.4,0.05,-0.4,-0.4,Matches
127,Ahmed Elmohamady,eg EGY,DF,Aston Villa,33-119,1987,1.5,0,2,0,0,1.35,0,0,,13.4,0,0,0,0.1,0.1,0.06,-0.1,-0.1,Matches
128,Mohamed Elneny,eg EGY,MF,Arsenal,28-179,1992,9.7,0,4,0,0,0.41,0,0,,17.5,0,0,0,0.4,0.4,0.09,-0.4,-0.4,Matches
129,Jonny Evans,nir NIR,DF,Leicester City,33-003,1988,12.9,0,2,0,0,0.16,0,0,,8.5,0,0,0,0.1,0.1,0.07,-0.1,-0.1,Matches
130,Eberechi Eze,eng ENG,MF,Crystal Palace,22-191,1998,10.7,2,16,7,43.8,1.5,0.65,0.13,0.29,20.3,2,0,0,1.1,1.1,0.07,0.9,0.9,Matches
131,?ukasz Fabia?ski,pl POL,GK,West Ham,35-263,1985,16,0,0,0,,0,0,,,,0,0,0,0,0,,0,0,Matches
132,Fabinho,br BRA,"DF,MF",Liverpool,27-075,1993,14.4,0,3,0,0,0.21,0,0,,26.2,0,0,0,0.1,0.1,0.03,-0.1,-0.1,Matches
133,Bruno Fernandes,pt POR,MF,Manchester Utd,26-120,1994,14.4,11,45,16,35.6,3.12,1.11,0.13,0.38,22.6,5,5,6,8.2,3.6,0.08,2.8,2.4,Matches
134,Federico Fernández,ar ARG,DF,Newcastle Utd,31-320,1989,14.5,0,1,1,100,0.07,0.07,0,0,5.8,0,0,0,0.1,0.1,0.08,-0.1,-0.1,Matches
135,Fernandinho,br BRA,MF,Manchester City,35-247,1985,3.8,0,7,1,14.3,1.85,0.26,0,0,18.9,0,0,0,0.5,0.5,0.07,-0.5,-0.5,Matches
136,Sam Field,eng ENG,MF,West Brom,22-243,1998,0.7,0,0,0,,0,0,,,,0,0,0,0,0,,0,0,Matches
137,Roberto Firmino,br BRA,"FW,MF",Liverpool,29-096,1991,15.5,5,38,15,39.5,2.46,0.97,0.13,0.33,12.6,0,0,0,6,6,0.16,-1,-1,Matches
138,John Fleck,sco SCO,MF,Sheffield Utd,29-135,1991,8.7,0,7,1,14.3,0.8,0.11,0,0,21.2,0,0,0,0.5,0.5,0.07,-0.5,-0.5,Matches
139,Phil Foden,eng ENG,"FW,DF",Manchester City,20-223,2000,6.6,3,17,6,35.3,2.59,0.92,0.18,0.5,14.9,0,0,0,2,2,0.12,1,1,Matches
140,Wesley Fofana,fr FRA,DF,Leicester City,20-020,2000,12,0,6,0,0,0.5,0,0,,8.6,0,0,0,0.7,0.7,0.11,-0.7,-0.7,Matches
141,Pablo Fornals,es ESP,"MF,FW",West Ham,24-319,1996,14,2,24,7,29.2,1.71,0.5,0.08,0.29,14.2,0,0,0,3.7,3.7,0.15,-1.7,-1.7,Matches
142,Fraser Forster,eng ENG,GK,Southampton,32-295,1988,1,0,0,0,,0,0,,,,0,0,0,0,0,,0,0,Matches
143,Timothy Fosu-Mensah,nl NED,DF,Manchester Utd,23-004,1998,0.9,0,1,0,0,1.13,0,0,,28.4,0,0,0,0,0,0.03,0,0,Matches
144,Ryan Fraser,sco SCO,MF,Newcastle Utd,26-317,1994,3.1,0,2,1,50,0.65,0.33,0,0,26.9,0,0,0,0.1,0.1,0.04,-0.1,-0.1,Matches
145,Fred,br BRA,MF,Manchester Utd,27-307,1993,10.1,0,8,1,12.5,0.79,0.1,0,0,21.3,0,0,0,0.5,0.5,0.07,-0.5,-0.5,Matches
146,Ryan Fredericks,eng ENG,DF,West Ham,28-088,1992,3.5,0,1,1,100,0.28,0.28,0,0,5.8,0,0,0,0.2,0.2,0.19,-0.2,-0.2,Matches
147,Christian Fuchs,at AUT,DF,Leicester City,34-274,1986,7.8,0,4,0,0,0.51,0,0,,26.4,0,0,0,0.1,0.1,0.02,-0.1,-0.1,Matches
148,Darnell Furlong,eng ENG,DF,West Brom,25-067,1995,15.8,1,13,3,23.1,0.83,0.19,0.08,0.33,13.6,0,0,0,0.8,0.8,0.06,0.2,0.2,Matches
149,Conor Gallagher,eng ENG,MF,West Brom,20-335,2000,12.9,2,18,5,27.8,1.4,0.39,0.11,0.4,21.7,0,0,0,0.9,0.9,0.05,1.1,1.1,Matches
150,Eric García,es ESP,DF,Manchester City,19-363,2001,2.2,0,1,0,0,0.45,0,0,,33,0,0,0,0,0,0.01,0,0,Matches
151,Dwight Gayle,eng ENG,FW,Newcastle Utd,30-081,1990,0.7,1,3,1,33.3,4.22,1.41,0.33,1,11.3,0,0,0,0.2,0.2,0.07,0.8,0.8,Matches
152,David de Gea,es ESP,GK,Manchester Utd,30-060,1990,13.5,0,0,0,,0,0,,,,0,0,0,0,0,,0,0,Matches
153,Anwar El Ghazi,nl NED,FW,Aston Villa,25-248,1995,5.4,5,25,14,56,4.67,2.61,0.12,0.21,19.8,2,2,2,3.8,2.3,0.09,1.2,0.7,Matches
154,Kieran Gibbs,eng ENG,DF,West Brom,31-102,1989,5,0,0,0,,0,0,,,,0,0,0,0,0,,0,0,Matches
155,Billy Gilmour,sco SCO,MF,Chelsea,19-209,2001,0.4,0,0,0,,0,0,,,,0,0,0,0,0,,0,0,Matches
156,Olivier Giroud,fr FRA,FW,Chelsea,34-098,1986,4,3,15,4,26.7,3.74,1,0.2,0.75,9.5,0,0,0,2.6,2.6,0.18,0.4,0.4,Matches
157,Ben Godfrey,eng ENG,DF,Everton,22-357,1998,9.7,0,1,1,100,0.1,0.1,0,0,11,0,0,0,0.1,0.1,0.1,-0.1,-0.1,Matches
158,André Gomes,pt POR,MF,Everton,27-160,1993,6.1,0,4,0,0,0.65,0,0,,25.6,0,0,0,0.1,0.1,0.03,-0.1,-0.1,Matches
159,Joe Gomez,eng ENG,DF,Liverpool,23-228,1997,6.6,0,0,0,,0,0,,,,0,0,0,0,0,,0,0,Matches
160,Anthony Gordon,eng ENG,"FW,MF",Everton,19-317,2001,1,0,0,0,,0,0,,,,0,0,0,0,0,,0,0,Matches
161,Karlan Grant,eng ENG,FW,West Brom,23-110,1997,9.5,1,15,8,53.3,1.58,0.84,0.07,0.13,14.7,1,0,0,2.1,2.1,0.14,-1.1,-1.1,Matches
162,Demarai Gray,eng ENG,FW,Leicester City,24-192,1996,0.2,0,1,0,0,4.74,0,0,,29,1,0,0,0,0,0.04,0,0,Matches
163,Jack Grealish,eng ENG,"FW,MF",Aston Villa,25-118,1995,15,5,39,12,30.8,2.6,0.8,0.13,0.42,16.3,1,0,0,3.4,3.4,0.09,1.6,1.6,Matches
164,Mason Greenwood,eng ENG,FW,Manchester Utd,19-097,2001,6.9,1,19,5,26.3,2.76,0.73,0.05,0.2,17.7,0,0,0,1.7,1.7,0.09,-0.7,-0.7,Matches
165,Pascal Groß,de GER,MF,Brighton,29-205,1991,8,2,8,1,12.5,1,0.13,0,0,20.4,0,2,2,2.1,0.6,0.08,-0.1,-0.6,Matches
166,Kamil Grosicki,pl POL,"FW,MF",West Brom,32-212,1988,0.1,0,0,0,,0,0,,,,0,0,0,0,0,,0,0,Matches
167,Vicente Guaita,es ESP,GK,Crystal Palace,33-362,1987,17,0,0,0,,0,0,,,,0,0,0,0,0,,0,0,Matches
168,?lkay Gündo?an,de GER,MF,Manchester City,30-074,1990,8.2,3,14,5,35.7,1.71,0.61,0.21,0.6,16.1,1,0,0,1.6,1.6,0.11,1.4,1.4,Matches
169,Antwoine Hackford,eng ENG,"DF,FW",Sheffield Utd,16-292,2004,0.1,0,1,0,0,8.18,0,0,,12.1,0,0,0,0.1,0.1,0.13,-0.1,-0.1,Matches
170,Sébastien Haller,ci CIV,FW,West Ham,26-198,1994,10.4,3,24,11,45.8,2.31,1.06,0.13,0.27,9.3,0,0,0,2.8,2.8,0.12,0.2,0.2,Matches
171,Rekeem Harper,eng ENG,MF,West Brom,20-304,2000,0.4,0,1,1,100,2.81,2.81,0,0,23,0,0,0,0,0,0.04,0,0,Matches
172,Jack Harrison,eng ENG,MF,Leeds United,24-047,1996,14.5,3,23,6,26.1,1.58,0.41,0.13,0.5,16.2,1,0,0,2.9,2.9,0.13,0.1,0.1,Matches
173,Kortney Hause,eng ENG,DF,Aston Villa,25-174,1995,4,1,3,1,33.3,0.75,0.25,0.33,1,6.4,0,0,0,1.1,1.1,0.36,-0.1,-0.1,Matches
174,Kai Havertz,de GER,"MF,FW",Chelsea,21-209,1999,9.1,1,10,4,40,1.1,0.44,0.1,0.25,15.3,0,0,0,1.4,1.4,0.14,-0.4,-0.4,Matches
175,Isaac Hayden,eng ENG,"MF,DF",Newcastle Utd,25-290,1995,10.1,0,5,1,20,0.49,0.1,0,0,25.2,0,0,0,0.1,0.1,0.02,-0.1,-0.1,Matches
176,Michael Hector,jm JAM,DF,Fulham,28-171,1992,2.9,0,1,0,0,0.34,0,0,,10,0,0,0,0.1,0.1,0.09,-0.1,-0.1,Matches
177,Ahmed Hegazi,eg EGY,DF,West Brom,29-347,1991,1,0,0,0,,0,0,,,,0,0,0,0,0,,0,0,Matches
178,Dean Henderson,eng ENG,GK,Manchester Utd,23-300,1997,2.5,0,0,0,,0,0,,,,0,0,0,0,0,,0,0,Matches
179,Jordan Henderson,eng ENG,"MF,DF",Liverpool,30-203,1990,12.6,1,12,3,25,0.95,0.24,0.08,0.33,18.6,0,0,0,1.4,1.4,0.12,-0.4,-0.4,Matches
180,Jeff Hendrick,ie IRL,MF,Newcastle Utd,28-341,1992,9.1,2,8,2,25,0.88,0.22,0.25,1,18.2,0,0,0,0.9,0.9,0.11,1.1,1.1,Matches
181,Pablo Hernández,es ESP,MF,Leeds United,35-270,1985,2.7,0,8,1,12.5,2.96,0.37,0,0,17.1,0,0,0,0.8,0.8,0.11,-0.8,-0.8,Matches
182,Son Heung-min,kr KOR,FW,Tottenham,28-182,1992,14.9,12,28,17,60.7,1.87,1.14,0.43,0.71,15,0,0,0,5.4,5.4,0.19,6.6,6.6,Matches
183,Ki-Jana Hoever,nl NED,DF,Wolves,18-354,2002,1.3,0,0,0,,0,0,,,,0,0,0,0,0,,0,0,Matches
184,Rob Holding,eng ENG,DF,Arsenal,25-108,1995,13.5,0,9,2,22.2,0.67,0.15,0,0,13.7,0,0,0,0.8,0.8,0.08,-0.8,-0.8,Matches
185,Mason Holgate,eng ENG,DF,Everton,24-076,1996,6.9,1,4,2,50,0.58,0.29,0.25,0.5,11.8,0,0,0,0.7,0.7,0.19,0.3,0.3,Matches
186,Conor Hourihane,ie IRL,MF,Aston Villa,29-339,1991,2.5,1,5,2,40,2,0.8,0.2,0.5,21.3,1,0,0,0.5,0.5,0.1,0.5,0.5,Matches
187,Callum Hudson-Odoi,eng ENG,FW,Chelsea,20-060,2000,3.7,2,8,3,37.5,2.16,0.81,0.25,0.67,18.8,0,0,0,0.6,0.6,0.08,1.4,1.4,Matches
188,Pierre Højbjerg,dk DEN,MF,Tottenham,25-154,1995,16,0,6,2,33.3,0.37,0.12,0,0,26.8,0,0,0,0.3,0.3,0.05,-0.3,-0.3,Matches
189,Odion Ighalo,ng NGA,FW,Manchester Utd,31-204,1989,0.1,0,0,0,,0,0,,,,0,0,0,0,0,,0,0,Matches
190,Kelechi Iheanacho,ng NGA,"FW,MF",Leicester City,24-095,1996,2.6,0,8,1,12.5,3.03,0.38,0,0,15.2,0,0,1,1.4,0.7,0.08,-1.4,-0.7,Matches
191,Danny Ings,eng ENG,FW,Southampton,28-167,1992,11.7,7,25,13,52,2.13,1.11,0.2,0.38,15.4,0,2,2,4.8,3.3,0.13,2.2,1.7,Matches
192,Branislav Ivanovi?,rs SRB,DF,West Brom,36-319,1984,8.2,0,4,1,25,0.49,0.12,0,0,6.5,0,0,0,0.6,0.6,0.15,-0.6,-0.6,Matches
193,Alex Iwobi,ng NGA,"FW,DF",Everton,24-248,1996,8.7,0,6,1,16.7,0.69,0.12,0,0,20.2,0,0,0,0.2,0.2,0.03,-0.2,-0.2,Matches
194,Phil Jagielka,eng ENG,"DF,MF",Sheffield Utd,38-142,1982,1.6,0,0,0,,0,0,,,,0,0,0,0,0,,0,0,Matches
195,Alireza Jahanbakhsh,ir IRN,"FW,MF",Brighton,27-148,1993,2.8,0,11,2,18.2,3.91,0.71,0,0,15.2,0,0,0,1.1,1.1,0.1,-1.1,-1.1,Matches
196,Daniel James,wal WAL,FW,Manchester Utd,23-057,1997,3.6,1,10,4,40,2.78,1.11,0.1,0.25,18.4,0,0,0,0.7,0.7,0.07,0.3,0.3,Matches
197,Reece James,eng ENG,DF,Chelsea,21-029,1999,12,1,17,6,35.3,1.41,0.5,0.06,0.17,23.6,3,0,0,0.5,0.5,0.03,0.5,0.5,Matches
198,Gabriel Jesus,br BRA,FW,Manchester City,23-278,1997,7,2,13,4,30.8,1.86,0.57,0.15,0.5,11.2,0,0,0,1.8,1.8,0.14,0.2,0.2,Matches
199,Raúl Jiménez,mx MEX,FW,Wolves,29-246,1991,9.1,4,26,10,38.5,2.84,1.09,0.15,0.4,15.4,0,0,0,2.4,2.4,0.09,1.6,1.6,Matches
200,Joelinton,br BRA,"FW,MF",Newcastle Utd,24-145,1996,10.6,1,22,8,36.4,2.08,0.76,0.05,0.13,15.3,0,0,0,1.7,1.7,0.08,-0.7,-0.7,Matches
201,Ben Johnson,eng ENG,DF,West Ham,20-348,2000,1.6,1,1,1,100,0.62,0.62,1,1,10.2,0,0,0,0.3,0.3,0.33,0.7,0.7,Matches
202,Sam Johnstone,eng ENG,GK,West Brom,27-287,1993,17,0,0,0,,0,0,,,,0,0,0,0,0,,0,0,Matches
203,Curtis Jones,eng ENG,MF,Liverpool,19-342,2001,7.5,0,9,5,55.6,1.21,0.67,0,0,18.7,0,0,0,0.6,0.6,0.07,-0.6,-0.6,Matches
204,Jorginho,it ITA,MF,Chelsea,29-017,1991,7.1,3,3,0,0,0.42,0,0,,33.4,0,3,5,3.9,0.1,0.03,-0.9,-0.1,Matches
205,Diogo Jota,pt POR,FW,Liverpool,24-033,1996,5.6,5,20,11,55,3.58,1.97,0.25,0.45,14.8,0,0,0,2.4,2.4,0.12,2.6,2.6,Matches
206,James Justin,eng ENG,DF,Leicester City,22-318,1998,17,1,5,1,20,0.29,0.06,0.2,1,21.2,0,0,0,0.5,0.5,0.1,0.5,0.5,Matches
207,Aboubakar Kamara,fr FRA,"FW,DF",Fulham,25-305,1995,3.1,0,3,1,33.3,0.96,0.32,0,0,18.9,0,0,0,0.4,0.4,0.12,-0.4,-0.4,Matches
208,Harry Kane,eng ENG,FW,Tottenham,27-162,1993,15.9,10,59,21,35.6,3.72,1.32,0.12,0.33,17.9,5,3,3,8.7,6.4,0.11,1.3,0.6,Matches
209,N'Golo Kanté,fr FRA,MF,Chelsea,29-283,1991,16.4,0,4,1,25,0.24,0.06,0,0,22,0,0,0,0.3,0.3,0.07,-0.3,-0.3,Matches
210,Moise Kean,it ITA,FW,Everton,20-313,2000,0.2,0,1,0,0,6,0,0,,23.1,0,0,0,0,0,0.03,0,0,Matches
211,Michael Keane,eng ENG,DF,Everton,27-361,1993,14.7,2,8,3,37.5,0.54,0.2,0.25,0.67,10.6,0,0,0,1,1,0.12,1,1,Matches
212,Neeskens Kebano,cd COD,"FW,MF",Fulham,28-302,1992,1.3,0,6,0,0,4.54,0,0,,18.7,1,0,0,0.3,0.3,0.05,-0.3,-0.3,Matches
213,Naby Keïta,gn GUI,MF,Liverpool,25-331,1995,4.4,0,7,1,14.3,1.59,0.23,0,0,18.5,0,0,0,0.5,0.5,0.07,-0.5,-0.5,Matches
214,Caoimhin Kelleher,ie IRL,GK,Liverpool,22-044,1998,1,0,0,0,,0,0,,,,0,0,0,0,0,,0,0,Matches
215,Jonjoe Kenny,eng ENG,DF,Everton,23-297,1997,0.9,0,0,0,,0,0,,,,0,0,0,0,0,,0,0,Matches
216,Max Kilman,eng ENG,DF,Wolves,23-228,1997,8.4,0,3,1,33.3,0.36,0.12,0,0,8.7,0,0,0,0.3,0.3,0.09,-0.3,-0.3,Matches
217,Mateusz Klich,pl POL,MF,Leeds United,30-207,1990,15.6,3,18,5,27.8,1.16,0.32,0.06,0.2,22,0,2,2,2.5,1,0.06,0.5,0,Matches
218,Robin Koch,de GER,DF,Leeds United,24-173,1996,10.1,0,7,2,28.6,0.69,0.2,0,0,9.1,0,0,0,0.7,0.7,0.1,-0.7,-0.7,Matches
219,Sead Kolašinac,ba BIH,DF,Arsenal,27-200,1993,1,0,0,0,,0,0,,,,0,0,0,0,0,,0,0,Matches
220,Ezri Konsa,eng ENG,DF,Aston Villa,23-075,1997,12.5,2,8,4,50,0.64,0.32,0.25,0.5,9.6,0,0,0,0.6,0.6,0.08,1.4,1.4,Matches
221,Cheikhou Kouyaté,sn SEN,DF,Crystal Palace,31-016,1989,16.7,1,7,2,28.6,0.42,0.12,0.14,0.5,9.6,0,0,0,0.8,0.8,0.11,0.2,0.2,Matches
222,Mateo Kova?i?,hr CRO,MF,Chelsea,26-245,1994,7.2,0,9,1,11.1,1.24,0.14,0,0,24.4,0,0,0,0.3,0.3,0.03,-0.3,-0.3,Matches
223,Emil Krafth,se SWE,DF,Newcastle Utd,26-157,1994,3.2,0,0,0,,0,0,,,,0,0,0,0,0,,0,0,Matches
224,Filip Krovinovi?,hr CRO,MF,West Brom,25-130,1995,6.1,0,8,2,25,1.32,0.33,0,0,24.1,0,0,0,0.2,0.2,0.03,-0.2,-0.2,Matches
225,Alexandre Lacazette,fr FRA,FW,Arsenal,29-223,1991,9.6,7,23,15,65.2,2.4,1.56,0.26,0.4,11.7,1,1,1,5,4.3,0.19,2,1.7,Matches
226,Adam Lallana,eng ENG,"MF,FW",Brighton,32-241,1988,8.5,0,7,0,0,0.82,0,0,,17,0,0,0,0.5,0.5,0.07,-0.5,-0.5,Matches
227,Érik Lamela,ar ARG,FW,Tottenham,28-308,1992,2.2,0,8,3,37.5,3.65,1.37,0,0,17.7,3,0,0,0.7,0.7,0.08,-0.7,-0.7,Matches
228,Tariq Lamptey,eng ENG,DF,Brighton,20-098,2000,9.8,1,6,2,33.3,0.61,0.2,0.17,0.5,12.1,0,0,0,0.6,0.6,0.09,0.4,0.4,Matches
229,Manuel Lanzini,ar ARG,"MF,FW",West Ham,27-326,1993,2.6,1,6,2,33.3,2.32,0.77,0.17,0.5,17,0,0,0,0.4,0.4,0.07,0.6,0.6,Matches
230,Aymeric Laporte,fr FRA,DF,Manchester City,26-224,1994,4,0,2,0,0,0.5,0,0,,7.5,0,0,0,0.2,0.2,0.09,-0.2,-0.2,Matches
231,Jamaal Lascelles,eng ENG,DF,Newcastle Utd,27-056,1993,7.5,0,3,0,0,0.4,0,0,,10.3,0,0,0,0.2,0.2,0.07,-0.2,-0.2,Matches
232,Maxime Le Marchand,fr FRA,DF,Fulham,31-087,1989,1.4,0,1,0,0,0.73,0,0,,33,0,0,0,0,0,0.01,0,0,Matches
233,Mario Lemina,ga GAB,MF,Fulham,27-127,1993,5.1,0,4,0,0,0.79,0,0,,26.3,0,0,0,0.1,0.1,0.02,-0.1,-0.1,Matches
234,Bernd Leno,de GER,GK,Arsenal,28-308,1992,17,0,0,0,,0,0,,,,0,0,0,0,0,,0,0,Matches
235,Jamal Lewis,nir NIR,DF,Newcastle Utd,22-347,1998,11.3,0,1,1,100,0.09,0.09,0,0,25.5,0,0,0,0,0,0.03,0,0,Matches
236,Victor Lindelöf,se SWE,DF,Manchester Utd,26-173,1994,12.7,1,4,1,25,0.31,0.08,0.25,1,5.9,0,0,0,0.6,0.6,0.16,0.4,0.4,Matches
237,Jake Livermore,eng ENG,MF,West Brom,31-053,1989,8.5,0,4,0,0,0.47,0,0,,21.5,0,0,0,0.2,0.2,0.05,-0.2,-0.2,Matches
238,Diego Llorente,es ESP,DF,Leeds United,27-143,1993,0.9,0,0,0,,0,0,,,,0,0,0,0,0,,0,0,Matches
239,Hugo Lloris,fr FRA,GK,Tottenham,34-011,1986,16,0,0,0,,0,0,,,,0,0,0,0,0,,0,0,Matches
240,Giovani Lo Celso,ar ARG,"MF,FW",Tottenham,24-272,1996,4.9,1,9,5,55.6,1.85,1.03,0.11,0.2,16.4,1,0,0,0.8,0.8,0.09,0.2,0.2,Matches
241,Ruben Loftus-Cheek,eng ENG,"FW,MF",Fulham,24-349,1996,6.7,1,7,3,42.9,1.04,0.45,0.14,0.33,17.1,0,0,0,0.6,0.6,0.09,0.4,0.4,Matches
242,Ruben Loftus-Cheek,eng ENG,FW,Chelsea,24-349,1996,0.7,0,0,0,,0,0,,,,0,0,0,0,0,,0,0,Matches
243,Kevin Long,ie IRL,DF,Burnley,30-141,1990,6,0,1,0,0,0.17,0,0,,13.6,0,0,0,0,0,0.04,0,0,Matches
244,Shane Long,ie IRL,"FW,MF",Southampton,33-350,1987,2.1,0,2,1,50,0.94,0.47,0,0,19.1,0,0,0,0,0,0.02,0,0,Matches
245,Matthew Longstaff,eng ENG,MF,Newcastle Utd,20-291,2000,3.3,0,0,0,,0,0,,,,0,0,0,0,0,,0,0,Matches
246,Sean Longstaff,eng ENG,MF,Newcastle Utd,23-068,1997,8.2,0,8,4,50,0.98,0.49,0,0,21.1,1,0,0,0.6,0.6,0.07,-0.6,-0.6,Matches
247,Ademola Lookman,eng ENG,FW,Fulham,23-078,1997,11.2,2,28,13,46.4,2.5,1.16,0.07,0.15,16.9,2,0,1,2.9,2.2,0.08,-0.9,-0.2,Matches
248,Max Lowe,eng ENG,DF,Sheffield Utd,23-240,1997,4.6,0,2,1,50,0.44,0.22,0,0,23,0,0,0,0.1,0.1,0.03,-0.1,-0.1,Matches
249,Matthew Lowton,eng ENG,DF,Burnley,31-211,1989,11,0,4,1,25,0.36,0.09,0,0,25.8,0,0,0,0.1,0.1,0.02,-0.1,-0.1,Matches
250,David Luiz,br BRA,DF,Arsenal,33-259,1987,5.3,0,4,0,0,0.75,0,0,,23.9,2,0,0,0.2,0.2,0.04,-0.2,-0.2,Matches
251,Douglas Luiz,br BRA,MF,Aston Villa,22-242,1998,13.6,0,11,4,36.4,0.81,0.29,0,0,23.2,0,0,0,0.4,0.4,0.03,-0.4,-0.4,Matches
252,John Lundstram,eng ENG,MF,Sheffield Utd,26-323,1994,8.5,0,10,4,40,1.17,0.47,0,0,24.2,1,0,1,1.6,0.9,0.09,-1.6,-0.9,Matches
253,Alexis Mac Allister,ar ARG,"FW,MF",Brighton,22-013,1998,1.5,1,4,1,25,2.75,0.69,0.25,1,22.3,0,0,0,0.2,0.2,0.04,0.8,0.8,Matches
254,James Maddison,eng ENG,"MF,FW",Leicester City,24-044,1996,10.7,4,29,8,27.6,2.71,0.75,0.14,0.5,25.3,5,0,0,1.5,1.5,0.05,2.5,2.5,Matches
255,Harry Maguire,eng ENG,DF,Manchester Utd,27-307,1993,16,1,20,5,25,1.25,0.31,0.05,0.2,12.3,0,0,0,1.2,1.2,0.06,-0.2,-0.2,Matches
256,Riyad Mahrez,dz ALG,"FW,DF",Manchester City,29-320,1991,8.6,4,25,11,44,2.92,1.29,0.16,0.36,15.6,1,0,0,2.3,2.3,0.09,1.7,1.7,Matches
257,Ainsley Maitland-Niles,eng ENG,DF,Arsenal,23-130,1997,4.7,0,1,0,0,0.21,0,0,,19.9,0,0,0,0,0,0.03,0,0,Matches
258,Sadio Mané,sn SEN,FW,Liverpool,28-271,1992,14.8,6,48,20,41.7,3.25,1.35,0.13,0.3,13.5,0,0,0,7.6,7.6,0.16,-1.6,-1.6,Matches
259,Javier Manquillo,es ESP,DF,Newcastle Utd,26-246,1994,5.1,0,1,0,0,0.2,0,0,,22.8,0,0,0,0,0,0.02,0,0,Matches
260,Fernando Marçal,br BRA,DF,Wolves,31-322,1989,6.3,0,2,0,0,0.32,0,0,,25.7,0,0,0,0.1,0.1,0.03,-0.1,-0.1,Matches
261,Solly March,eng ENG,DF,Brighton,26-170,1994,14.6,2,17,4,23.5,1.17,0.27,0.12,0.5,17.9,1,0,0,1.2,1.2,0.07,0.8,0.8,Matches
262,Pablo Marí,es ESP,DF,Arsenal,27-128,1993,3,0,1,0,0,0.33,0,0,,12,0,0,0,0,0,0.04,0,0,Matches
263,Anthony Martial,fr FRA,FW,Manchester Utd,25-032,1995,9.2,2,24,11,45.8,2.62,1.2,0.08,0.18,15.4,0,0,0,3.1,3.1,0.13,-1.1,-1.1,Matches
264,Martinelli,br BRA,FW,Arsenal,19-202,2001,1.7,0,6,2,33.3,3.48,1.16,0,0,13.4,0,0,0,0.6,0.6,0.11,-0.6,-0.6,Matches
265,Emiliano Martínez,ar ARG,GK,Aston Villa,28-126,1992,15,0,0,0,,0,0,,,,0,0,0,0,0,,0,0,Matches
266,Arthur Masuaku,cd COD,DF,West Ham,27-060,1993,9.4,0,6,2,33.3,0.64,0.21,0,0,21.3,0,0,0,0.3,0.3,0.05,-0.3,-0.3,Matches
267,Juan Mata,es ESP,FW,Manchester Utd,32-253,1988,3.7,0,4,3,75,1.07,0.81,0,0,17.6,0,0,0,0.3,0.3,0.08,-0.3,-0.3,Matches
268,Nemanja Mati?,rs SRB,MF,Manchester Utd,32-158,1988,6.1,0,3,2,66.7,0.49,0.33,0,0,24.2,0,0,0,0.1,0.1,0.03,-0.1,-0.1,Matches
269,Joël Matip,cm CMR,DF,Liverpool,29-151,1991,6.2,1,5,2,40,0.81,0.32,0.2,0.5,6.8,0,0,0,0.6,0.6,0.13,0.4,0.4,Matches
270,Neal Maupay,fr FRA,"FW,MF",Brighton,24-145,1996,12.4,6,32,12,37.5,2.57,0.97,0.09,0.25,15.6,0,3,4,7.4,4.3,0.14,-1.4,-1.3,Matches
271,James McArthur,sco SCO,MF,Crystal Palace,33-091,1987,13.3,0,4,0,0,0.3,0,0,,20,0,0,0,0.2,0.2,0.04,-0.2,-0.2,Matches
272,Oliver McBurnie,sco SCO,FW,Sheffield Utd,24-216,1996,9.2,1,24,10,41.7,2.62,1.09,0.04,0.1,11.2,0,0,0,2.7,2.7,0.11,-1.7,-1.7,Matches
273,Alex McCarthy,eng ENG,GK,Southampton,31-034,1989,16,0,0,0,,0,0,,,,0,0,0,0,0,,0,0,Matches
274,James McCarthy,ie IRL,MF,Crystal Palace,30-055,1990,3.7,0,1,0,0,0.27,0,0,,28,0,0,0,0,0,0.01,0,0,Matches
275,John McGinn,sco SCO,MF,Aston Villa,26-080,1994,15,1,18,3,16.7,1.2,0.2,0.06,0.33,21,0,0,0,0.9,0.9,0.05,0.1,0.1,Matches
276,David McGoldrick,ie IRL,"FW,MF",Sheffield Utd,33-038,1987,10.3,4,22,9,40.9,2.14,0.88,0.18,0.44,17.9,0,0,0,2.6,2.6,0.12,1.4,1.4,Matches
277,Dwight McNeil,eng ENG,MF,Burnley,21-045,1999,13,0,7,0,0,0.54,0,0,,23.6,0,0,0,0.3,0.3,0.05,-0.3,-0.3,Matches
278,Scott McTominay,sco SCO,MF,Manchester Utd,24-029,1996,10.2,2,9,2,22.2,0.88,0.2,0.22,1,17.5,0,0,0,0.9,0.9,0.09,1.1,1.1,Matches
279,Ben Mee,eng ENG,DF,Burnley,31-105,1989,9,1,7,3,42.9,0.78,0.33,0.14,0.33,11.5,0,0,0,0.6,0.6,0.09,0.4,0.4,Matches
280,Benjamin Mendy,fr FRA,DF,Manchester City,26-173,1994,5.6,1,3,1,33.3,0.54,0.18,0.33,1,19.1,0,0,0,0.1,0.1,0.04,0.9,0.9,Matches
281,Edouard Mendy,sn SEN,GK,Chelsea,28-311,1992,13,0,0,0,,0,0,,,,0,0,0,0,0,,0,0,Matches
282,Nampalys Mendy,fr FRA,MF,Leicester City,28-197,1992,12.3,0,1,0,0,0.08,0,0,,29,0,0,0,0,0,0.01,0,0,Matches
283,Illan Meslier,fr FRA,GK,Leeds United,20-310,2000,17,0,0,0,,0,0,,,,0,0,0,0,0,,0,0,Matches
284,Luka Milivojevi?,rs SRB,MF,Crystal Palace,29-274,1991,9.1,0,10,3,30,1.1,0.33,0,0,27.4,4,0,0,0.5,0.5,0.05,-0.5,-0.5,Matches
285,James Milner,eng ENG,"MF,DF",Liverpool,35-002,1986,3.9,0,3,1,33.3,0.78,0.26,0,0,22.6,0,0,0,0.1,0.1,0.02,-0.1,-0.1,Matches
286,Yerry Mina,co COL,DF,Everton,26-105,1994,14,2,9,4,44.4,0.64,0.29,0.22,0.5,11.9,0,0,0,0.5,0.5,0.06,1.5,1.5,Matches
287,Takumi Minamino,jp JPN,"MF,FW",Liverpool,25-356,1995,3.2,1,6,3,50,1.89,0.94,0.17,0.33,16.1,0,0,0,0.6,0.6,0.1,0.4,0.4,Matches
288,Tyrone Mings,eng ENG,DF,Aston Villa,27-299,1993,13.5,2,10,5,50,0.74,0.37,0.2,0.4,8.7,0,0,0,1,1,0.1,1,1,Matches
289,Tyrick Mitchell,eng ENG,DF,Crystal Palace,21-127,1999,8,0,1,1,100,0.12,0.12,0,0,12.2,0,0,0,0.1,0.1,0.08,-0.1,-0.1,Matches
290,Aleksandar Mitrovi?,rs SRB,FW,Fulham,26-112,1994,8.8,2,33,8,24.2,3.75,0.91,0.03,0.13,13.5,1,1,2,4.3,2.8,0.09,-2.3,-1.8,Matches
291,Jayson Molumby,ie IRL,MF,Brighton,21-153,1999,0,0,0,0,,0,0,,,,0,0,0,0,0,,0,0,Matches
292,Wes Morgan,jm JAM,DF,Leicester City,36-351,1984,0.2,0,0,0,,0,0,,,,0,0,0,0,0,,0,0,Matches
293,Mason Mount,eng ENG,"MF,FW",Chelsea,21-362,1999,15,1,31,9,29,2.07,0.6,0.03,0.11,21.8,4,0,0,1.6,1.6,0.05,-0.6,-0.6,Matches
294,Lucas Moura,br BRA,"FW,MF",Tottenham,28-146,1992,5.1,1,5,3,60,0.97,0.58,0.2,0.33,10.9,0,0,0,0.8,0.8,0.17,0.2,0.2,Matches
295,Lys Mousset,fr FRA,FW,Sheffield Utd,24-333,1996,2.3,0,3,2,66.7,1.33,0.89,0,0,17.2,0,0,0,0.6,0.6,0.21,-0.6,-0.6,Matches
296,João Moutinho,pt POR,MF,Wolves,34-120,1986,11.9,0,5,1,20,0.42,0.08,0,0,23.4,1,0,0,0.2,0.2,0.04,-0.2,-0.2,Matches
297,Jacob Murphy,eng ENG,"DF,FW",Newcastle Utd,25-317,1995,7.2,1,11,4,36.4,1.53,0.55,0.09,0.25,25.1,3,0,0,0.3,0.3,0.03,0.7,0.7,Matches
298,Shkodran Mustafi,de GER,DF,Arsenal,28-264,1992,0.5,0,0,0,,0,0,,,,0,0,0,0,0,,0,0,Matches
299,Marvelous Nakamba,zw ZIM,MF,Aston Villa,26-353,1994,1.2,0,1,1,100,0.85,0.85,0,0,27,0,0,0,0,0,0.03,0,0,Matches
300,Wilfred Ndidi,ng NGA,"MF,DF",Leicester City,24-021,1996,7.1,0,2,0,0,0.28,0,0,,12.5,0,0,0,0.1,0.1,0.07,-0.1,-0.1,Matches
301,Tanguy Ndombele,fr FRA,MF,Tottenham,24-009,1996,8.9,2,9,5,55.6,1.01,0.56,0.22,0.4,15.6,0,0,0,1,1,0.11,1,1,Matches
302,Reiss Nelson,eng ENG,FW,Arsenal,21-027,1999,0.8,0,1,0,0,1.27,0,0,,11.7,0,0,0,0,0,0.05,0,0,Matches
303,Pedro Neto,pt POR,"FW,MF",Wolves,20-303,2000,15,4,32,12,37.5,2.13,0.8,0.13,0.33,19.2,0,0,0,2.3,2.3,0.07,1.7,1.7,Matches
304,Rúben Neves,pt POR,MF,Wolves,23-299,1997,12.8,1,28,7,25,2.19,0.55,0,0,26,4,1,1,1.8,1.1,0.04,-0.8,-1.1,Matches
305,Eddie Nketiah,eng ENG,FW,Arsenal,21-221,1999,3.5,1,6,4,66.7,1.71,1.14,0.17,0.25,14,0,0,0,1.1,1.1,0.19,-0.1,-0.1,Matches
306,Niels Nkounkou,fr FRA,DF,Everton,20-066,2000,0.8,0,1,0,0,1.32,0,0,,26.8,0,0,0,0,0,0.02,0,0,Matches
307,Dan Nlundulu,eng ENG,FW,Southampton,21-336,1999,0.4,0,0,0,,0,0,,,,0,0,0,0,0,,0,0,Matches
308,Mark Noble,eng ENG,MF,West Ham,33-243,1987,2.5,0,0,0,,0,0,,,,0,0,0,0,0,,0,0,Matches
309,Oliver Norwood,nir NIR,MF,Sheffield Utd,29-269,1991,6.3,0,0,0,,0,0,,,,0,0,0,0,0,,0,0,Matches
310,Jack O'Connell,eng ENG,DF,Sheffield Utd,26-283,1994,2,0,0,0,,0,0,,,,0,0,0,0,0,,0,0,Matches
311,Dara O'Shea,ie IRL,DF,West Brom,21-308,1999,11.1,0,2,0,0,0.18,0,0,,13.7,0,0,0,0.1,0.1,0.05,-0.1,-0.1,Matches
312,Michael Obafemi,ie IRL,FW,Southampton,20-184,2000,0.2,0,0,0,,0,0,,,,0,0,0,0,0,,0,0,Matches
313,Denis Odoi,be BEL,DF,Fulham,32-224,1988,3,0,2,1,50,0.67,0.33,0,0,23.5,0,0,0,0.1,0.1,0.04,-0.1,-0.1,Matches
314,Angelo Ogbonna,it ITA,DF,West Ham,32-228,1988,16.7,2,7,3,42.9,0.42,0.18,0.29,0.67,8.5,0,0,0,0.7,0.7,0.1,1.3,1.3,Matches
315,Robin Olsen,se SWE,GK,Everton,30-364,1990,2,0,0,0,,0,0,,,,0,0,0,0,0,,0,0,Matches
316,Josh Onomah,eng ENG,MF,Fulham,23-254,1997,1.5,0,0,0,,0,0,,,,0,0,0,0,0,,0,0,Matches
317,Divock Origi,be BEL,FW,Liverpool,25-263,1995,0.1,0,0,0,,0,0,,,,0,0,0,0,0,,0,0,Matches
318,Ben Osborn,eng ENG,"MF,DF",Sheffield Utd,26-154,1994,7.5,0,2,1,50,0.27,0.13,0,0,15.1,0,0,0,0.2,0.2,0.12,-0.2,-0.2,Matches
319,Owen Otasowie,us USA,MF,Wolves,19-261,2001,1.3,0,2,0,0,1.55,0,0,,10,0,0,0,0.4,0.4,0.21,-0.4,-0.4,Matches
320,Alex Oxlade-Chamberlain,eng ENG,"MF,FW",Liverpool,27-144,1993,0.9,0,2,0,0,2.25,0,0,,22.2,0,0,0,0.1,0.1,0.03,-0.1,-0.1,Matches
321,Emerson Palmieri,it ITA,DF,Chelsea,26-156,1994,1,0,0,0,,0,0,,,,0,0,0,0,0,,0,0,Matches
322,Thomas Partey,gh GHA,MF,Arsenal,27-207,1993,3.1,0,5,2,40,1.62,0.65,0,0,22.4,0,0,0,0.5,0.5,0.1,-0.5,-0.5,Matches
323,Rui Patrício,pt POR,GK,Wolves,32-326,1988,17,0,0,0,,0,0,,,,0,0,0,0,0,,0,0,Matches
324,Bailey Peacock-Farrell,nir NIR,GK,Burnley,24-069,1996,1,0,0,0,,0,0,,,,0,0,0,0,0,,0,0,Matches
325,Lee Peltier,eng ENG,DF,West Brom,34-026,1986,1,0,0,0,,0,0,,,,0,0,0,0,0,,0,0,Matches
326,Nicolas Pépé,ci CIV,"FW,MF",Arsenal,25-222,1995,5.1,2,12,4,33.3,2.37,0.79,0.08,0.25,19.8,1,1,1,1.7,0.9,0.08,0.3,0.1,Matches
327,Matheus Pereira,br BRA,"MF,FW",West Brom,24-246,1996,10.2,1,17,5,29.4,1.66,0.49,0.06,0.2,21.2,4,0,0,0.8,0.8,0.05,0.2,0.2,Matches
328,Ayoze Pérez,es ESP,"MF,FW",Leicester City,27-167,1993,6,1,15,4,26.7,2.51,0.67,0.07,0.25,16.7,1,0,0,1.7,1.7,0.11,-0.7,-0.7,Matches
329,Kalvin Phillips,eng ENG,MF,Leeds United,25-035,1995,13.5,0,8,3,37.5,0.59,0.22,0,0,24.5,1,0,0,0.2,0.2,0.03,-0.2,-0.2,Matches
330,Matt Phillips,sco SCO,"MF,DF",West Brom,29-299,1991,7.2,0,7,4,57.1,0.97,0.56,0,0,25.6,1,0,0,0.3,0.3,0.05,-0.3,-0.3,Matches
331,Nathaniel Phillips,eng ENG,DF,Liverpool,23-291,1997,3,0,0,0,,0,0,,,,0,0,0,0,0,,0,0,Matches
332,Jordan Pickford,eng ENG,GK,Everton,26-305,1994,14,0,0,0,,0,0,,,,0,0,0,0,0,,0,0,Matches
333,Erik Pieters,nl NED,"DF,MF",Burnley,32-152,1988,4,0,2,1,50,0.5,0.25,0,0,10.6,0,0,0,0.1,0.1,0.05,-0.1,-0.1,Matches
334,Daniel Podence,pt POR,"FW,MF",Wolves,25-077,1995,12.4,3,25,13,52,2.01,1.05,0.12,0.23,16.2,0,0,0,2.6,2.6,0.1,0.4,0.4,Matches
335,Paul Pogba,fr FRA,"MF,FW",Manchester Utd,27-297,1993,9.6,1,12,5,41.7,1.25,0.52,0.08,0.2,17.3,0,0,0,0.8,0.8,0.06,0.2,0.2,Matches
336,Nick Pope,eng ENG,GK,Burnley,28-262,1992,14,0,0,0,,0,0,,,,0,0,0,0,0,,0,0,Matches
337,Dennis Praet,be BEL,"MF,FW",Leicester City,26-237,1994,7.3,1,8,2,25,1.1,0.28,0.13,0.5,16.1,0,0,0,0.5,0.5,0.07,0.5,0.5,Matches
338,Davy Pröpper,nl NED,MF,Brighton,29-126,1991,1.2,0,3,1,33.3,2.41,0.8,0,0,14.8,0,0,0,0.1,0.1,0.03,-0.1,-0.1,Matches
339,Christian Pulisic,us USA,"FW,MF",Chelsea,22-110,1998,7.7,1,18,5,27.8,2.33,0.65,0.06,0.2,15.4,0,0,0,2.2,2.2,0.12,-1.2,-1.2,Matches
340,Aaron Ramsdale,eng ENG,GK,Sheffield Utd,22-237,1998,17,0,0,0,,0,0,,,,0,0,0,0,0,,0,0,Matches
341,Jacob Ramsey,eng ENG,"MF,FW",Aston Villa,19-223,2001,1.4,0,4,0,0,2.86,0,0,,18.6,0,0,0,0.2,0.2,0.04,-0.2,-0.2,Matches
342,Darren Randolph,ie IRL,GK,West Ham,33-239,1987,1,0,0,0,,0,0,,,,0,0,0,0,0,,0,0,Matches
343,Marcus Rashford,eng ENG,FW,Manchester Utd,23-067,1997,15.1,7,43,20,46.5,2.84,1.32,0.16,0.35,17.2,1,0,0,6.2,6.2,0.14,0.8,0.8,Matches
344,Tim Ream,us USA,DF,Fulham,33-093,1987,5,0,0,0,,0,0,,,,0,0,0,0,0,,0,0,Matches
345,Nathan Redmond,eng ENG,MF,Southampton,26-306,1994,4.5,1,11,3,27.3,2.46,0.67,0.09,0.33,16,0,0,0,1.1,1.1,0.1,-0.1,-0.1,Matches
346,Harrison Reed,eng ENG,MF,Fulham,25-345,1995,7.9,0,4,1,25,0.5,0.13,0,0,28.4,0,0,0,0.1,0.1,0.01,-0.1,-0.1,Matches
347,Sergio Reguilón,es ESP,DF,Tottenham,24-021,1996,9.8,0,10,3,30,1.02,0.31,0,0,21.6,0,0,0,0.4,0.4,0.04,-0.4,-0.4,Matches
348,Bobby Reid,jm JAM,"DF,FW",Fulham,27-339,1993,10.3,4,14,6,42.9,1.35,0.58,0.29,0.67,17.1,0,0,0,2.5,2.5,0.18,1.5,1.5,Matches
349,Declan Rice,eng ENG,MF,West Ham,21-358,1999,17,0,9,1,11.1,0.53,0.06,0,0,19.1,0,0,0,0.6,0.6,0.06,-0.6,-0.6,Matches
350,Richarlison,br BRA,FW,Everton,23-241,1997,11.1,2,31,13,41.9,2.8,1.18,0.03,0.08,15.1,0,1,1,4.1,3.3,0.11,-2.1,-2.3,Matches
351,Jaïro Riedewald,nl NED,MF,Crystal Palace,24-119,1996,6.7,1,3,1,33.3,0.45,0.15,0.33,1,15,0,0,0,0.5,0.5,0.17,0.5,0.5,Matches
352,Matt Ritchie,sco SCO,"DF,MF",Newcastle Utd,31-118,1989,5.7,0,4,1,25,0.7,0.18,0,0,23.9,0,0,0,0.2,0.2,0.05,-0.2,-0.2,Matches
353,Tyler Roberts,wal WAL,"MF,FW",Leeds United,21-360,1999,2.7,0,2,1,50,0.74,0.37,0,0,22.8,0,0,0,0.1,0.1,0.06,-0.1,-0.1,Matches
354,Andrew Robertson,sco SCO,DF,Liverpool,26-301,1994,17,1,7,2,28.6,0.41,0.12,0.14,0.5,15,0,0,0,0.8,0.8,0.12,0.2,0.2,Matches
355,Antonee Robinson,us USA,DF,Fulham,23-151,1997,12,0,3,2,66.7,0.25,0.17,0,0,14.4,0,0,0,0.3,0.3,0.09,-0.3,-0.3,Matches
356,Callum Robinson,ie IRL,"FW,MF",West Brom,25-339,1995,9.4,2,13,4,30.8,1.38,0.43,0.15,0.5,25.5,0,0,0,0.6,0.6,0.05,1.4,1.4,Matches
357,Jack Robinson,eng ENG,DF,Sheffield Utd,27-127,1993,6.7,0,3,0,0,0.44,0,0,,9.3,0,0,0,0.3,0.3,0.11,-0.3,-0.3,Matches
358,Hal Robson-Kanu,wal WAL,"FW,MF",West Brom,31-230,1989,1.6,0,4,2,50,2.54,1.27,0,0,24.7,0,0,0,0.1,0.1,0.03,-0.1,-0.1,Matches
359,Marek Rodák,sk SVK,GK,Fulham,24-024,1996,1,0,0,0,,0,0,,,,0,0,0,0,0,,0,0,Matches
360,Joe Rodon,wal WAL,DF,Tottenham,23-076,1997,1.1,0,0,0,,0,0,,,,0,0,0,0,0,,0,0,Matches
361,Rodri,es ESP,MF,Manchester City,24-198,1996,14.1,0,16,4,25,1.13,0.28,0,0,21.8,0,0,0,0.6,0.6,0.04,-0.6,-0.6,Matches
362,Rodrigo,es ESP,MF,Leeds United,29-306,1991,9.1,3,32,11,34.4,3.53,1.21,0.09,0.27,14.9,1,0,0,3.5,3.5,0.11,-0.5,-0.5,Matches
363,James Rodríguez,co COL,"FW,MF",Everton,29-178,1991,9.6,3,22,11,50,2.28,1.14,0.14,0.27,20.1,2,0,0,2.2,2.2,0.1,0.8,0.8,Matches
364,Jay Rodriguez,eng ENG,"FW,MF",Burnley,31-161,1989,6.2,0,9,1,11.1,1.45,0.16,0,0,17.1,0,0,0,0.6,0.6,0.06,-0.6,-0.6,Matches
365,Oriol Romeu,es ESP,MF,Southampton,29-104,1991,14.5,1,12,4,33.3,0.83,0.28,0.08,0.25,24.3,0,0,0,0.3,0.3,0.03,0.7,0.7,Matches
366,Antonio Rüdiger,de GER,DF,Chelsea,27-309,1993,2,0,2,1,50,1,0.5,0,0,9.5,0,0,0,0.1,0.1,0.04,-0.1,-0.1,Matches
367,Mathew Ryan,au AUS,GK,Brighton,28-273,1992,11,0,0,0,,0,0,,,,0,0,0,0,0,,0,0,Matches
368,Allan Saint-Maximin,fr FRA,"FW,MF",Newcastle Utd,23-300,1997,6.5,1,7,4,57.1,1.08,0.62,0.14,0.25,20.1,0,0,0,0.8,0.8,0.11,0.2,0.2,Matches
369,Romain Saïss,ma MAR,DF,Wolves,30-286,1990,11.7,3,15,7,46.7,1.28,0.6,0.2,0.43,12.3,1,0,0,1.3,1.3,0.09,1.7,1.7,Matches
370,Bukayo Saka,eng ENG,"FW,DF",Arsenal,19-123,2001,13.7,3,34,12,35.3,2.49,0.88,0.09,0.25,15.2,1,0,0,3.8,3.8,0.11,-0.8,-0.8,Matches
371,Mamadou Sakho,fr FRA,DF,Crystal Palace,30-328,1990,3.1,0,1,0,0,0.33,0,0,,12,0,0,0,0,0,0.02,0,0,Matches
372,Mohamed Salah,eg EGY,FW,Liverpool,28-205,1992,15,13,48,21,43.8,3.2,1.4,0.17,0.38,16.4,1,5,5,9.4,5.6,0.12,3.6,2.4,Matches
373,Davinson Sánchez,co COL,DF,Tottenham,24-208,1996,5,0,4,0,0,0.8,0,0,,6,0,0,0,0.7,0.7,0.18,-0.7,-0.7,Matches
374,Robert Sánchez,es ESP,GK,Brighton,23-049,1997,6,0,0,0,,0,0,,,,0,0,0,0,0,,0,0,Matches
375,Romaine Sawyers,kn SKN,MF,West Brom,29-065,1991,12.7,0,3,0,0,0.24,0,0,,24.1,0,0,0,0.1,0.1,0.03,-0.1,-0.1,Matches
376,Fabian Schär,ch SUI,DF,Newcastle Utd,29-017,1991,7.6,0,1,0,0,0.13,0,0,,25,0,0,0,0,0,0.04,0,0,Matches
377,Jeffrey Schlupp,gh GHA,MF,Crystal Palace,28-014,1992,10.8,2,13,6,46.2,1.2,0.55,0.15,0.33,12,0,0,0,1.3,1.3,0.1,0.7,0.7,Matches
378,Kasper Schmeichel,dk DEN,GK,Leicester City,34-062,1986,17,0,0,0,,0,0,,,,0,0,0,0,0,,0,0,Matches
379,Nélson Semedo,pt POR,DF,Wolves,27-051,1993,13.7,0,10,3,30,0.73,0.22,0,0,23.8,0,0,0,0.6,0.6,0.06,-0.6,-0.6,Matches
380,Jamie Shackleton,eng ENG,"MF,DF",Leeds United,21-090,1999,3.4,0,0,0,,0,0,,,,0,0,0,0,0,,0,0,Matches
381,Xherdan Shaqiri,ch SUI,"MF,FW",Liverpool,29-088,1991,1,0,1,0,0,1.02,0,0,,19.3,0,0,0,0,0,0.03,0,0,Matches
382,Billy Sharp,eng ENG,"FW,MF",Sheffield Utd,34-336,1986,2.1,1,2,0,0,0.94,0,0,,9.6,0,1,1,1.1,0.4,0.18,-0.1,-0.4,Matches
383,Luke Shaw,eng ENG,DF,Manchester Utd,25-178,1995,10.9,0,1,1,100,0.09,0.09,0,0,20,0,0,0,0,0,0.02,0,0,Matches
384,Jonjo Shelvey,eng ENG,MF,Newcastle Utd,28-314,1992,8.1,0,13,3,23.1,1.61,0.37,0,0,22.6,4,0,0,0.8,0.8,0.06,-0.8,-0.8,Matches
385,Gylfi Sigurðsson,is ISL,MF,Everton,31-120,1989,9.2,2,14,3,21.4,1.53,0.33,0.07,0.33,20.9,2,1,1,2,1.2,0.09,0,-0.2,Matches
386,Bernardo Silva,pt POR,"FW,MF",Manchester City,26-149,1994,7.2,0,8,3,37.5,1.12,0.42,0,0,13.1,0,0,0,0.7,0.7,0.09,-0.7,-0.7,Matches
387,Fábio Silva,pt POR,FW,Wolves,18-171,2002,5.9,1,15,3,20,2.56,0.51,0,0,12.7,0,1,1,1.9,1.2,0.08,-0.9,-1.2,Matches
388,Thiago Silva,br BRA,DF,Chelsea,36-106,1984,11.8,2,6,3,50,0.51,0.25,0.33,0.67,7.3,0,0,0,0.7,0.7,0.11,1.3,1.3,Matches
389,Moussa Sissoko,fr FRA,MF,Tottenham,31-143,1989,11.8,0,0,0,,0,0,,,,0,0,0,0,0,,0,0,Matches
390,Islam Slimani,dz ALG,FW,Leicester City,32-202,1988,0.2,0,1,0,0,4.5,0,0,,11.1,0,0,0,0,0,0.04,0,0,Matches
391,William Smallbone,ie IRL,MF,Southampton,20-320,2000,1.2,0,0,0,,0,0,,,,0,0,0,0,0,,0,0,Matches
392,Emile Smith-Rowe,eng ENG,MF,Arsenal,20-162,2000,2.5,0,2,0,0,0.79,0,0,,12,0,0,0,0.5,0.5,0.23,-0.5,-0.5,Matches
393,Robert Snodgrass,sco SCO,"FW,DF",West Ham,33-121,1987,0.1,0,0,0,,0,0,,,,0,0,0,0,0,,0,0,Matches
394,Cédric Soares,pt POR,MF,Arsenal,29-128,1991,0.1,0,0,0,,0,0,,,,0,0,0,0,0,,0,0,Matches
395,Tomáš Sou?ek,cz CZE,MF,West Ham,25-314,1995,17,5,30,12,40,1.76,0.71,0.17,0.42,11.3,0,0,0,4.6,4.6,0.15,0.4,0.4,Matches
396,Ça?lar Söyüncü,tr TUR,DF,Leicester City,24-228,1996,4.1,0,1,0,0,0.24,0,0,,17.5,0,0,0,0,0,0.03,0,0,Matches
397,Zack Steffen,us USA,GK,Manchester City,25-279,1995,1,0,0,0,,0,0,,,,0,0,0,0,0,,0,0,Matches
398,Dale Stephens,eng ENG,MF,Burnley,31-208,1989,2.6,0,4,0,0,1.56,0,0,,19.7,0,0,0,0.2,0.2,0.05,-0.2,-0.2,Matches
399,Jack Stephens,eng ENG,DF,Southampton,26-345,1994,6.5,0,2,1,50,0.31,0.15,0,0,7.5,0,0,0,0.1,0.1,0.07,-0.1,-0.1,Matches
400,Raheem Sterling,eng ENG,FW,Manchester City,26-029,1994,13.1,4,28,13,46.4,2.14,0.99,0.14,0.31,13.7,1,0,0,4,4,0.14,0,0,Matches
401,Enda Stevens,ie IRL,DF,Sheffield Utd,30-181,1990,14,0,8,2,25,0.57,0.14,0,0,20.5,0,0,0,0.3,0.3,0.04,-0.3,-0.3,Matches
402,John Stones,eng ENG,DF,Manchester City,26-223,1994,7,0,2,0,0,0.29,0,0,,15,0,0,0,0.4,0.4,0.18,-0.4,-0.4,Matches
403,Pascal Struijk,nl NED,"DF,MF",Leeds United,21-148,1999,6.3,0,2,0,0,0.32,0,0,,7,0,0,0,0.2,0.2,0.1,-0.2,-0.2,Matches
404,Matt Targett,eng ENG,DF,Aston Villa,25-110,1995,15,0,3,0,0,0.2,0,0,,20.3,1,0,0,0.2,0.2,0.06,-0.2,-0.2,Matches
405,James Tarkowski,eng ENG,DF,Burnley,28-048,1992,13,0,9,3,33.3,0.69,0.23,0,0,9.8,0,0,0,0.6,0.6,0.06,-0.6,-0.6,Matches
406,Charlie Taylor,eng ENG,DF,Burnley,27-110,1993,14.1,0,2,1,50,0.14,0.07,0,0,20.2,0,0,0,0.1,0.1,0.03,-0.1,-0.1,Matches
407,Nathan Tella,eng ENG,"FW,MF",Southampton,21-185,1999,1.8,0,2,0,0,1.13,0,0,,22,0,0,0,0.1,0.1,0.07,-0.1,-0.1,Matches
408,Alex Telles,br BRA,DF,Manchester Utd,28-022,1992,4.8,0,3,1,33.3,0.63,0.21,0,0,19.2,0,0,0,0.1,0.1,0.04,-0.1,-0.1,Matches
409,Kenny Tete,nl NED,DF,Fulham,25-089,1995,1.4,0,0,0,,0,0,,,,0,0,0,0,0,,0,0,Matches
410,Luke Thomas,eng ENG,DF,Leicester City,,,3,0,2,1,50,0.67,0.33,0,0,16.7,0,0,0,0.1,0.1,0.04,-0.1,-0.1,Matches
411,Youri Tielemans,be BEL,MF,Leicester City,23-244,1997,16.4,4,21,8,38.1,1.28,0.49,0.1,0.25,23.1,2,2,2,3,1.5,0.07,1,0.5,Matches
412,Kieran Tierney,sco SCO,DF,Arsenal,23-215,1997,15.9,1,7,2,28.6,0.44,0.13,0.14,0.5,22.7,0,0,0,0.2,0.2,0.04,0.8,0.8,Matches
413,James Tomkins,eng ENG,DF,Crystal Palace,31-283,1989,2.3,0,0,0,,0,0,,,,0,0,0,0,0,,0,0,Matches
414,Fikayo Tomori,eng ENG,DF,Chelsea,23-018,1997,0.5,0,0,0,,0,0,,,,0,0,0,0,0,,0,0,Matches
415,Ferrán Torres,es ESP,FW,Manchester City,20-312,2000,6.3,2,17,7,41.2,2.69,1.11,0.12,0.29,15.5,0,0,0,2.5,2.5,0.15,-0.5,-0.5,Matches
416,Cenk Tosun,tr TUR,FW,Everton,29-213,1991,0.5,0,0,0,,0,0,,,,0,0,0,0,0,,0,0,Matches
417,Andros Townsend,eng ENG,MF,Crystal Palace,29-174,1991,12.4,1,15,6,40,1.21,0.49,0.07,0.17,22.1,0,0,0,0.8,0.8,0.05,0.2,0.2,Matches
418,Conor Townsend,eng ENG,DF,West Brom,27-308,1993,7.8,0,3,2,66.7,0.38,0.26,0,0,10.2,0,0,0,0.3,0.3,0.1,-0.3,-0.3,Matches
419,Adama Traoré,es ESP,"FW,DF",Wolves,24-347,1996,11.5,0,10,3,30,0.87,0.26,0,0,20.5,0,0,0,0.5,0.5,0.05,-0.5,-0.5,Matches
420,Bertrand Traoré,bf BFA,"FW,MF",Aston Villa,25-122,1995,6.8,3,19,8,42.1,2.8,1.18,0.16,0.38,15.4,1,0,0,2,2,0.1,1,1,Matches
421,Trézéguet,eg EGY,FW,Aston Villa,26-097,1994,8,0,22,6,27.3,2.77,0.75,0,0,13.3,0,0,0,2.5,2.5,0.12,-2.5,-2.5,Matches
422,Leandro Trossard,be BEL,"FW,MF",Brighton,26-033,1994,11.4,1,25,7,28,2.19,0.61,0.04,0.14,18.4,0,0,0,2.1,2.1,0.08,-1.1,-1.1,Matches
423,Axel Tuanzebe,eng ENG,DF,Manchester Utd,23-053,1997,0.6,0,0,0,,0,0,,,,0,0,0,0,0,,0,0,Matches
424,Cengiz Ünder,tr TUR,"MF,FW",Leicester City,23-176,1997,2.3,0,6,2,33.3,2.61,0.87,0,0,24.3,0,0,0,0.2,0.2,0.03,-0.2,-0.2,Matches
425,Yan Valery,fr FRA,MF,Southampton,21-319,1999,0.1,0,1,0,0,10,0,0,,35.2,0,0,0,0.2,0.2,0.15,-0.2,-0.2,Matches
426,Jamie Vardy,eng ENG,FW,Leicester City,33-361,1987,14.5,11,31,13,41.9,2.14,0.9,0.16,0.38,12.2,0,6,7,11.2,5.9,0.19,-0.2,-0.9,Matches
427,Joël Veltman,nl NED,DF,Brighton,28-357,1992,9.6,0,0,0,,0,0,,,,0,0,0,0,0,,0,0,Matches
428,Jannik Vestergaard,dk DEN,DF,Southampton,28-156,1992,12.5,3,9,5,55.6,0.72,0.4,0.33,0.6,11.8,0,0,0,0.6,0.6,0.06,2.4,2.4,Matches
429,Rúben Vinagre,pt POR,DF,Wolves,21-272,1999,1.9,0,0,0,,0,0,,,,0,0,0,0,0,,0,0,Matches
430,Carlos Vinícius,br BRA,FW,Tottenham,25-287,1995,0.2,0,2,1,50,11.25,5.63,0,0,15.2,0,0,0,0.1,0.1,0.06,-0.1,-0.1,Matches
431,Vitinha,pt POR,MF,Wolves,20-328,2000,1.9,0,2,1,50,1.03,0.51,0,0,16.4,0,0,0,0.1,0.1,0.05,-0.1,-0.1,Matches
432,Mat?j Vydra,cz CZE,FW,Burnley,28-250,1992,1.9,0,5,1,20,2.57,0.51,0,0,18,0,0,0,0.4,0.4,0.09,-0.4,-0.4,Matches
433,Theo Walcott,eng ENG,"MF,FW",Southampton,31-296,1989,11.2,2,21,8,38.1,1.88,0.71,0.1,0.25,20.4,0,0,0,2.1,2.1,0.1,-0.1,-0.1,Matches
434,Theo Walcott,eng ENG,FW,Everton,31-296,1989,0.1,0,0,0,,0,0,,,,0,0,0,0,0,,0,0,Matches
435,Kyle Walker,eng ENG,DF,Manchester City,30-223,1990,11,1,8,3,37.5,0.73,0.27,0.13,0.33,28.7,0,0,0,0.2,0.2,0.03,0.8,0.8,Matches
436,Kyle Walker-Peters,eng ENG,DF,Southampton,23-268,1997,17,0,8,3,37.5,0.47,0.18,0,0,20.5,0,0,0,0.2,0.2,0.03,-0.2,-0.2,Matches
437,Aaron Wan-Bissaka,eng ENG,DF,Manchester Utd,23-041,1997,14,1,3,2,66.7,0.21,0.14,0.33,0.5,17.2,0,0,0,0.3,0.3,0.1,0.7,0.7,Matches
438,Joel Ward,eng ENG,DF,Crystal Palace,31-069,1989,8,0,1,0,0,0.12,0,0,,25,0,0,0,0,0,0.04,0,0,Matches
439,James Ward-Prowse,eng ENG,MF,Southampton,26-066,1994,17,4,16,8,50,0.94,0.47,0.25,0.5,23.2,9,0,0,0.9,0.9,0.06,3.1,3.1,Matches
440,Ollie Watkins,eng ENG,FW,Aston Villa,25-007,1995,15,6,43,16,37.2,2.87,1.07,0.12,0.31,11.8,0,1,2,8.9,7.5,0.17,-2.9,-2.5,Matches
441,Adam Webster,eng ENG,DF,Brighton,26-002,1995,16,0,16,4,25,1,0.25,0,0,13.9,0,0,0,0.8,0.8,0.05,-0.8,-0.8,Matches
442,Danny Welbeck,eng ENG,FW,Brighton,30-041,1990,6.9,2,14,6,42.9,2.03,0.87,0.14,0.33,12.6,0,0,0,2.5,2.5,0.18,-0.5,-0.5,Matches
443,Timo Werner,de GER,FW,Chelsea,24-306,1996,15.1,4,40,16,40,2.65,1.06,0.1,0.25,13.6,0,0,0,6.6,6.6,0.16,-2.6,-2.6,Matches
444,Ashley Westwood,eng ENG,MF,Burnley,30-280,1990,15,1,6,3,50,0.4,0.2,0.17,0.33,20.6,0,0,0,0.3,0.3,0.04,0.7,0.7,Matches
445,Ben White,eng ENG,"DF,MF",Brighton,23-090,1997,15.5,0,1,0,0,0.06,0,0,,18.4,0,0,0,0,0,0.04,0,0,Matches
446,Georginio Wijnaldum,nl NED,MF,Liverpool,30-056,1990,15,1,14,4,28.6,0.93,0.27,0.07,0.25,15.2,1,0,0,2,2,0.14,-1,-1,Matches
447,Brandon Williams,eng ENG,DF,Manchester Utd,20-125,2000,0.1,0,0,0,,0,0,,,,0,0,0,0,0,,0,0,Matches
448,Neco Williams,wal WAL,DF,Liverpool,19-268,2001,1.9,0,1,0,0,0.52,0,0,,14.4,0,0,0,0.1,0.1,0.06,-0.1,-0.1,Matches
449,Rhys Williams,eng ENG,DF,Liverpool,19-338,2001,1.3,0,1,0,0,0.74,0,0,,10,0,0,0,0,0,0.04,0,0,Matches
450,Willian,br BRA,"FW,MF",Arsenal,32-150,1988,10,0,11,2,18.2,1.1,0.2,0,0,16.4,2,0,0,1.2,1.2,0.11,-1.2,-1.2,Matches
451,Joe Willock,eng ENG,MF,Arsenal,21-139,1999,2.6,0,4,0,0,1.52,0,0,,10.3,0,0,0,0.4,0.4,0.11,-0.4,-0.4,Matches
452,Callum Wilson,eng ENG,FW,Newcastle Utd,28-314,1992,13.7,8,21,7,33.3,1.53,0.51,0.19,0.57,10.9,0,4,4,7.3,4.3,0.2,0.7,-0.3,Matches
453,Harry Winks,eng ENG,MF,Tottenham,24-339,1996,5,0,1,0,0,0.2,0,0,,31.8,0,0,0,0,0,0.01,0,0,Matches
454,Chris Wood,nz NZL,FW,Burnley,29-030,1991,14.3,3,27,16,59.3,1.89,1.12,0.11,0.19,10.1,0,0,0,5.9,5.9,0.22,-2.9,-2.9,Matches
455,Granit Xhaka,ch SUI,MF,Arsenal,28-101,1992,11.1,1,10,2,20,0.9,0.18,0.1,0.5,23.5,5,0,0,0.6,0.6,0.06,0.4,0.4,Matches
456,Andriy Yarmolenko,ua UKR,"FW,MF",West Ham,31-075,1989,2.7,0,4,1,25,1.46,0.36,0,0,22.3,0,0,0,0.2,0.2,0.05,-0.2,-0.2,Matches
457,DeAndre Yedlin,us USA,DF,Newcastle Utd,27-181,1993,3.9,0,2,0,0,0.51,0,0,,23.2,0,0,0,0.1,0.1,0.03,-0.1,-0.1,Matches
458,Wilfried Zaha,ci CIV,FW,Crystal Palace,28-057,1992,14.9,8,34,11,32.4,2.28,0.74,0.18,0.55,14.7,0,2,2,5.4,3.8,0.11,2.6,2.2,Matches
459,Andre-Frank Zambo Anguissa,cm CMR,MF,Fulham,25-051,1995,13.3,0,15,1,6.7,1.13,0.08,0,0,21.2,0,0,0,1,1,0.06,-1,-1,Matches
460,Andi Zeqiri,ch SUI,"FW,DF",Brighton,21-198,1999,0.7,0,5,0,0,7.03,0,0,,12.9,0,0,0,0.3,0.3,0.06,-0.3,-0.3,Matches
461,Oleksandr Zinchenko,ua UKR,DF,Manchester City,24-022,1996,1.1,0,1,1,100,0.87,0.87,0,0,20,0,0,0,0.2,0.2,0.16,-0.2,-0.2,Matches
462,Hakim Ziyech,ma MAR,FW,Chelsea,27-293,1993,5,1,10,3,30,2,0.6,0.1,0.33,22,0,0,0,0.5,0.5,0.05,0.5,0.5,Matches
463,Kurt Zouma,fr FRA,DF,Chelsea,26-071,1994,15,4,14,7,50,0.93,0.47,0.29,0.57,10.9,0,0,0,0.9,0.9,0.07,3.1,3.1,Matches
